day,hour,3,4,5,6,7,8,9,10,11,13,14,15,16,17,18,19,20,21,22,23,24,25,26,28,30,33,34,35,36,37,41,42,43,44,45,46,48,50,58,59,62,63,64,66,67,76,79,81,84,85,86,90,96,97,98,99,100,106,107,109,112,119,120,121,122,123,125,148,149,150,158,159,162,164,169,170,172,173,174,175,177,178,179,180,181,182,183,184,185,186,188,189,190,191,192,193,194,195,196,197,198,199,200,201,208,209,210,211,212,214,218,220,221,222,224,227,230,232,233,235,240,243,244,245,246,247,248,275,276,277,278,279,280,281,282,286,287,304,305,307,309,310,311,312,313,314,316,317,318,321,323,324,327,total
0,0,2,0,0,3,0,0,0,0,0,0,0,0,0,0,0,0,0,0,0,0,0,1,0,0,0,0,0,0,0,0,0,0,0,2,0,0,0,0,0,0,0,0,0,0,0,0,0,1,0,0,0,0,0,0,0,0,0,0,0,0,0,0,0,0,0,0,0,0,0,0,0,0,0,0,0,0,0,0,0,0,0,0,0,1,0,0,0,0,0,0,0,1,0,0,0,0,0,0,0,0,0,0,0,1,0,0,0,0,1,0,0,0,0,0,0,0,0,0,0,0,1,0,0,1,0,0,0,0,0,0,0,0,0,0,0,0,0,0,0,1,0,0,0,0,0,0,0,0,0,4,3,0,0,23
0,1,0,0,0,0,0,0,0,0,0,1,0,0,0,0,0,0,0,0,0,0,0,0,0,0,0,0,0,0,0,0,0,0,0,0,0,0,0,0,0,1,1,0,0,0,0,0,0,0,0,0,0,0,0,0,0,0,0,0,0,0,0,0,0,0,0,0,0,0,0,0,0,0,0,0,0,0,0,0,0,0,0,0,0,0,0,0,0,1,0,0,0,0,0,0,0,0,0,0,0,0,0,0,0,0,0,0,0,0,0,0,0,0,0,0,0,0,0,0,0,0,0,0,0,0,0,0,0,0,0,0,0,0,0,0,0,0,0,0,0,0,0,0,0,0,0,0,0,1,0,0,0,0,0,5
0,2,0,0,0,0,0,0,0,0,1,0,0,0,0,0,0,0,0,0,0,0,0,0,0,0,0,0,0,0,0,2,1,0,0,0,0,0,0,0,0,0,0,0,0,0,0,0,0,0,0,0,0,0,0,0,0,0,0,0,0,0,0,0,0,0,0,0,0,0,0,0,0,0,0,0,0,0,0,0,0,0,0,0,0,0,0,0,0,0,0,0,0,0,0,0,0,0,0,0,0,0,0,0,0,0,0,0,0,0,0,0,0,0,0,0,0,0,0,0,0,0,0,0,0,0,0,0,0,0,0,0,0,0,0,0,0,0,0,0,0,0,0,0,0,0,0,0,0,0,0,1,0,0,0,5
0,3,0,0,0,0,0,0,0,0,0,0,0,0,0,1,0,0,0,0,0,0,0,0,0,0,1,0,0,0,0,0,0,0,0,0,0,0,0,0,0,0,0,0,0,0,0,0,0,0,0,0,0,0,0,0,0,0,0,0,0,0,0,0,0,0,0,0,0,0,0,0,0,0,0,0,0,0,0,0,0,0,0,0,0,0,0,0,0,0,0,0,0,0,0,0,0,0,0,0,0,0,0,0,0,0,0,0,0,0,0,0,0,0,0,0,0,0,0,0,0,0,0,0,0,0,0,0,0,0,0,0,0,0,0,0,0,0,0,0,0,0,0,0,0,0,0,0,0,0,0,0,1,0,0,3
0,4,0,0,0,0,0,0,0,0,0,0,0,0,0,0,0,1,0,0,0,0,1,0,0,0,1,0,0,0,0,1,0,0,0,0,0,0,1,0,2,0,0,0,0,0,0,0,0,0,0,0,0,0,0,0,0,0,0,0,0,0,0,0,0,0,0,0,0,0,0,0,0,0,0,0,0,0,0,0,0,0,0,0,0,0,1,0,0,0,0,1,0,0,0,0,0,0,0,0,0,1,0,0,0,0,0,0,0,0,0,0,0,0,0,0,0,0,0,0,0,0,0,0,0,0,0,0,0,0,0,0,0,0,0,0,0,0,0,0,0,0,0,0,0,0,0,0,0,0,0,0,0,0,0,10
0,5,0,0,0,0,0,0,0,0,2,0,0,1,0,2,0,0,2,0,1,0,1,1,0,0,1,0,0,0,0,2,0,0,0,0,0,0,2,0,5,0,0,0,0,0,0,0,0,2,0,0,0,0,0,0,0,0,0,1,0,0,0,0,0,0,0,0,0,0,0,0,0,0,0,0,0,0,0,0,0,0,0,0,0,0,1,0,0,0,0,1,0,0,0,0,0,0,0,0,1,0,0,0,0,0,0,0,0,1,1,0,0,0,0,0,0,0,0,0,0,0,0,0,0,0,0,0,0,0,0,0,0,0,0,0,0,0,0,0,0,0,0,0,0,0,0,0,0,0,0,0,0,5,0,33
0,6,1,0,8,4,0,0,1,0,0,0,0,10,3,1,0,0,6,2,14,5,2,2,9,1,11,0,2,0,0,2,0,0,0,1,2,0,1,4,7,2,1,0,0,1,10,1,0,4,1,0,1,7,2,0,2,0,0,0,0,0,0,0,0,0,0,0,0,0,0,0,0,0,0,0,0,0,0,0,0,0,0,0,1,1,0,0,0,0,1,0,0,0,0,0,0,0,0,1,0,0,0,0,1,1,0,0,1,1,0,0,0,0,0,0,0,0,0,0,1,0,0,0,1,0,0,0,0,0,0,0,0,0,0,0,0,0,0,1,0,0,0,0,1,0,0,0,0,0,0,1,12,7,0,163
0,7,3,0,8,12,4,0,5,1,1,0,1,48,5,16,0,5,2,8,31,1,8,2,3,8,92,0,0,0,1,8,1,2,1,8,2,0,9,9,9,8,2,0,1,4,34,7,0,21,5,1,0,9,2,0,5,0,0,0,0,1,0,1,0,0,3,0,3,0,0,0,0,0,1,0,0,0,0,0,0,0,0,1,3,10,0,1,1,0,1,0,0,0,0,0,7,0,0,3,4,2,0,0,2,0,0,0,1,2,0,1,0,0,0,0,0,0,0,0,1,0,1,3,1,0,0,1,0,0,2,0,0,0,0,0,0,1,0,0,3,0,0,0,3,2,0,2,0,2,0,2,7,9,0,501
0,8,7,4,15,16,0,1,3,4,4,2,0,107,31,22,0,2,11,37,92,14,8,4,5,21,99,1,0,1,3,8,20,10,1,22,3,0,4,13,32,8,3,0,1,4,112,5,1,37,3,4,4,13,6,0,7,1,0,2,4,7,4,2,2,0,0,0,1,0,0,1,0,0,0,0,1,1,3,2,0,2,1,2,5,4,1,1,0,0,1,4,2,2,0,1,0,2,0,6,2,1,0,0,1,0,1,1,2,0,1,2,0,1,0,0,0,0,0,0,4,1,0,1,0,0,0,0,0,0,0,0,0,0,0,0,0,1,0,0,0,0,1,0,3,9,0,1,1,0,0,10,18,11,0,973
0,9,12,7,17,17,2,6,7,7,5,1,3,62,33,22,3,3,9,48,44,13,10,4,5,12,56,0,0,0,3,8,5,4,1,12,5,0,6,19,22,11,3,0,3,22,89,1,1,24,7,6,6,20,2,4,11,1,2,2,4,5,2,1,0,2,1,0,2,0,0,0,0,0,0,1,0,0,2,0,0,1,1,1,1,3,1,1,0,0,1,2,1,0,0,0,0,1,0,3,1,1,0,0,2,0,0,0,1,5,0,0,0,0,0,0,0,0,0,1,4,0,1,0,0,1,0,0,1,0,0,0,0,1,0,0,0,0,0,1,0,0,0,0,1,5,0,0,0,0,0,8,12,9,0,800
0,10,3,6,4,16,0,3,0,6,4,1,4,24,6,11,0,5,3,19,4,6,1,3,4,5,10,0,2,0,2,2,2,0,0,3,3,0,3,3,14,8,3,3,0,9,23,1,0,8,1,3,0,8,0,0,2,0,1,0,1,3,0,1,1,0,3,0,1,0,0,0,0,1,0,1,2,0,1,0,0,1,0,0,1,0,0,0,0,0,4,3,0,1,0,0,0,2,0,1,0,1,1,0,3,1,1,0,2,0,0,0,0,0,0,0,0,0,0,0,0,2,0,2,0,1,0,0,0,0,0,0,0,2,2,0,0,0,0,0,0,0,0,0,0,0,0,2,0,0,0,5,8,6,0,319
0,11,14,0,11,15,1,2,5,0,4,5,5,16,7,6,0,8,13,14,6,10,1,11,0,9,5,0,0,1,0,3,4,14,0,5,2,1,8,3,7,5,1,1,0,9,4,1,0,6,3,1,1,6,3,1,2,0,0,1,2,1,2,1,0,1,0,0,2,0,2,0,0,0,2,0,0,0,0,0,0,2,1,0,1,1,0,0,0,0,0,0,0,0,0,0,0,0,1,0,2,0,1,0,0,0,0,1,2,0,0,0,0,0,0,0,0,0,0,0,0,0,1,0,1,0,0,0,1,2,2,0,0,0,0,0,0,0,0,1,0,0,0,0,0,0,0,0,1,0,0,3,0,8,0,306
0,12,11,9,9,20,2,14,5,5,5,2,6,17,6,9,0,6,10,10,3,8,4,9,0,6,4,1,0,0,6,5,2,7,0,3,4,0,7,11,8,6,0,5,0,11,3,1,1,7,4,2,2,4,1,2,4,0,0,0,0,3,1,0,0,1,1,0,0,0,0,0,0,0,0,0,0,0,0,0,2,0,0,2,1,0,3,1,1,1,2,2,1,2,0,0,0,1,0,1,0,0,4,0,0,2,0,0,0,0,2,0,1,0,0,0,0,0,0,0,0,0,0,0,0,0,2,0,0,1,0,0,1,1,1,0,0,0,0,2,0,0,1,1,0,0,0,1,0,0,0,2,5,3,0,343
0,13,25,1,9,20,1,21,4,4,7,4,4,27,4,6,0,4,10,9,10,13,2,4,2,13,0,0,0,0,2,4,1,1,0,6,0,1,6,14,5,8,0,3,1,4,3,2,1,4,2,0,3,1,1,2,1,0,0,0,0,5,2,0,1,0,1,0,1,0,0,5,1,0,2,0,0,0,0,1,0,0,2,1,0,0,2,2,0,2,0,2,0,0,0,1,0,0,0,1,1,1,0,2,1,2,0,0,0,4,0,0,0,0,0,0,0,0,0,0,2,0,1,0,0,6,0,3,2,0,0,0,0,0,0,1,0,0,0,0,0,0,0,0,0,0,0,1,0,0,0,1,3,6,0,349
0,14,17,2,10,12,3,9,1,2,3,1,10,17,4,2,0,1,4,9,5,2,3,7,0,2,5,0,0,0,5,2,2,5,0,3,4,1,14,11,6,5,3,2,0,9,2,0,4,5,0,0,2,10,0,0,1,0,0,1,3,3,2,0,0,0,0,0,1,0,0,0,0,1,1,0,0,0,1,0,0,1,2,0,2,0,1,1,1,1,1,2,0,0,0,0,0,0,0,0,2,2,2,0,2,0,0,0,1,0,1,0,0,0,1,0,0,0,0,0,0,0,1,0,0,1,1,0,0,1,1,1,0,0,1,0,0,1,0,0,2,0,1,0,0,1,0,1,0,0,0,2,5,6,1,290
0,15,17,4,4,26,0,9,4,5,1,6,9,17,9,9,1,6,20,12,9,7,9,11,2,1,5,0,0,0,3,4,4,1,0,5,10,0,2,19,16,5,1,4,0,8,3,3,0,14,2,2,4,11,2,0,3,0,1,1,0,5,0,0,0,0,6,0,0,2,0,1,1,1,0,0,1,0,2,2,1,4,0,0,1,1,1,3,0,0,2,7,0,0,0,0,0,0,0,0,2,1,0,0,0,1,0,0,0,1,0,0,0,0,4,0,0,0,0,0,2,0,2,1,1,0,1,2,1,0,0,0,0,0,0,0,0,0,0,0,0,0,0,1,1,0,0,1,0,0,0,1,6,9,0,410
0,16,18,1,7,44,2,10,14,5,13,25,17,34,7,20,0,14,12,19,14,22,19,31,5,8,7,0,0,0,3,12,7,4,0,7,12,1,25,24,25,11,1,2,1,12,6,3,2,10,1,2,2,29,1,1,3,0,2,2,1,2,2,1,0,1,1,0,0,0,0,1,2,0,1,0,1,2,3,0,0,0,0,0,2,0,1,3,2,7,0,0,0,0,0,0,0,2,1,0,2,2,0,0,0,2,2,0,2,1,1,0,1,0,0,0,0,0,0,2,2,0,1,0,0,4,0,0,2,0,0,0,2,0,0,0,2,0,0,0,0,0,0,0,1,1,0,2,0,0,0,0,5,9,0,661
0,17,36,1,25,64,4,21,29,4,12,23,24,29,27,24,0,26,35,31,21,32,28,31,6,7,37,1,1,0,16,29,10,4,0,10,29,0,45,65,32,23,3,6,2,18,23,2,2,41,1,0,4,42,2,0,5,2,2,1,2,3,5,0,0,1,2,0,1,1,1,0,1,0,1,0,0,0,3,0,0,0,2,2,0,0,5,12,3,3,0,4,0,0,1,0,0,0,0,5,1,0,3,3,0,10,0,0,1,1,1,1,1,0,0,0,0,0,1,2,0,0,2,7,0,0,2,0,0,0,0,0,0,1,0,0,0,0,2,0,0,0,5,2,0,4,2,6,0,0,0,15,9,5,0,1143
0,18,37,1,15,33,11,14,17,2,7,11,6,17,18,15,1,7,19,31,14,21,18,23,4,8,27,3,0,0,12,20,6,3,1,14,9,1,19,23,44,11,4,5,3,15,20,5,2,18,0,0,5,19,2,2,8,0,1,3,1,2,5,0,1,2,1,0,1,1,0,2,0,0,3,0,1,1,1,1,0,1,4,2,0,0,6,12,2,2,0,3,0,0,1,3,0,0,0,1,1,0,1,1,2,5,0,0,0,3,0,0,0,0,1,0,0,0,0,0,0,0,2,1,1,3,1,0,0,0,0,0,0,0,0,0,0,1,0,0,0,0,1,1,0,7,1,1,0,1,0,4,10,5,0,769
0,19,12,4,8,18,1,5,4,2,4,7,2,14,4,7,0,5,3,8,6,8,12,9,0,5,15,0,0,1,1,7,0,1,0,5,7,0,7,5,14,10,1,4,1,10,19,4,1,7,2,1,1,7,2,2,5,2,0,2,0,4,2,1,0,0,1,0,2,0,2,0,0,0,3,0,0,0,2,0,0,2,1,2,0,0,4,10,1,3,0,0,0,0,1,0,0,2,1,0,1,1,0,8,0,8,0,1,0,1,1,0,1,0,0,0,0,0,0,0,0,0,2,3,3,5,3,3,1,6,0,1,0,0,0,0,0,0,0,1,0,0,0,1,1,1,0,0,1,3,0,2,5,9,0,409
0,20,9,1,8,10,0,0,2,0,0,0,2,5,2,1,0,0,0,8,2,3,5,2,0,1,3,0,0,0,1,5,4,4,0,5,2,0,2,4,7,4,2,0,1,1,5,0,0,7,3,0,2,3,0,0,0,0,1,2,0,1,0,0,0,1,0,2,1,0,0,0,1,0,1,0,0,1,0,0,0,1,0,2,3,1,4,7,1,0,1,3,0,1,3,0,0,0,0,1,2,2,1,1,0,3,0,0,2,1,0,0,0,1,0,0,0,0,0,0,0,0,2,1,0,1,0,0,0,0,0,0,0,0,0,0,0,0,0,0,0,0,0,0,7,2,0,0,2,0,6,2,2,3,0,206
0,21,5,1,3,7,1,4,0,1,3,2,1,1,3,2,0,5,1,3,4,2,0,2,0,0,0,0,0,0,3,1,2,0,0,2,2,0,1,4,1,1,0,0,0,3,3,0,0,1,0,0,1,3,0,1,1,1,0,1,1,2,1,0,0,0,4,0,0,0,0,0,1,0,0,0,0,0,1,0,0,2,0,1,2,1,1,7,3,0,0,0,0,0,3,0,0,0,0,2,2,0,0,0,2,0,0,0,0,2,0,0,0,0,0,0,0,0,0,0,0,0,2,1,0,0,0,0,0,0,0,0,0,0,0,0,0,0,0,0,0,0,0,0,0,0,0,6,0,0,0,1,1,1,0,133
0,22,2,0,1,0,0,0,2,1,0,1,0,4,0,2,0,1,1,0,0,1,1,2,0,0,1,0,0,0,0,1,0,2,0,1,5,0,2,4,1,0,0,0,1,4,2,0,0,4,0,0,0,0,0,1,0,0,0,0,0,2,0,0,0,1,1,0,0,0,0,0,0,0,0,0,0,0,0,0,0,0,0,0,1,0,1,3,0,0,0,0,0,0,0,0,0,0,0,0,0,0,0,1,0,1,0,0,0,0,0,0,0,0,0,0,0,2,0,0,0,0,3,0,0,0,0,0,0,0,0,0,0,0,0,0,0,0,0,0,0,0,0,0,0,0,0,0,0,0,0,0,2,9,0,75
0,23,3,0,0,0,0,1,0,0,0,0,0,3,0,1,0,1,0,1,0,0,0,0,0,0,0,0,0,0,0,0,1,0,0,0,0,0,0,0,0,1,0,0,0,3,1,0,0,1,1,0,0,1,0,0,0,0,0,0,0,0,0,0,0,0,1,0,0,0,0,0,0,0,0,0,0,0,0,0,0,0,0,0,0,0,0,1,0,2,0,0,0,0,0,0,0,0,0,0,0,0,0,0,0,0,0,0,0,0,0,0,0,0,0,0,0,1,0,0,0,0,0,0,0,0,0,0,0,0,0,0,0,0,0,0,0,0,0,0,0,0,0,0,0,0,0,0,0,0,0,0,0,0,0,24
1,0,1,0,1,0,0,0,0,0,0,0,2,1,0,0,0,0,0,2,0,0,0,0,0,1,0,0,0,0,0,0,0,0,0,0,1,0,0,0,0,0,0,0,0,0,0,0,0,1,0,0,0,0,0,0,0,0,0,0,0,0,0,0,0,0,0,0,0,0,0,0,0,0,0,0,0,0,0,0,0,0,0,0,1,0,0,0,0,0,0,0,0,0,0,0,0,0,0,0,0,0,0,0,0,0,0,0,0,0,0,0,0,0,0,0,0,0,0,0,0,0,0,0,0,0,0,0,0,0,0,0,0,0,0,0,0,0,0,0,0,0,0,3,0,0,0,0,0,0,0,0,2,3,0,19
1,1,0,0,0,0,0,0,0,0,0,0,0,0,0,0,0,0,0,0,0,0,0,0,0,0,0,0,0,0,0,0,0,0,0,0,0,0,0,0,0,0,0,0,0,1,0,0,0,0,0,0,0,0,0,0,0,0,0,0,0,0,0,0,0,0,0,0,0,0,0,0,0,0,0,0,0,0,0,0,0,0,0,0,0,0,0,0,0,0,0,0,0,0,0,0,0,0,0,0,0,0,0,0,0,0,0,0,0,0,0,0,0,2,0,0,0,0,0,0,0,0,0,0,0,0,0,0,0,0,0,0,0,0,0,0,0,0,0,0,0,0,0,0,0,0,0,0,0,0,0,0,0,3,0,6
1,2,4,0,0,0,0,0,0,0,0,0,0,0,0,0,0,0,0,0,0,0,0,0,0,0,0,0,0,0,0,0,0,0,0,0,1,0,0,0,0,0,0,0,0,0,0,0,0,0,0,0,0,0,0,0,0,0,0,0,0,0,0,0,0,0,0,0,0,0,0,0,0,0,0,0,0,0,0,0,0,0,0,0,0,0,0,0,0,0,0,0,0,0,0,0,0,0,0,0,0,0,0,0,0,0,0,0,0,0,0,0,0,0,0,0,0,0,0,0,0,0,0,0,1,1,0,0,0,0,0,0,0,0,0,0,0,0,0,0,0,0,0,0,0,0,0,0,0,0,0,0,0,0,0,7
1,3,2,0,0,0,0,0,0,0,0,0,0,0,0,0,0,0,0,0,0,0,0,0,0,0,0,0,0,0,0,0,0,0,0,0,0,0,0,0,0,0,0,0,0,0,0,0,0,0,0,0,0,0,0,0,0,0,0,0,0,0,0,0,0,0,0,0,0,0,0,0,0,0,0,0,0,0,0,0,0,0,0,0,0,0,0,0,0,0,0,0,0,0,0,0,0,0,0,0,0,0,0,0,0,0,0,0,0,0,0,0,0,0,0,0,0,0,0,0,0,0,0,0,0,1,0,0,1,0,0,0,0,0,0,0,0,0,0,0,0,0,0,0,0,0,0,0,0,0,0,0,0,0,0,4
1,4,0,0,0,0,0,0,0,0,1,0,0,0,0,0,0,0,0,0,0,0,0,0,0,0,0,0,0,0,0,2,0,0,0,1,0,0,0,0,0,0,0,0,0,0,0,0,0,0,0,0,0,0,0,0,0,0,0,0,0,0,0,0,0,0,0,0,0,0,0,0,0,0,0,0,0,0,0,0,0,0,0,0,0,0,0,0,0,0,0,0,0,0,0,0,0,0,0,1,0,0,0,0,0,0,0,0,0,0,0,0,0,0,0,0,0,0,0,0,0,0,0,0,0,0,0,0,0,0,0,0,0,0,0,0,0,0,0,0,0,0,0,0,0,0,0,0,0,0,0,0,0,0,0,5
1,5,1,0,0,0,1,0,0,0,0,0,0,1,0,2,0,0,0,0,0,0,0,0,0,0,1,0,0,0,0,0,0,0,0,1,0,0,2,0,6,0,0,0,1,0,0,0,0,2,0,0,0,0,0,0,0,0,0,0,0,0,0,0,0,0,0,0,0,0,0,0,0,0,0,0,0,0,0,0,0,0,0,0,0,0,0,0,0,0,0,0,0,0,0,0,0,0,0,0,0,0,0,0,0,0,0,0,0,0,0,0,0,0,0,0,0,0,0,0,0,0,0,0,0,0,0,0,0,0,0,0,0,0,0,0,0,0,0,0,0,0,0,0,0,0,0,0,0,0,0,1,0,4,0,23
1,6,0,0,4,3,0,0,1,0,0,0,0,9,2,4,0,1,3,0,14,0,4,2,5,1,9,0,1,0,0,1,0,0,0,0,4,0,0,0,5,2,0,0,0,1,5,0,0,7,1,0,0,5,0,0,0,0,1,0,1,0,0,0,0,0,0,0,0,0,0,0,0,0,0,0,0,0,0,0,0,0,0,0,1,1,0,0,0,0,2,1,0,1,0,0,0,0,0,0,0,0,0,0,0,0,0,0,0,0,0,0,0,0,0,0,0,0,0,0,0,0,0,0,0,0,1,0,0,0,0,0,0,0,0,0,0,0,0,1,0,0,0,0,1,0,0,0,0,0,0,1,5,5,0,116
1,7,4,2,8,9,0,2,2,0,2,0,2,34,7,10,0,1,1,8,25,2,7,2,1,6,56,2,1,0,0,7,1,2,0,6,1,0,5,7,6,10,0,0,0,3,20,2,0,12,1,0,1,10,1,1,3,0,0,2,2,1,2,0,0,0,2,0,0,0,0,0,0,0,0,0,0,1,2,0,0,3,0,0,2,5,0,2,0,0,0,0,0,2,1,0,0,0,0,4,2,0,1,0,6,0,0,1,1,1,0,1,0,0,1,0,0,0,0,0,2,0,1,1,0,0,0,0,0,0,1,0,0,0,0,0,0,0,0,0,2,0,0,0,0,1,0,0,0,1,0,1,5,4,0,357
1,8,3,3,12,18,0,2,5,0,5,3,2,70,25,21,0,5,4,31,53,10,7,5,5,10,75,1,0,1,4,4,8,5,0,12,3,0,5,9,21,12,2,0,2,5,69,6,0,32,2,4,4,11,1,0,2,1,0,0,6,10,3,0,0,0,2,0,0,1,1,1,0,0,0,0,0,1,2,0,0,2,1,0,2,4,3,2,0,0,1,1,0,0,2,2,0,0,0,2,0,0,1,0,1,1,0,0,1,3,3,1,0,1,0,0,0,0,0,0,6,0,1,1,0,0,0,1,1,0,0,0,0,0,0,0,0,0,0,0,0,1,0,0,1,4,0,2,1,0,0,10,15,5,0,710
1,9,7,5,5,14,1,4,2,6,3,3,6,29,31,15,0,7,7,37,31,4,12,4,1,5,43,2,0,1,2,7,5,3,0,9,6,0,6,12,24,9,2,1,2,17,74,0,0,13,6,7,4,9,0,2,12,0,1,3,3,6,1,0,0,0,3,0,0,0,0,0,0,0,0,0,1,0,2,0,0,3,1,0,1,2,0,0,0,2,1,1,0,0,0,0,0,0,0,0,1,0,1,0,0,0,0,1,0,0,0,0,0,0,0,0,0,0,0,0,0,0,0,0,0,0,0,0,0,0,0,1,0,0,1,0,0,1,0,0,0,1,2,0,1,1,0,2,0,0,0,10,3,5,0,579
1,10,11,2,4,10,0,3,0,4,4,2,4,14,7,9,0,1,1,8,4,5,1,5,3,7,6,2,0,0,2,6,5,2,0,4,1,0,1,6,11,6,2,0,1,3,15,1,0,7,6,0,3,6,0,1,1,0,0,0,0,1,1,0,0,0,0,0,0,0,0,2,0,0,1,0,1,1,0,0,1,1,1,0,0,0,0,3,0,1,0,1,1,0,0,0,0,0,0,1,0,0,0,0,0,0,0,1,1,0,0,0,0,0,0,0,0,0,0,0,2,0,0,0,0,0,0,0,0,0,0,0,0,0,0,0,0,0,1,0,0,1,0,0,0,0,0,0,0,0,0,1,8,6,0,245
1,11,3,6,8,9,2,12,2,0,2,1,3,10,7,1,0,3,2,9,2,3,6,1,3,3,5,2,0,0,1,3,1,6,0,9,1,0,3,1,8,5,1,0,0,10,7,0,0,6,1,2,1,9,1,0,6,0,0,1,0,1,1,0,0,0,0,0,0,0,1,0,0,0,3,0,0,0,0,0,0,0,1,1,0,1,2,2,2,0,1,2,0,0,0,0,0,0,0,0,0,0,1,0,0,1,0,0,0,0,0,0,0,0,0,0,0,0,0,0,1,0,1,1,0,0,0,0,1,0,0,1,0,0,0,0,0,0,0,4,0,0,1,0,0,0,0,0,0,0,0,3,1,4,0,226
1,12,2,2,6,10,10,8,5,0,5,4,4,18,4,5,0,6,4,13,4,9,4,5,1,6,1,0,0,0,9,3,1,9,0,8,1,0,8,5,6,12,1,1,0,3,1,0,0,3,2,1,2,4,0,0,2,0,0,0,0,1,2,0,0,0,1,0,0,0,2,0,0,0,2,0,0,0,0,0,0,0,2,1,0,2,4,1,3,2,0,3,0,0,0,0,0,0,0,1,0,0,6,0,0,3,1,0,0,3,2,0,0,0,0,0,0,0,0,1,1,0,0,0,0,0,2,0,2,0,0,0,0,0,0,0,0,0,0,0,0,0,2,1,0,0,1,1,0,0,1,2,3,9,0,286
1,13,10,2,7,23,1,3,4,2,3,2,5,10,6,8,0,7,2,10,5,3,6,7,1,7,2,0,0,0,3,4,4,3,0,3,3,0,0,7,4,5,2,4,0,3,2,1,0,15,0,1,1,5,0,0,3,1,2,0,0,2,1,0,0,0,0,0,0,0,0,0,0,0,2,0,0,0,0,0,0,1,0,1,0,0,5,1,0,0,0,2,0,1,0,0,0,0,0,1,0,0,2,0,0,0,0,0,0,1,1,0,0,2,0,0,0,0,1,3,0,0,1,2,0,0,0,0,0,0,0,0,0,0,0,0,0,0,0,0,1,0,0,0,4,0,0,0,1,0,0,1,5,2,0,256
1,14,14,1,9,15,3,10,1,2,0,6,4,28,7,2,0,7,2,6,3,5,4,7,0,2,1,0,0,0,6,2,1,4,0,3,3,0,4,1,8,4,3,0,0,2,4,2,0,7,0,0,0,6,0,0,2,0,0,0,0,1,1,0,0,0,0,0,0,0,0,2,0,1,0,0,1,0,2,0,0,1,1,1,0,0,0,2,0,0,3,0,0,0,0,0,0,0,0,1,1,0,1,1,0,0,0,0,1,1,3,0,0,0,0,0,0,0,0,0,0,0,1,1,0,0,1,0,0,1,0,0,0,0,0,0,0,0,0,0,0,1,1,1,0,0,0,1,0,0,0,2,9,4,0,249
1,15,7,0,14,22,2,6,1,2,1,11,3,16,5,5,0,3,10,18,3,5,5,10,2,6,3,1,0,0,3,1,0,5,0,4,1,0,4,11,4,4,1,2,0,3,2,2,0,7,0,1,2,12,0,0,1,1,0,0,0,0,3,0,0,0,3,0,0,0,1,0,1,0,2,0,0,0,1,0,0,0,0,0,1,3,2,2,0,0,0,1,0,0,0,0,0,0,0,1,0,0,0,1,0,2,0,0,0,1,2,0,0,0,0,0,0,0,0,0,0,0,2,0,1,0,1,1,0,0,0,0,0,0,0,0,0,0,0,0,0,0,0,0,3,1,1,0,0,0,0,3,1,1,0,274
1,16,9,1,14,19,2,22,6,6,10,14,13,26,10,13,1,10,9,19,8,16,13,23,1,8,3,0,0,0,3,17,3,1,0,8,6,0,24,35,16,7,2,1,0,6,3,4,0,10,0,0,0,19,2,0,0,0,0,1,0,0,0,0,0,0,0,0,0,1,0,3,1,1,3,0,0,0,1,0,0,2,0,0,2,1,15,3,0,1,0,2,0,0,0,0,0,0,0,0,1,2,1,0,2,5,1,1,1,1,1,0,6,0,0,0,0,0,0,0,0,0,1,0,0,0,0,3,0,0,0,0,0,0,0,0,0,0,0,0,1,0,0,0,1,2,1,0,1,0,0,1,1,6,1,521
1,17,21,2,15,43,6,15,19,3,18,12,14,32,19,16,0,15,24,27,12,27,16,19,3,8,28,2,1,0,5,13,10,5,0,6,14,0,34,38,20,16,2,6,2,13,18,2,0,36,3,0,0,32,1,0,0,1,2,0,0,0,1,0,0,0,1,0,0,1,0,0,0,0,0,0,0,0,3,0,3,0,3,0,1,3,5,6,5,3,1,2,0,0,2,0,0,0,0,0,0,0,4,1,0,2,1,1,0,1,1,0,0,0,0,0,0,0,1,1,1,0,5,2,0,1,3,0,0,1,0,0,0,0,0,1,0,0,0,0,0,1,2,0,0,3,1,1,0,0,0,3,8,8,0,790
1,18,22,2,14,27,11,15,11,9,13,9,4,16,13,8,1,11,12,13,12,11,9,21,1,6,24,0,0,0,8,10,0,10,0,6,15,0,22,10,18,7,4,6,0,8,10,0,0,15,2,0,0,15,0,0,1,2,3,0,0,0,1,0,0,0,2,0,0,0,2,0,0,0,3,0,0,0,0,0,0,0,4,0,1,3,3,12,3,1,0,1,0,2,1,0,1,0,0,0,1,0,2,3,0,4,0,1,1,0,0,0,0,0,0,0,0,0,0,1,1,0,2,5,1,2,1,0,1,0,0,0,0,0,0,0,0,0,0,0,0,1,1,1,0,8,0,1,0,0,0,4,8,6,0,563
1,19,10,4,2,12,2,7,8,5,5,3,4,12,3,4,0,5,6,12,2,6,13,4,1,7,8,0,0,0,2,7,1,2,0,3,4,0,6,5,15,5,0,1,0,2,6,1,0,6,1,0,2,11,0,0,5,1,1,2,2,1,0,0,0,0,0,0,0,0,0,0,0,1,0,0,2,2,1,0,0,1,1,0,0,0,3,4,4,1,0,2,0,1,0,0,0,1,0,1,0,1,2,1,2,1,0,0,0,1,1,0,0,0,0,0,0,0,0,2,3,0,4,1,2,2,2,1,1,0,2,2,0,0,0,0,0,0,0,0,0,0,0,0,0,2,1,0,0,0,0,2,2,4,0,304
1,20,7,7,7,17,2,3,2,0,4,0,1,8,5,1,0,3,2,3,1,6,2,3,1,2,5,0,0,0,2,4,4,0,0,0,2,0,5,5,12,1,1,0,0,4,2,0,0,5,3,1,0,4,1,1,2,0,1,1,0,1,0,0,0,0,1,0,0,0,0,1,1,0,0,0,2,0,1,1,0,0,0,1,2,0,4,1,3,0,0,2,0,1,1,0,0,0,0,0,0,1,0,4,0,0,0,0,0,1,2,0,0,0,0,0,0,0,0,0,0,0,1,1,0,1,0,0,0,0,0,0,0,0,0,0,0,0,0,0,0,0,0,0,1,0,0,0,0,0,0,4,3,5,0,200
1,21,6,0,3,8,0,0,2,0,0,0,4,14,1,2,0,4,1,1,6,3,3,2,0,2,3,0,0,0,2,1,0,0,0,2,0,0,1,7,1,2,1,1,0,1,4,1,0,0,0,1,1,2,0,0,0,3,0,0,0,0,0,0,0,0,0,0,0,2,0,0,1,0,1,0,1,0,0,0,1,1,0,1,0,4,1,1,1,0,1,3,0,1,0,0,0,3,0,2,0,1,0,0,0,0,0,0,0,0,0,0,0,0,0,0,0,0,0,0,0,0,2,0,1,0,0,2,0,0,0,0,0,0,0,0,0,0,0,0,0,0,0,0,0,0,0,1,0,0,0,0,1,2,0,131
1,22,0,1,3,6,3,13,5,1,0,2,0,4,1,0,0,1,0,1,0,0,1,0,0,0,0,0,0,0,3,1,0,0,0,0,1,0,2,10,2,1,0,1,0,1,3,1,0,3,0,0,0,1,0,1,0,1,0,0,0,0,1,0,0,0,0,0,0,1,0,0,0,0,0,0,0,1,1,0,0,0,0,0,0,0,0,2,1,1,0,1,0,0,0,0,0,0,0,0,0,0,0,0,0,1,0,0,0,1,0,0,0,1,0,0,0,0,0,0,0,0,0,0,0,0,0,1,0,0,0,0,0,0,1,0,0,0,0,0,0,0,0,0,0,1,0,0,0,0,0,1,3,1,0,94
1,23,0,0,0,3,2,0,0,0,0,0,0,4,0,0,0,2,0,3,0,1,0,0,0,0,0,0,0,0,0,1,0,1,0,1,0,0,4,0,2,0,0,0,0,1,1,0,0,2,0,0,0,0,0,0,1,0,1,0,0,2,0,0,0,0,0,0,0,0,0,0,0,0,0,0,0,0,0,0,0,0,0,0,0,0,0,1,0,1,0,0,0,0,0,0,0,0,0,0,0,0,0,0,0,1,0,0,0,0,0,0,0,0,0,0,0,0,0,0,0,0,0,0,0,0,0,0,0,0,0,0,0,0,0,0,5,0,0,0,0,0,0,0,0,0,0,0,0,0,0,0,0,1,1,42
2,0,0,0,0,0,0,1,1,0,0,1,0,0,0,0,0,0,2,0,0,0,0,0,0,0,0,0,0,0,0,0,0,0,0,0,0,0,0,0,0,0,1,0,0,1,0,0,0,0,0,0,0,0,0,0,0,1,0,0,0,0,0,0,0,0,0,0,0,0,0,0,0,0,0,0,0,0,0,0,0,0,0,0,1,0,0,0,0,0,0,0,0,0,0,0,0,0,0,0,0,0,0,0,0,0,0,0,0,0,0,0,0,0,0,0,0,0,0,0,0,0,0,0,0,0,0,0,0,0,0,0,0,0,0,0,0,0,0,0,0,0,0,0,0,0,0,0,0,0,0,0,0,3,0,12
2,1,0,0,0,0,0,0,0,0,0,0,1,0,0,0,0,0,0,0,0,0,0,0,0,0,0,0,0,0,0,0,0,0,0,0,0,0,0,0,0,0,0,0,0,0,0,0,0,0,0,1,0,0,0,0,0,0,0,0,0,1,0,0,0,0,0,0,0,0,0,0,1,0,0,0,0,0,0,0,0,0,0,0,0,0,0,0,0,0,0,0,0,0,0,0,0,0,0,0,0,0,0,0,0,0,0,0,0,0,0,0,0,0,0,0,0,0,0,0,0,0,0,0,0,1,0,0,0,0,0,0,0,0,0,0,0,0,0,0,0,0,0,0,0,0,0,0,0,0,0,0,0,0,0,5
2,2,0,0,0,0,0,0,0,0,0,0,0,0,0,0,0,0,1,0,0,0,0,0,0,0,0,0,0,0,0,0,0,2,0,0,0,0,0,0,0,0,0,0,0,0,0,0,0,0,0,0,0,0,0,0,0,0,0,0,0,0,0,0,0,0,0,0,0,0,0,0,0,0,0,0,0,0,0,0,0,0,0,0,0,0,0,0,0,0,0,0,0,0,0,0,0,0,0,0,0,0,0,0,0,0,0,0,0,0,0,0,0,0,0,0,0,0,0,0,0,0,0,0,0,0,0,0,0,0,0,0,0,0,0,0,0,0,0,0,0,0,0,0,0,0,0,0,0,0,0,0,0,0,0,3
2,3,0,0,0,0,0,0,0,0,0,0,0,0,0,0,0,0,0,0,0,0,0,0,0,0,0,0,0,0,0,0,0,0,0,0,0,0,0,0,0,0,0,0,0,0,0,0,0,0,0,0,0,0,0,0,0,0,0,0,0,0,0,0,0,0,0,0,0,0,0,0,0,0,0,0,0,0,0,0,0,0,0,0,0,0,0,0,0,0,0,0,0,0,0,0,0,0,0,0,0,0,0,0,0,0,0,0,0,0,0,0,0,0,0,0,0,0,0,0,0,0,0,0,0,0,0,0,0,0,0,0,0,0,0,0,0,0,0,0,0,0,0,0,0,0,0,0,0,0,0,0,0,0,0,0
2,4,0,0,0,0,0,0,0,0,0,0,0,0,0,0,0,0,0,0,0,0,0,0,0,0,0,0,0,0,0,2,0,0,0,0,0,0,1,0,0,0,0,0,0,0,0,0,0,0,0,0,0,0,0,0,0,0,0,0,0,0,0,0,0,0,0,0,0,0,0,0,0,0,0,0,0,0,0,0,0,0,0,0,0,0,0,0,0,0,0,0,0,0,0,0,0,0,0,0,0,0,0,0,0,0,0,0,0,0,0,0,0,0,0,0,0,0,0,0,0,0,0,0,0,0,0,0,0,0,0,0,0,0,0,0,0,0,0,0,0,0,0,0,0,0,0,0,0,0,0,0,0,0,0,3
2,5,0,0,0,0,0,0,0,0,2,0,0,0,0,0,0,0,0,1,0,0,0,1,0,1,1,0,0,0,0,0,0,0,0,1,2,0,2,0,7,0,0,0,0,0,0,0,0,4,0,1,0,0,1,0,0,0,0,0,0,0,0,0,0,0,0,0,0,0,0,0,0,0,0,0,0,0,0,0,0,0,0,0,0,0,0,0,0,0,0,0,0,0,0,0,0,0,0,0,0,0,0,0,0,0,0,0,0,0,0,0,0,0,0,0,0,0,0,0,0,0,0,0,0,0,0,0,0,0,0,0,0,0,0,0,0,0,0,0,0,0,0,0,0,0,0,0,0,0,0,0,0,4,0,28
2,6,0,0,3,4,0,0,3,0,0,0,0,9,2,2,0,0,5,1,10,3,4,4,7,0,8,0,2,0,0,1,0,0,0,2,1,0,0,1,4,2,1,0,0,2,9,0,0,8,0,0,0,8,0,0,0,0,2,1,0,0,0,0,0,0,0,0,0,0,0,0,0,0,0,0,0,0,1,0,0,0,0,0,2,1,0,1,0,0,2,1,0,0,0,2,0,0,0,0,2,0,0,0,0,0,0,0,0,0,0,0,0,0,0,0,0,0,0,0,0,0,0,0,0,0,0,0,0,0,1,0,0,0,0,0,0,0,0,1,0,0,0,0,1,0,0,0,0,1,0,2,9,7,0,143
2,7,3,4,5,12,0,2,5,0,1,0,2,36,7,15,1,2,2,7,28,3,6,1,1,3,63,2,1,0,4,3,1,0,0,8,0,0,10,8,11,13,0,1,0,4,32,2,0,18,2,0,0,11,3,0,1,0,0,1,0,2,0,0,0,0,2,0,0,0,0,0,0,0,2,0,0,0,3,0,0,0,0,0,2,8,0,1,0,0,1,0,0,2,0,1,1,0,0,0,0,4,0,0,2,0,0,0,2,1,0,0,0,0,0,0,0,0,0,0,1,0,2,2,0,2,0,0,2,0,1,0,0,0,3,0,0,1,0,1,3,0,0,0,0,2,0,3,0,0,0,3,3,9,0,417
2,8,7,4,16,21,0,1,3,0,4,4,3,92,30,19,0,1,6,32,90,12,4,3,2,15,91,2,0,0,3,5,13,7,0,17,0,0,9,12,26,16,3,0,1,8,95,4,0,29,7,5,3,14,1,1,6,1,0,1,2,5,6,0,0,0,1,0,0,0,1,2,0,0,0,0,1,1,3,2,0,2,1,0,5,7,2,4,1,0,5,2,0,0,0,0,0,0,0,2,0,0,0,0,1,0,0,2,1,0,2,0,0,0,0,0,0,0,1,0,6,0,0,0,0,0,0,0,1,0,1,0,0,0,0,0,0,0,0,2,0,0,0,0,2,9,0,0,0,0,0,4,21,13,0,870
2,9,8,4,6,15,2,5,2,4,2,0,1,46,29,28,2,3,5,36,38,4,9,4,4,9,58,3,3,0,3,2,6,4,0,12,1,0,7,12,14,11,3,1,1,23,85,5,0,15,6,6,4,16,0,1,5,2,2,2,3,11,1,0,0,0,4,0,0,0,0,0,0,0,0,0,0,0,3,1,1,2,0,0,3,1,2,2,1,1,2,1,0,1,0,1,0,2,0,7,1,1,0,0,3,1,0,1,1,1,1,0,0,0,0,0,0,0,0,1,2,0,1,1,0,0,0,0,1,0,0,0,0,0,0,0,0,1,0,0,0,0,0,0,1,5,0,1,0,0,0,9,5,13,0,680
2,10,4,3,4,4,1,2,0,0,1,2,1,16,5,5,0,1,4,16,9,3,3,1,0,7,15,0,0,0,2,1,3,1,0,3,6,0,2,3,9,7,1,0,0,6,16,3,0,7,5,1,3,5,1,0,5,0,0,0,0,8,4,0,0,0,3,0,0,0,0,0,0,0,1,0,0,0,2,0,0,1,1,1,1,0,1,2,0,0,0,1,0,0,1,0,0,0,0,0,0,1,0,1,0,1,0,0,0,1,2,1,0,0,0,0,0,0,0,0,1,0,1,0,0,1,1,0,1,0,0,1,0,0,0,0,0,0,0,2,0,0,0,0,0,1,0,0,0,0,0,3,7,4,0,254
2,11,5,2,5,5,5,7,4,0,7,4,5,11,5,3,0,5,2,8,3,5,6,4,0,5,2,2,0,0,0,1,3,2,0,7,3,0,4,3,13,5,2,2,0,2,7,3,0,7,1,1,1,8,1,1,1,2,0,0,1,1,0,0,0,0,0,0,0,1,0,0,1,1,2,0,0,1,0,0,0,3,0,2,0,1,2,0,1,0,0,2,0,0,0,0,0,0,0,0,0,1,1,0,1,0,0,1,0,1,0,0,0,0,0,0,0,0,0,0,3,0,0,0,4,0,0,0,0,0,1,0,1,0,0,1,0,0,0,0,0,0,0,0,0,0,1,1,0,0,0,2,6,5,0,239
2,12,5,3,4,14,5,6,6,2,1,1,1,7,6,11,0,6,9,7,5,9,10,7,1,7,3,0,1,0,1,7,4,1,0,7,0,0,7,15,7,13,1,2,0,7,4,1,0,7,2,0,4,3,0,0,0,0,0,0,0,2,4,0,0,0,1,0,0,2,0,0,0,0,3,0,0,0,1,1,0,0,1,0,1,0,5,1,5,1,3,6,0,0,0,0,0,1,0,0,2,2,2,1,0,2,0,0,0,0,1,0,0,0,1,0,0,0,0,0,0,0,0,0,2,1,1,0,0,1,0,0,0,0,1,0,2,0,0,1,0,0,1,0,1,0,0,3,1,0,0,1,5,3,0,303
2,13,8,1,10,10,0,10,3,2,5,2,7,23,5,6,0,12,9,10,12,2,0,4,2,9,6,0,0,0,2,8,2,1,0,13,3,0,4,7,12,6,2,1,0,6,7,0,0,4,0,0,1,6,1,1,1,0,1,2,0,0,0,0,0,0,0,0,0,0,0,0,0,4,1,0,0,0,0,0,0,0,0,0,0,1,2,0,3,0,0,5,0,0,0,0,0,0,0,4,5,0,2,1,3,3,0,3,0,0,0,0,0,0,0,0,0,0,0,0,0,0,0,1,0,2,0,0,0,0,0,0,0,0,1,0,0,0,1,0,0,0,0,0,0,2,0,1,0,0,0,1,6,5,0,306
2,14,8,2,10,8,2,4,3,1,2,2,5,6,3,3,0,5,3,5,3,3,3,7,3,3,2,0,0,0,2,6,4,3,0,0,2,0,4,6,8,6,3,1,0,3,2,2,0,5,1,0,3,6,0,1,1,1,0,0,1,1,3,0,0,0,0,0,0,0,0,0,0,0,4,0,0,0,0,1,0,0,0,2,1,0,3,2,2,12,1,4,0,1,0,1,0,0,0,0,4,2,0,1,1,1,3,0,0,2,1,0,0,2,0,0,0,0,0,0,2,0,0,0,0,0,0,0,2,0,0,1,0,1,0,0,0,0,0,0,0,0,1,0,0,0,1,1,0,1,0,1,3,2,0,238
2,15,8,0,8,18,5,3,4,0,2,4,5,6,8,7,0,3,9,10,8,11,4,8,2,12,3,1,0,0,3,3,1,7,0,4,10,0,3,22,7,9,0,0,0,7,1,1,0,12,3,0,1,11,0,1,1,0,0,1,0,0,0,0,0,0,1,0,0,1,2,0,3,0,1,0,2,0,0,0,0,1,1,1,0,1,1,5,2,2,0,2,0,0,1,0,0,0,0,0,2,0,1,1,0,8,1,0,0,1,0,0,0,1,0,0,0,0,0,1,0,0,2,0,0,0,0,1,0,2,0,0,0,1,1,0,1,2,0,2,0,0,3,0,2,0,0,0,0,0,5,0,4,8,1,335
2,16,14,0,10,41,2,12,12,1,5,19,24,22,6,8,2,14,9,16,17,14,17,23,1,12,4,1,1,0,5,21,1,6,0,3,9,0,22,36,19,10,3,0,0,17,5,1,0,11,3,1,1,24,0,0,0,0,0,1,2,0,3,0,0,0,0,0,0,2,0,0,0,1,2,0,0,0,1,0,0,2,0,2,1,2,3,3,5,3,1,0,0,1,1,2,0,1,0,0,1,3,2,0,0,0,1,0,0,3,1,0,0,0,0,0,0,0,0,0,0,1,0,3,0,3,0,0,0,0,0,0,0,0,0,0,0,0,0,0,0,0,0,2,1,0,1,0,2,0,0,4,0,10,0,582
2,17,24,1,26,66,7,11,22,4,11,22,16,37,13,19,1,24,24,34,14,29,28,36,10,13,25,3,0,4,11,20,8,5,0,7,19,0,32,39,29,21,6,11,1,29,18,4,0,31,1,2,2,36,0,0,0,1,2,3,2,0,2,0,0,0,1,0,0,1,0,4,0,0,4,0,0,0,1,1,0,1,2,0,0,2,7,4,5,6,0,2,0,0,0,0,1,0,3,1,1,0,2,1,0,3,0,0,0,0,0,0,0,0,0,0,0,0,1,0,0,0,3,6,2,6,1,2,1,0,0,0,0,0,0,0,0,0,1,2,0,1,3,0,0,5,4,3,1,0,0,7,7,3,0,978
2,18,24,0,13,35,8,13,14,2,12,5,5,19,13,13,0,15,14,14,16,18,7,25,2,5,38,2,0,0,14,20,2,6,0,9,15,0,24,22,24,15,8,4,0,16,21,5,1,19,4,0,0,23,0,1,2,1,2,0,1,4,1,0,0,0,3,0,0,1,1,1,2,0,0,0,1,0,2,0,0,1,2,3,0,0,4,8,7,2,0,1,0,0,0,0,2,0,1,2,1,4,2,2,0,7,0,0,0,1,0,0,0,0,0,0,0,0,0,1,1,0,2,3,0,2,1,0,4,0,0,0,1,0,0,0,0,1,0,1,0,0,0,1,2,3,0,2,0,0,0,5,6,2,0,695
2,19,16,1,6,10,2,6,3,2,7,0,5,9,6,3,1,5,4,12,5,5,8,11,3,3,17,0,1,0,3,3,0,0,0,7,10,0,5,10,16,7,5,1,0,5,13,0,0,9,0,0,2,6,0,0,1,0,1,0,1,0,1,0,0,0,1,0,0,0,0,0,0,2,3,0,2,1,3,0,0,3,7,5,1,0,4,9,0,2,1,3,1,2,0,0,0,0,0,1,2,0,1,1,0,6,0,0,0,1,1,0,0,1,0,0,0,0,0,0,0,0,0,6,2,2,0,0,3,1,0,0,0,0,0,0,0,0,0,0,0,0,0,0,1,3,0,0,3,0,0,2,9,4,1,358
2,20,6,0,5,4,3,1,2,5,5,2,5,11,6,7,0,2,1,5,0,2,2,4,0,1,2,0,0,0,6,2,4,1,0,9,2,0,4,4,12,1,2,0,2,2,3,1,0,10,3,0,1,7,0,0,2,2,0,0,2,3,1,0,0,0,0,0,0,1,0,1,0,0,1,0,0,2,0,0,0,3,1,1,3,2,0,5,2,0,0,1,0,1,0,0,0,2,0,0,2,1,2,0,0,1,0,0,1,1,0,0,0,0,0,0,0,0,0,0,0,0,1,4,1,1,1,1,0,0,0,0,1,0,0,0,0,1,0,0,0,1,0,0,0,1,0,1,3,5,0,5,0,6,0,234
2,21,5,1,2,5,1,2,0,1,3,1,1,1,2,0,0,1,0,2,0,1,2,3,0,0,3,0,2,0,2,2,0,0,0,0,1,0,2,0,0,2,0,0,0,1,1,2,0,5,1,1,2,3,0,0,0,1,1,1,0,3,2,0,0,0,1,0,0,0,0,0,0,0,5,0,0,0,0,0,1,0,0,0,0,1,1,2,0,0,0,0,0,0,0,0,0,0,0,0,0,0,0,2,0,0,0,0,0,0,0,0,0,0,1,0,0,0,0,0,0,1,0,0,0,2,0,0,0,1,0,0,0,0,0,0,0,0,0,1,0,0,0,0,0,0,0,0,0,0,0,0,1,1,0,93
2,22,5,1,1,2,1,2,1,0,2,2,1,1,4,0,0,2,0,2,3,0,0,4,0,0,0,0,0,0,0,2,1,1,0,2,1,0,0,1,0,2,0,0,1,0,1,1,0,3,1,1,2,1,0,1,0,0,0,1,0,1,0,0,0,0,0,0,0,0,0,0,0,0,0,0,0,0,0,0,0,0,0,0,0,0,3,2,1,0,0,0,0,0,0,0,0,0,0,0,0,1,0,1,0,1,0,0,0,0,0,0,0,0,0,0,0,0,0,0,0,0,0,0,0,1,0,0,0,0,0,0,0,0,0,0,0,0,0,0,0,0,3,0,0,0,0,5,0,5,0,0,2,2,0,85
2,23,0,0,0,5,2,0,0,1,0,1,0,0,1,0,0,0,0,0,0,0,0,0,1,2,0,0,0,0,0,0,0,0,0,0,0,0,0,0,0,1,0,0,0,2,1,0,0,0,0,0,0,0,0,1,0,2,0,0,0,1,0,0,0,0,2,0,0,0,0,0,0,0,0,0,0,0,0,1,0,0,0,0,0,0,0,1,5,0,0,0,0,0,0,0,0,0,0,0,0,0,1,0,0,1,0,0,0,0,0,0,0,1,0,0,0,0,0,0,0,0,0,0,0,0,0,0,0,0,0,0,0,0,0,0,0,1,0,0,0,0,0,0,0,1,0,0,0,5,0,2,0,0,0,42
3,0,1,0,0,0,1,0,0,0,0,1,2,0,0,0,0,0,0,0,2,0,0,0,0,0,0,0,0,0,0,0,0,0,0,1,0,0,0,0,0,3,0,0,0,1,0,0,0,0,0,0,0,0,0,0,0,0,0,0,0,0,0,0,0,0,0,0,0,0,0,0,0,0,0,0,0,0,0,0,0,0,0,0,0,0,0,0,0,0,0,0,0,0,0,0,0,0,0,0,0,0,7,0,0,2,0,0,0,0,0,0,0,0,0,0,0,0,0,0,0,0,0,0,0,0,0,0,0,0,0,0,0,0,0,0,0,0,0,0,0,0,0,0,0,0,0,0,0,0,0,0,0,1,0,22
3,1,0,0,0,0,0,0,0,0,0,0,0,0,0,0,0,0,0,0,0,0,0,0,0,0,0,0,0,0,2,0,0,0,0,0,0,0,0,0,0,0,0,0,0,1,0,0,0,0,0,0,0,0,0,0,0,0,0,0,0,1,0,0,0,0,0,0,0,0,0,0,0,0,0,0,0,0,0,0,0,0,0,0,0,0,0,0,1,0,0,0,0,0,0,0,0,0,0,0,0,0,0,0,0,0,0,0,0,1,0,0,0,0,0,0,0,0,0,0,0,0,0,0,0,0,0,0,0,0,0,0,0,0,0,0,0,0,0,0,1,0,0,0,0,0,0,0,0,0,0,0,0,1,0,8
3,2,0,0,0,0,0,0,0,0,0,0,0,0,0,0,0,0,0,0,0,0,0,1,0,0,0,0,0,0,0,0,0,0,0,0,0,0,0,0,0,0,0,0,0,0,0,0,0,0,0,0,0,0,0,0,0,0,0,0,0,0,0,0,0,0,0,0,0,0,0,0,0,0,0,0,0,1,0,0,0,0,0,0,0,0,0,0,0,0,0,0,0,0,0,0,0,0,0,0,0,0,0,0,0,0,0,0,0,0,0,0,0,0,0,0,0,0,0,0,0,0,0,0,0,0,0,0,0,0,0,0,0,0,0,0,0,0,0,0,0,0,0,0,0,0,0,0,0,0,0,0,0,0,0,2
3,3,0,0,0,0,0,0,0,0,0,0,0,0,0,0,0,0,0,0,0,0,0,0,0,0,0,0,0,0,0,0,0,0,0,0,0,0,0,0,0,0,0,0,0,0,0,0,0,0,0,0,0,0,0,0,0,0,0,0,0,0,0,0,0,0,0,0,0,0,0,0,0,0,0,0,0,0,0,0,0,0,0,0,0,0,0,0,0,0,0,0,0,0,0,0,0,0,0,0,0,0,0,0,0,0,0,0,0,0,0,0,0,0,0,0,0,0,0,0,0,0,0,0,0,0,0,0,0,0,0,0,0,0,0,0,0,0,0,0,0,0,0,0,0,0,0,0,0,0,0,0,0,0,0,0
3,4,0,0,0,0,0,0,0,0,0,0,0,0,0,0,0,0,0,0,0,0,0,0,0,0,0,0,0,0,0,1,0,0,0,0,0,0,1,0,0,0,0,0,0,0,0,0,0,0,0,0,0,0,0,0,0,0,0,0,0,0,0,0,0,0,0,0,0,0,0,0,0,0,0,0,0,0,0,0,0,0,0,0,0,0,0,0,0,0,0,0,0,0,0,0,0,0,0,0,0,0,0,0,0,0,0,0,0,0,0,0,0,0,0,0,0,0,0,0,0,0,0,0,0,0,0,0,0,0,0,0,0,0,0,0,0,0,0,0,0,0,0,0,0,0,0,0,0,0,0,0,0,0,0,2
3,5,0,0,1,1,0,0,0,0,0,0,0,0,0,1,0,0,0,4,1,0,1,0,0,0,0,1,0,0,0,1,0,1,0,1,0,0,2,0,5,0,0,0,1,0,0,0,0,3,0,0,0,2,0,0,0,1,0,0,0,0,0,0,0,0,0,0,0,0,0,0,0,0,1,0,0,0,0,0,0,0,0,0,1,0,0,0,0,0,0,0,0,0,0,0,0,0,0,0,0,0,0,1,0,0,0,0,0,0,0,0,0,0,0,0,0,0,0,0,0,0,0,0,0,0,0,0,0,0,0,0,0,0,0,0,1,0,0,0,0,0,0,0,0,0,0,0,0,0,0,1,0,6,0,38
3,6,0,0,6,4,0,0,1,0,0,1,0,8,3,2,0,0,3,1,15,0,3,3,4,1,12,0,2,0,1,0,0,0,0,2,2,0,1,2,3,0,3,0,0,0,7,1,0,4,1,0,1,8,0,0,0,0,2,0,1,0,0,0,0,0,1,0,0,0,0,0,0,0,0,0,0,0,0,0,0,0,0,0,2,2,0,0,0,0,2,1,0,1,0,0,0,0,1,0,1,0,0,0,0,0,0,0,0,0,0,0,0,0,0,0,0,0,0,0,0,0,0,1,0,0,0,0,0,0,0,0,0,0,0,0,0,0,0,0,1,0,0,0,0,1,0,1,0,0,0,0,4,7,0,134
3,7,1,3,11,13,0,0,2,0,0,0,1,43,9,15,0,3,1,8,35,7,12,0,2,4,69,2,0,0,3,6,2,1,0,4,0,0,10,5,9,12,3,0,0,0,31,2,0,20,2,1,0,7,1,0,1,0,0,1,0,0,1,0,0,0,1,0,0,0,0,0,0,0,0,0,0,0,1,0,0,2,0,1,3,4,2,2,2,0,1,1,0,0,0,0,1,0,0,2,3,1,2,0,0,0,0,0,2,0,0,0,0,0,0,0,0,0,0,0,0,0,2,1,1,0,0,0,0,0,2,0,0,0,0,0,0,0,0,0,1,0,1,0,2,1,0,0,1,2,0,3,3,8,0,422
3,8,8,3,12,25,0,3,4,0,6,2,2,97,27,19,2,2,9,33,86,18,4,2,0,16,94,1,0,0,4,6,15,10,0,12,3,0,7,7,32,17,0,1,4,7,91,6,0,28,6,7,5,14,3,0,5,0,0,2,1,6,1,0,0,0,2,0,0,0,0,1,0,0,0,0,1,1,2,0,0,1,1,1,4,8,3,4,1,0,1,2,1,1,1,1,0,1,1,1,2,0,0,0,5,0,0,1,1,1,2,1,0,0,0,0,0,0,0,1,6,0,0,1,0,0,0,0,1,0,0,0,0,0,0,0,0,0,0,0,0,1,0,0,3,7,1,1,2,0,0,10,22,8,0,892
3,9,11,4,7,15,1,2,1,4,7,2,0,50,29,26,0,2,7,32,36,9,12,8,6,10,52,0,0,0,1,3,1,5,0,8,4,0,5,12,20,17,2,1,1,26,65,2,0,22,7,7,6,6,0,1,9,0,1,0,5,3,4,0,0,0,4,0,0,0,0,0,0,0,1,0,0,0,0,1,0,2,1,1,0,0,3,3,1,0,0,1,1,1,0,0,0,0,0,0,2,0,1,0,1,0,0,0,0,2,0,0,0,0,0,0,0,0,0,0,0,0,0,0,0,0,0,0,0,1,1,1,0,0,1,0,0,1,0,0,0,0,1,0,0,1,0,2,0,0,0,8,8,12,0,640
3,10,2,6,8,11,2,3,4,5,0,2,0,11,10,8,0,2,5,16,8,7,3,3,4,4,17,2,1,1,7,2,1,8,0,2,4,0,1,2,8,5,2,0,0,6,21,1,0,3,6,3,1,7,0,2,4,0,0,0,0,2,0,0,0,0,0,0,0,0,0,0,0,1,0,0,0,0,0,0,1,0,0,1,2,0,0,0,0,0,0,0,0,0,0,0,0,1,0,3,0,2,1,0,0,0,0,0,0,1,1,0,0,0,0,0,0,0,0,0,1,0,1,0,0,0,0,0,0,0,0,0,0,0,0,0,1,1,0,0,0,0,0,0,0,1,0,0,0,0,0,1,7,3,0,273
3,11,8,4,7,3,0,3,4,2,4,3,5,20,6,5,1,2,6,15,3,11,1,3,0,6,6,0,1,0,0,2,5,6,0,5,3,0,6,4,15,8,2,0,1,5,12,0,0,3,3,1,2,5,0,3,3,0,1,0,0,1,2,0,0,0,0,0,0,0,0,0,1,0,1,0,0,0,1,0,0,0,1,1,0,0,3,1,1,1,1,2,0,0,2,0,0,0,0,1,1,1,0,2,0,2,0,0,1,1,1,0,0,0,1,0,0,0,0,0,1,0,2,0,0,0,0,0,0,0,0,0,0,0,0,0,1,0,0,1,0,0,1,1,0,1,1,0,0,0,0,2,5,1,0,271
3,12,6,1,7,15,3,9,8,3,7,5,1,17,5,13,0,4,5,8,13,6,1,10,2,7,3,1,0,0,2,6,2,2,1,9,4,0,3,13,11,8,2,4,1,13,3,3,0,6,3,2,4,10,1,1,1,1,0,2,2,2,2,0,0,0,0,0,0,0,0,0,0,0,1,0,0,1,0,0,0,1,1,1,1,1,5,0,4,2,1,1,0,1,1,0,0,1,0,1,1,2,3,0,2,0,0,0,2,1,0,0,0,0,0,1,0,0,0,1,0,0,2,1,0,1,0,2,1,0,0,0,1,0,1,0,0,0,0,4,0,0,1,0,0,0,0,0,0,0,0,10,2,3,0,350
3,13,12,2,7,25,3,6,2,0,7,2,7,13,5,7,2,7,15,19,6,4,2,6,2,7,6,2,0,0,4,5,3,2,0,8,6,0,7,12,8,1,4,1,0,6,5,1,0,6,2,0,1,8,2,0,1,0,1,0,0,1,1,0,0,0,1,0,0,0,2,0,0,1,2,0,1,1,0,2,0,2,1,0,0,0,3,4,1,2,1,0,0,1,0,2,0,0,0,1,0,0,2,0,1,3,1,0,3,0,0,0,0,0,0,0,0,0,1,3,0,0,0,0,2,2,0,0,1,1,0,0,0,0,0,0,0,0,0,0,0,0,0,0,1,1,2,2,0,0,1,3,4,2,0,336
3,14,7,2,2,21,1,2,3,4,0,8,4,19,6,7,0,4,9,1,7,5,4,5,1,2,1,3,0,0,2,3,1,4,0,8,0,0,11,5,4,10,1,1,0,4,3,0,0,2,4,0,1,5,0,1,2,1,1,0,0,0,1,0,0,0,1,0,0,1,0,0,0,1,1,0,1,1,0,0,0,3,0,0,1,0,4,3,5,0,0,0,0,0,0,0,1,0,1,1,1,0,1,1,0,2,1,0,3,3,0,0,0,0,0,0,0,0,0,2,1,0,0,0,3,0,0,0,0,0,0,0,1,0,0,0,0,0,0,1,0,0,0,0,0,0,0,3,0,0,0,1,9,9,0,270
3,15,16,2,6,18,5,3,0,4,3,11,7,19,4,8,0,8,7,20,4,6,8,8,2,3,1,2,1,0,4,5,1,1,1,10,4,0,3,14,7,12,1,1,0,7,2,1,0,6,5,0,0,18,0,1,0,0,1,1,2,0,0,0,0,0,1,0,0,1,0,0,2,0,1,0,1,0,0,0,0,3,0,1,1,1,2,2,2,0,2,2,0,0,0,1,0,2,0,0,2,0,0,1,1,6,0,0,0,0,0,1,0,0,0,0,0,0,1,0,0,0,5,0,0,2,0,1,0,0,0,0,0,0,0,0,0,0,0,0,0,0,0,0,1,1,0,1,1,0,0,5,4,4,0,346
3,16,9,1,7,23,4,12,7,2,14,19,13,25,7,15,0,16,9,25,12,15,17,23,0,6,4,0,0,0,4,13,6,1,0,3,17,0,14,20,20,17,4,2,1,7,6,6,0,12,1,2,1,17,0,2,2,0,1,0,1,0,0,0,0,1,0,0,0,1,0,0,0,0,0,0,0,0,2,0,0,4,1,0,5,1,3,5,2,1,1,0,2,0,0,0,0,0,0,2,0,1,2,0,0,3,0,0,2,0,2,0,0,1,0,0,0,0,0,0,1,0,0,3,1,2,0,0,2,0,0,0,0,0,0,0,0,0,2,0,0,0,0,1,0,1,0,0,0,0,0,4,1,8,0,533
3,17,24,2,28,63,6,17,26,4,18,17,18,32,19,24,0,14,35,26,14,30,22,31,6,6,27,0,2,0,9,20,9,6,0,12,12,0,45,49,39,16,6,8,0,22,22,0,0,40,1,0,2,35,2,0,6,2,0,1,4,1,1,0,0,2,0,0,0,4,2,0,0,0,1,0,1,0,5,0,0,0,3,1,4,0,3,10,2,5,1,0,0,0,0,0,0,3,2,0,1,1,1,2,2,5,2,0,0,0,4,0,0,0,0,0,0,0,1,0,0,0,1,2,0,6,0,0,0,0,0,0,0,0,0,0,0,0,0,0,0,0,3,0,1,2,2,2,0,0,0,9,3,5,0,985
3,18,24,1,16,28,4,20,15,5,14,10,13,14,15,13,0,12,11,22,12,13,9,19,5,6,29,0,0,0,4,13,2,3,3,10,15,0,16,26,27,9,4,6,1,13,16,2,2,7,1,0,1,21,1,0,3,1,1,0,3,0,0,0,0,0,0,0,0,0,3,2,0,1,1,0,0,1,2,0,0,4,0,0,2,0,3,10,4,1,1,2,0,1,0,0,0,0,0,1,1,2,1,1,0,3,0,0,0,1,2,0,0,0,0,0,0,0,0,3,0,2,1,6,1,1,0,1,1,2,0,0,1,1,0,0,0,1,0,1,0,0,1,0,0,2,0,1,1,0,2,4,12,5,0,641
3,19,15,5,10,13,1,6,5,3,7,3,5,11,5,5,0,4,4,10,3,14,10,9,1,7,15,2,0,0,10,9,3,1,0,8,3,0,10,6,18,8,1,2,0,3,13,2,0,10,1,0,1,7,0,2,0,0,1,1,0,0,4,0,0,1,3,0,0,1,1,0,0,1,3,0,0,0,5,0,1,0,2,0,1,0,5,5,0,1,0,2,1,2,3,1,0,0,1,2,0,0,1,1,2,5,0,0,1,1,0,0,0,0,0,0,0,0,0,0,0,0,0,2,3,1,2,4,2,0,1,1,1,0,0,0,0,0,0,0,1,0,0,0,1,3,0,1,1,5,0,3,4,5,0,391
3,20,7,3,8,6,4,2,2,1,1,1,0,8,4,0,2,4,5,5,5,3,8,2,3,2,2,0,2,0,4,3,2,2,3,3,0,0,2,11,7,6,1,0,1,2,3,1,0,7,4,10,2,3,1,0,2,1,0,1,0,1,0,0,0,1,0,0,3,0,3,0,0,1,0,0,0,0,1,0,2,1,0,0,0,0,2,4,0,2,0,1,0,0,0,0,0,0,0,0,0,1,0,0,2,3,0,0,0,0,0,0,0,0,0,0,0,0,0,0,0,0,1,1,3,1,0,5,0,0,0,0,0,0,0,0,0,0,0,0,1,0,0,0,1,0,0,0,2,0,0,1,4,10,1,231
3,21,7,0,5,7,2,6,0,2,0,1,0,1,5,3,0,1,1,2,6,2,1,2,0,4,2,0,0,0,0,1,0,2,0,1,4,0,4,4,4,4,0,0,0,2,3,0,0,4,0,1,1,3,0,1,2,1,2,0,0,0,2,0,0,0,2,0,2,1,0,0,0,0,0,0,0,0,1,0,0,0,0,0,0,0,0,4,1,0,0,1,0,0,0,0,0,0,1,0,0,2,0,0,0,1,0,0,0,0,0,0,0,0,0,0,0,0,0,0,0,0,0,0,0,0,0,0,0,0,0,0,0,0,0,0,0,1,0,0,0,0,0,0,0,1,0,0,1,0,0,1,0,0,0,126
3,22,3,2,0,0,0,4,0,1,0,0,3,1,1,1,0,1,0,3,1,1,2,2,1,0,2,0,0,0,1,0,0,0,0,0,0,0,0,3,2,0,0,0,0,1,1,1,0,2,0,1,0,0,0,0,2,0,1,0,3,0,1,0,0,2,0,0,1,0,0,0,0,0,0,0,0,0,0,0,0,0,0,0,0,0,0,4,1,0,0,0,0,0,0,0,0,0,0,1,0,0,0,0,0,2,0,0,0,0,1,0,0,0,0,0,0,0,0,0,0,0,0,0,0,0,0,0,0,0,0,0,0,0,0,0,0,0,0,0,0,0,0,0,0,0,0,0,0,0,0,0,5,0,0,65
3,23,3,0,0,0,0,1,0,0,0,1,1,1,3,0,0,0,1,1,1,0,1,1,0,0,2,0,0,0,0,0,3,0,0,0,0,0,0,1,1,0,0,0,0,2,1,0,0,1,0,0,1,0,0,0,0,0,0,0,0,0,0,0,0,0,0,0,0,0,0,0,0,0,0,0,0,0,0,0,0,0,0,0,3,0,0,2,1,0,0,0,0,0,0,0,0,0,0,0,0,0,0,0,0,0,0,0,0,0,0,0,0,0,2,0,0,0,0,0,0,0,0,0,0,1,0,0,0,0,0,0,0,0,0,0,0,0,0,0,0,0,0,0,0,0,0,2,0,0,0,0,1,0,1,40
4,0,1,0,0,0,0,0,0,0,0,1,0,0,1,4,0,0,0,0,0,0,0,0,0,0,0,0,0,0,1,0,0,0,0,0,0,0,0,0,0,2,0,0,0,1,0,0,0,0,0,0,0,1,0,0,0,0,0,0,0,1,0,0,0,3,0,0,0,0,0,0,1,0,0,0,0,0,0,0,0,0,0,0,0,0,0,0,1,0,0,0,0,0,0,0,0,0,0,2,0,0,0,0,0,0,0,0,0,0,0,0,0,0,0,0,0,0,0,0,0,0,0,0,0,0,2,0,0,0,0,0,0,0,0,0,0,0,0,0,0,0,0,0,0,0,0,0,0,0,1,0,0,1,0,24
4,1,1,0,0,0,0,0,0,0,0,0,1,2,0,0,0,0,0,1,0,0,0,0,0,0,0,0,1,0,0,0,0,0,0,0,0,0,0,0,0,0,0,0,0,0,0,0,0,0,0,0,1,0,0,0,0,0,0,0,0,0,0,0,0,0,0,0,0,0,0,0,0,0,0,0,0,0,0,0,0,0,0,0,0,0,0,0,0,0,0,0,0,0,0,0,0,0,0,0,0,0,0,0,0,0,0,0,0,0,0,0,0,0,0,0,0,0,0,0,0,0,0,0,0,1,0,0,1,0,0,0,0,0,0,0,0,0,0,0,0,0,0,0,0,0,0,0,0,0,0,0,0,0,0,9
4,2,0,0,0,0,0,0,0,0,0,0,0,0,0,0,0,0,0,0,0,0,0,2,0,0,0,0,0,0,0,0,0,0,0,0,0,0,0,0,1,0,0,0,0,0,0,0,0,0,0,0,0,0,0,0,0,0,0,0,0,0,0,0,0,0,1,0,0,0,0,0,0,0,0,0,0,0,0,0,0,0,0,0,0,0,0,0,0,0,0,0,0,0,0,0,0,0,0,0,0,0,0,0,0,0,0,0,0,0,0,0,0,0,0,0,0,0,0,0,0,0,0,0,1,0,0,0,0,0,0,0,0,0,0,0,0,0,0,0,0,0,0,0,0,0,0,0,1,0,0,0,0,0,0,6
4,3,0,0,0,0,0,0,0,0,0,0,0,0,0,0,0,0,0,0,0,0,0,1,0,0,0,0,0,0,0,0,0,0,0,0,0,0,0,0,0,0,0,0,0,0,0,0,0,0,0,0,0,0,0,0,0,0,0,0,0,0,0,0,0,0,0,0,0,0,0,0,0,0,0,0,0,0,0,0,0,0,0,0,0,0,0,0,0,0,0,0,0,0,0,0,0,0,0,0,0,0,0,0,0,0,0,0,0,0,0,0,0,0,0,0,0,0,0,0,0,0,0,0,0,1,0,0,0,0,0,0,0,0,0,0,0,0,0,0,0,0,0,0,0,0,0,0,0,0,0,1,0,2,0,5
4,4,0,0,0,0,0,0,0,0,0,0,0,0,0,0,0,0,0,0,0,0,0,0,0,0,0,0,0,0,0,0,0,0,0,0,0,0,0,0,0,0,0,0,0,0,0,0,0,0,0,0,0,0,0,0,0,0,0,0,0,0,0,0,0,0,0,0,0,0,0,0,0,0,0,0,0,0,0,0,0,0,0,0,0,0,0,0,0,0,0,0,0,0,0,0,0,0,0,0,0,0,0,0,0,0,0,0,0,0,0,0,0,0,0,0,0,0,0,0,0,0,0,0,0,0,0,0,0,0,0,0,0,0,0,0,0,0,0,0,0,0,0,0,0,0,0,0,0,0,0,0,0,0,0,0
4,5,0,0,1,0,0,0,0,0,2,0,0,0,0,0,0,0,0,0,0,0,3,0,0,0,0,0,0,0,0,2,0,0,0,0,2,0,2,0,8,0,0,0,1,0,0,0,0,4,0,0,0,1,0,0,0,0,0,0,0,0,0,0,0,0,0,0,0,0,0,0,0,0,0,0,0,0,0,0,0,0,0,0,0,0,0,0,0,0,0,0,0,0,0,0,0,0,0,0,1,0,0,0,0,0,0,0,0,0,0,0,0,0,0,0,0,0,0,0,0,0,0,0,0,0,0,0,0,0,0,0,0,0,0,0,1,0,0,0,0,0,0,0,0,0,0,0,0,0,0,0,0,1,0,29
4,6,2,0,5,4,0,0,1,1,2,0,0,4,3,2,0,0,5,1,11,1,4,3,7,0,11,0,1,0,0,0,0,0,0,1,0,0,3,1,3,3,3,1,0,2,8,1,0,6,1,0,2,9,0,0,0,0,3,0,0,0,1,0,0,0,0,0,0,0,0,0,0,0,0,0,0,0,0,0,0,0,0,0,1,2,0,0,0,0,0,0,0,0,0,0,0,0,0,0,1,0,0,0,0,1,0,0,0,0,0,0,0,0,0,0,0,0,0,0,0,0,0,0,0,0,0,0,0,0,0,0,0,0,0,0,0,0,0,3,0,0,0,0,0,0,0,0,0,1,0,2,5,10,0,142
4,7,3,1,6,10,0,0,3,2,0,0,1,27,4,11,0,2,0,12,32,2,6,2,2,6,58,0,0,0,3,7,3,3,0,5,1,0,8,4,9,7,0,1,0,4,26,4,0,12,3,0,0,5,2,1,4,0,0,0,1,0,2,0,0,0,2,0,0,0,0,1,0,0,1,0,0,0,3,0,0,1,0,0,6,4,0,4,1,1,2,2,0,2,0,0,0,0,0,0,1,1,1,0,0,0,0,1,3,1,1,0,0,0,0,0,0,0,0,0,3,0,0,3,1,4,0,0,0,0,2,0,0,0,0,0,0,0,0,1,2,0,0,0,2,1,0,0,0,1,0,2,4,8,0,378
4,8,6,6,10,23,0,1,4,0,5,0,2,73,30,29,1,4,2,23,73,8,8,2,2,13,87,0,1,0,4,4,16,12,1,13,7,0,7,10,26,14,2,0,0,8,80,10,0,32,8,6,8,12,0,2,8,1,1,3,2,4,4,0,0,1,1,0,0,0,0,1,1,1,4,0,0,0,3,1,0,1,3,3,4,8,2,2,1,0,1,2,0,1,0,0,1,1,0,3,3,1,0,0,3,0,0,1,2,0,5,0,0,0,1,0,0,0,0,0,3,0,1,0,0,0,0,1,0,0,0,0,0,0,0,0,0,3,0,0,1,0,1,0,0,7,0,1,0,0,0,6,17,3,0,824
4,9,10,10,8,14,1,1,2,2,5,1,0,52,26,22,1,4,7,33,36,6,8,3,4,11,54,4,0,0,4,3,2,2,0,10,4,0,4,12,25,12,2,1,1,13,90,1,0,17,9,10,1,10,2,2,7,2,0,1,1,1,3,0,0,0,3,0,0,0,0,1,0,0,1,0,0,0,1,1,0,4,2,0,1,2,2,3,0,1,0,3,1,1,0,0,0,1,2,4,1,2,0,1,3,0,0,1,0,0,1,0,0,0,1,0,0,0,0,0,4,0,0,2,0,2,0,0,0,0,0,0,0,0,0,0,0,0,0,1,0,0,1,0,0,2,1,0,0,0,0,8,15,16,0,673
4,10,1,1,10,5,2,4,0,1,2,1,2,19,11,6,1,3,2,26,12,3,3,2,3,8,7,0,0,0,4,1,3,1,1,6,8,0,3,6,12,7,4,1,1,5,8,2,0,7,1,0,4,3,3,1,5,1,0,1,1,0,4,0,0,0,0,0,1,0,0,1,0,0,0,0,0,0,2,0,0,2,0,1,0,0,1,0,0,0,1,1,0,1,0,0,0,1,0,2,0,0,0,0,0,2,0,2,1,2,2,0,0,0,0,0,0,0,0,3,4,0,1,0,0,2,0,0,2,1,0,1,0,0,0,0,0,0,0,0,1,0,0,1,1,1,0,0,0,1,0,4,6,12,0,303
4,11,8,14,9,17,1,5,3,2,3,4,3,7,2,9,0,4,8,12,1,7,11,2,3,10,4,1,0,1,3,2,1,10,0,9,5,0,6,8,11,5,3,1,1,5,9,1,0,6,7,1,0,7,0,0,2,0,2,4,1,1,0,0,0,0,1,0,2,0,0,2,1,0,0,0,0,0,2,1,0,0,0,1,0,0,0,2,0,0,0,3,0,0,0,0,0,2,1,1,1,0,3,2,0,1,0,0,1,1,1,0,0,0,0,0,0,0,0,0,1,0,0,3,0,0,1,0,0,0,0,1,0,0,0,0,0,1,0,0,0,1,2,1,0,1,0,0,0,0,1,3,2,8,0,317
4,12,8,5,12,19,1,9,5,2,4,6,8,23,7,6,0,5,8,11,5,17,3,4,3,7,3,0,0,0,2,8,4,8,0,8,0,0,8,12,9,12,4,1,0,6,4,4,0,6,3,0,7,11,1,0,2,0,0,2,1,1,1,0,0,0,0,0,0,0,0,1,3,1,3,0,0,1,0,0,1,2,0,0,0,0,2,4,1,2,0,4,0,3,0,0,0,1,0,0,1,0,1,1,0,4,1,0,1,1,1,0,0,1,0,0,0,0,1,0,1,0,0,0,0,0,1,2,0,0,0,0,0,0,0,0,1,0,0,1,0,0,0,0,0,0,0,1,0,0,2,1,2,3,0,363
4,13,7,4,3,20,1,7,1,2,2,4,7,11,5,2,1,6,3,14,8,7,6,1,0,3,2,0,0,0,5,3,3,3,0,8,5,0,3,7,12,2,2,0,2,5,2,2,0,6,5,0,1,5,1,2,2,1,2,1,0,0,0,0,0,1,0,0,0,0,0,1,0,1,1,0,0,0,1,0,0,1,1,0,1,3,1,1,1,0,1,2,0,0,0,0,0,1,0,0,1,0,1,3,0,0,0,0,1,0,0,0,0,0,0,0,0,0,0,0,0,0,0,5,3,2,0,0,1,0,0,0,0,0,0,1,0,0,2,0,0,1,0,0,0,0,2,0,1,0,0,5,6,5,0,275
4,14,4,1,10,20,2,7,3,0,1,7,3,20,5,15,0,6,8,4,4,5,6,5,1,4,3,0,0,0,1,5,0,1,0,5,1,0,7,9,6,5,2,0,1,1,2,1,0,8,5,1,0,8,0,0,3,0,1,1,2,1,1,0,0,5,3,0,2,2,1,1,1,0,1,0,0,0,3,0,2,4,1,0,0,1,4,1,2,0,2,0,0,0,0,0,0,0,1,0,0,0,3,1,3,2,1,0,1,3,1,0,0,0,3,0,0,0,1,0,0,1,1,3,0,10,0,2,0,1,0,0,0,0,0,0,0,0,0,0,0,0,2,0,0,0,2,0,1,0,0,2,8,10,0,321
4,15,10,0,6,19,3,14,23,3,8,11,9,24,3,10,1,5,9,10,11,16,9,17,1,1,4,0,0,0,3,2,2,1,0,5,4,0,6,14,10,4,2,1,0,3,2,3,0,6,2,1,1,18,0,0,2,1,0,1,0,1,0,0,0,0,0,0,0,3,0,1,0,0,1,0,1,0,1,0,0,0,2,0,3,4,3,4,3,1,0,2,0,1,1,2,0,1,2,1,1,3,0,2,2,0,0,0,0,0,2,0,0,1,0,0,0,0,0,0,0,0,1,5,0,5,0,2,0,0,1,0,0,0,0,0,0,1,0,1,1,0,0,3,2,3,1,1,4,0,0,0,4,1,1,407
4,16,9,0,13,51,3,10,10,18,10,15,10,21,16,9,1,15,12,19,9,17,20,19,4,11,6,1,0,0,5,12,1,2,2,4,8,0,15,30,31,20,2,2,1,11,7,0,0,21,3,1,3,19,0,0,2,0,1,1,1,0,2,0,0,0,0,0,0,0,7,2,0,0,2,0,3,0,0,1,0,2,1,1,0,1,5,1,0,0,1,0,0,1,1,0,0,0,2,0,0,0,2,0,0,3,0,0,0,2,1,0,0,1,0,0,0,0,0,0,0,0,1,2,0,0,1,4,2,0,0,0,1,0,1,0,1,0,0,0,0,0,7,1,3,0,1,0,0,0,0,3,5,5,0,614
4,17,23,2,16,43,9,15,25,11,9,18,12,23,12,20,0,12,26,33,11,28,27,25,4,19,31,1,2,0,7,25,8,5,0,10,26,0,32,41,36,15,4,3,2,17,6,3,1,24,4,2,5,28,0,0,5,0,1,0,0,0,2,0,0,0,0,0,1,3,1,0,2,2,4,0,0,0,5,0,0,2,3,2,2,0,7,10,2,4,2,1,0,1,4,1,0,0,1,1,0,3,3,4,0,5,0,0,0,4,1,0,0,0,0,0,0,0,0,3,0,0,2,7,1,3,0,3,1,1,3,0,0,0,0,0,0,0,1,0,0,0,2,0,1,5,2,1,0,0,0,4,9,7,0,906
4,18,15,0,15,19,9,6,6,2,11,4,12,25,14,14,0,7,7,20,2,8,21,15,0,11,7,1,0,0,4,9,6,5,1,5,4,0,14,19,24,10,5,8,2,7,15,2,0,12,3,1,3,10,1,0,3,2,1,1,2,3,0,0,0,0,1,0,1,0,1,1,2,0,2,0,1,2,1,0,0,2,3,1,1,1,0,4,0,2,2,5,1,1,1,0,1,0,0,0,1,2,1,1,0,0,0,1,1,2,2,0,0,1,0,0,2,0,0,0,3,0,0,4,1,2,2,3,1,0,0,0,1,0,1,0,0,0,0,2,0,1,0,0,1,6,2,1,0,0,0,7,9,4,0,535
4,19,6,0,8,15,4,5,4,3,1,2,2,10,8,3,1,8,4,7,1,11,1,6,1,10,9,1,0,0,6,7,2,1,0,6,3,0,3,3,12,3,3,1,2,2,2,1,1,7,0,2,2,6,1,1,2,0,0,0,1,0,0,0,0,1,2,0,0,1,0,1,0,0,1,0,1,0,0,0,0,2,1,0,1,0,4,7,0,0,0,0,0,0,2,0,0,1,1,2,0,1,3,0,0,11,1,0,2,0,1,0,0,0,2,0,0,0,0,2,0,0,2,1,1,3,0,1,2,0,0,1,0,0,0,0,0,0,0,0,0,0,0,0,0,1,0,2,0,0,1,2,6,1,0,286
4,20,7,0,8,4,0,2,1,3,2,1,2,7,0,2,0,2,1,2,5,3,1,0,0,2,2,3,0,0,1,1,4,1,0,4,1,0,1,1,6,0,1,0,0,2,5,2,0,3,0,1,2,3,0,0,6,2,0,3,0,3,3,0,0,3,2,0,1,0,1,3,0,0,1,0,0,0,0,0,0,2,0,0,0,3,3,2,4,2,1,0,0,0,0,0,0,0,2,0,0,0,0,0,0,4,0,0,0,2,0,0,0,0,0,0,0,0,0,0,1,0,2,0,2,0,2,1,0,0,0,1,0,0,0,0,3,0,0,3,0,0,1,0,0,1,0,0,0,0,0,7,1,4,0,181
4,21,1,1,0,3,2,5,0,0,2,1,0,1,0,4,0,1,0,2,1,2,1,3,0,3,1,0,0,0,0,0,1,3,0,0,1,0,0,5,4,0,0,0,1,1,0,0,0,2,1,0,1,0,0,1,3,0,0,0,0,0,1,0,0,0,2,0,0,0,0,0,0,0,1,0,1,0,1,0,0,0,2,1,2,1,2,3,0,0,0,0,0,0,0,1,2,2,0,0,0,2,0,0,0,0,0,0,0,0,0,0,0,0,0,0,0,0,1,0,0,0,0,0,0,0,0,0,0,0,1,0,0,0,0,0,0,0,0,2,0,0,0,0,0,0,0,1,0,0,0,0,2,0,0,89
4,22,2,0,1,1,0,3,0,0,5,0,0,1,4,0,0,2,1,0,0,1,0,3,0,1,1,1,1,0,2,2,2,0,0,0,3,0,0,2,0,1,0,0,0,2,1,1,0,1,0,2,0,0,0,1,0,0,0,1,2,0,0,0,0,0,3,0,0,3,0,0,2,0,0,0,0,0,1,0,0,0,1,0,0,1,0,2,3,3,0,1,0,1,0,0,0,0,0,0,0,0,0,0,0,0,0,0,0,0,0,0,0,2,0,0,0,0,0,0,0,0,0,0,0,0,0,0,0,0,0,0,0,0,0,0,0,0,0,0,0,2,0,1,0,1,0,0,0,0,0,0,1,1,0,80
4,23,1,0,2,2,1,0,0,0,3,1,3,0,0,0,0,0,0,1,0,0,1,0,0,0,2,2,0,0,0,0,0,0,0,0,1,0,0,1,2,1,0,0,0,0,1,1,0,0,1,0,0,0,0,1,0,0,0,0,2,0,0,0,0,0,1,0,0,0,0,0,2,0,0,0,0,0,0,0,0,0,0,0,0,0,0,0,2,0,0,1,0,0,0,0,1,1,0,1,0,0,0,0,0,1,0,0,0,0,0,0,0,0,0,0,0,0,0,1,0,0,0,2,0,0,0,0,0,0,0,0,0,0,0,0,0,0,0,0,0,0,0,0,0,0,0,0,0,0,0,0,0,1,0,44
5,0,1,0,2,0,2,0,0,1,0,1,0,0,0,0,0,1,1,2,0,0,1,1,0,1,0,0,0,0,2,0,1,0,0,1,0,0,0,3,0,1,1,0,0,3,1,0,0,0,0,0,0,0,0,0,1,0,0,0,0,1,0,0,0,0,0,0,0,0,0,0,0,0,0,0,0,0,0,0,0,0,0,0,0,2,0,1,0,1,1,0,0,0,0,0,0,0,0,0,0,0,0,0,0,0,0,0,0,0,0,0,0,4,0,0,0,0,0,0,0,0,0,0,1,0,0,1,0,0,0,0,0,0,0,0,0,0,0,0,0,0,2,0,0,0,0,0,0,0,0,0,0,2,0,44
5,1,0,0,1,0,0,1,0,0,2,0,0,0,0,0,0,0,0,2,0,0,1,1,0,0,0,0,0,0,0,0,1,0,0,1,0,0,0,0,0,1,1,0,0,0,0,0,0,0,0,1,0,0,0,0,0,0,0,0,0,0,0,0,0,0,0,0,0,0,0,0,0,0,1,0,0,0,0,0,0,0,0,0,0,0,0,0,0,1,0,0,0,0,0,0,0,0,0,0,0,0,0,0,0,0,0,0,0,0,0,0,0,1,0,0,0,0,0,0,0,0,0,0,0,0,0,0,0,0,0,0,0,0,0,0,0,0,0,0,0,0,0,0,0,0,0,1,0,0,0,0,0,0,0,17
5,2,0,0,0,0,0,0,0,0,0,0,0,0,0,0,0,0,0,0,0,0,0,2,0,0,0,0,0,0,0,0,0,0,0,0,0,0,0,0,1,0,0,0,0,0,0,0,0,0,0,0,1,0,0,0,0,0,0,0,1,2,0,0,0,0,0,0,0,0,0,0,0,0,0,0,0,0,0,1,0,0,0,0,0,0,0,0,0,0,0,0,0,0,0,0,0,0,0,0,0,0,0,0,0,0,0,0,0,0,0,0,0,0,0,0,0,0,0,0,0,0,0,0,0,0,0,0,0,0,0,0,0,0,0,0,0,0,0,0,0,1,0,0,2,0,0,0,0,0,0,0,0,0,0,11
5,3,0,0,0,1,0,0,0,0,0,0,0,0,0,0,0,0,0,0,0,0,0,3,0,0,0,0,0,0,0,0,0,0,0,0,0,0,0,0,1,0,0,0,0,0,1,1,0,0,0,0,0,0,0,0,0,0,0,0,0,0,0,0,0,0,0,0,0,0,0,0,0,0,0,0,0,0,0,0,0,0,0,0,0,0,0,0,0,0,0,0,0,0,0,0,0,0,0,0,0,0,0,0,0,0,0,0,0,0,0,0,0,0,0,0,0,0,0,0,0,0,0,0,0,0,0,0,0,0,0,0,0,0,0,0,0,0,0,0,0,0,0,0,0,0,0,0,0,1,0,0,0,0,0,8
5,4,0,0,0,0,0,0,0,0,0,1,0,0,0,0,0,0,0,0,0,0,0,1,0,0,0,1,0,0,0,0,0,0,0,0,0,0,0,0,0,0,0,0,0,0,0,0,0,0,0,0,0,0,0,0,0,0,0,0,0,0,0,0,0,0,0,0,0,0,0,0,0,0,0,0,0,0,0,0,0,0,0,0,0,0,0,0,0,0,0,0,0,0,0,0,0,0,0,0,0,0,0,0,0,0,0,0,0,0,0,0,0,0,0,0,0,0,0,0,0,0,0,0,0,0,0,0,0,0,0,0,0,0,0,0,0,0,0,0,0,0,0,0,0,0,0,0,0,0,0,0,0,0,0,3
5,5,1,0,0,0,0,0,0,0,0,0,0,0,0,0,0,0,0,0,0,0,0,0,2,0,0,1,0,0,0,0,0,0,0,0,0,0,0,0,0,0,0,0,0,0,0,0,0,3,0,0,0,0,0,0,0,0,0,0,0,0,0,0,0,0,0,0,0,0,0,0,0,0,0,0,0,0,0,0,0,0,0,0,0,0,0,0,0,0,0,0,0,0,0,0,0,0,0,0,0,0,0,0,0,0,0,0,0,0,0,0,0,0,0,0,0,0,0,0,0,0,0,0,0,0,0,0,0,0,0,0,0,0,0,0,0,0,0,0,0,0,0,0,0,0,0,0,0,0,0,0,0,0,0,7
5,6,0,0,0,0,0,0,0,0,0,0,0,1,0,0,0,0,0,0,0,0,0,0,4,2,0,0,0,2,0,0,0,0,0,0,0,0,0,1,0,0,0,0,1,1,0,1,0,1,0,0,0,2,0,0,0,0,2,0,1,0,0,0,0,0,1,0,0,0,0,0,0,0,0,0,0,0,0,0,0,0,0,0,0,0,0,0,0,0,0,1,0,0,0,0,0,0,0,0,0,0,0,0,0,0,0,0,0,0,0,0,0,0,0,0,0,0,0,0,1,0,0,0,0,0,0,0,0,0,0,0,0,0,0,0,0,0,0,0,0,0,0,0,1,0,0,0,0,0,0,0,0,1,0,24
5,7,0,1,1,3,0,1,0,7,5,0,3,1,1,0,0,0,0,0,0,0,0,0,0,3,0,0,0,0,1,2,0,0,0,0,0,0,0,2,2,0,0,1,0,0,0,1,0,0,1,0,0,1,0,1,0,1,1,2,0,0,0,0,0,0,0,0,0,0,0,0,0,0,0,0,1,0,0,0,0,0,0,0,0,0,0,1,0,0,0,0,0,0,0,0,0,0,0,0,0,0,0,0,0,0,0,0,0,0,3,0,0,0,0,0,0,0,0,0,0,0,0,0,0,0,0,0,0,0,2,0,0,0,0,0,0,0,0,1,0,0,0,0,0,0,0,0,0,0,0,1,0,3,0,54
5,8,5,1,2,6,1,0,0,4,4,0,2,4,2,1,0,2,5,0,1,0,0,0,0,2,5,0,0,0,2,1,1,1,0,3,1,0,0,3,0,2,0,0,0,0,3,2,0,5,3,1,1,2,0,1,0,0,0,1,1,0,0,0,0,0,1,0,0,0,0,2,0,0,1,0,1,0,1,0,0,0,0,0,0,1,0,1,0,0,0,1,2,0,0,1,0,1,0,1,3,0,0,0,0,1,0,0,0,0,0,1,0,0,0,0,0,0,0,0,0,0,0,0,2,0,1,0,1,0,0,0,0,0,0,0,0,0,0,0,0,0,1,0,0,0,0,0,0,0,0,3,2,7,0,117
5,9,3,5,17,10,0,5,0,1,3,1,6,4,9,5,1,1,0,0,2,5,4,5,2,7,0,1,0,0,3,1,0,4,1,10,3,0,3,4,6,3,2,0,0,5,0,0,0,10,1,0,0,3,0,0,3,0,0,1,1,2,1,1,0,0,0,0,0,0,0,1,1,0,1,0,1,0,0,0,0,0,2,1,0,2,2,0,0,0,1,2,1,0,0,0,0,0,0,2,2,0,2,0,0,2,0,0,2,2,1,1,0,0,0,0,0,0,0,0,1,0,0,0,0,0,0,0,1,0,0,0,0,0,0,0,0,0,0,4,0,0,0,0,0,0,0,0,0,1,0,3,8,5,0,217
5,10,4,5,13,7,1,3,3,6,1,1,1,30,6,5,1,3,0,8,3,10,3,4,3,12,2,3,0,0,7,0,4,3,0,3,1,0,3,3,13,12,3,0,2,4,6,4,0,5,5,5,12,8,0,0,1,0,0,1,6,4,1,0,0,0,1,0,1,0,0,1,1,0,3,0,0,0,2,0,0,3,2,0,0,0,3,3,0,0,2,3,0,2,1,0,0,2,1,2,1,0,1,1,0,2,0,0,1,1,1,0,0,0,0,0,0,0,0,0,3,0,0,0,1,0,0,1,4,2,0,3,0,0,0,1,0,0,0,2,0,0,0,0,0,0,0,0,1,0,0,4,2,9,0,328
5,11,10,4,9,10,7,4,1,4,3,1,7,31,7,6,0,10,3,11,1,11,5,4,4,10,10,2,1,0,4,0,4,3,0,10,1,0,2,16,5,3,4,0,0,4,5,4,0,17,9,4,7,5,2,0,2,4,0,2,1,8,3,0,0,2,4,0,0,4,1,0,0,0,1,0,0,0,1,0,0,1,1,2,1,2,4,1,5,0,1,1,0,1,0,0,1,2,2,0,2,8,2,0,0,0,0,1,1,1,0,1,0,0,0,0,0,0,0,3,1,0,1,11,2,0,2,2,1,0,0,1,0,0,0,0,0,0,0,0,0,0,0,0,0,0,0,0,0,1,2,8,13,10,0,417
5,12,17,7,20,23,2,8,0,9,3,4,11,33,4,4,2,5,5,6,4,3,1,3,0,8,2,2,1,0,9,2,2,3,0,6,3,0,7,5,9,6,2,6,0,13,5,2,0,14,3,5,7,13,0,0,3,0,1,1,2,4,1,0,0,0,0,0,2,0,1,1,0,0,4,0,1,2,7,0,1,4,0,7,1,0,2,2,5,0,2,7,0,0,0,0,0,0,0,5,0,2,4,0,1,2,0,3,3,1,1,1,0,1,1,2,0,0,1,1,3,1,0,3,1,0,10,0,1,1,1,0,0,0,2,0,0,0,0,0,2,1,1,2,1,0,2,0,0,0,0,3,5,9,0,448
5,13,18,5,13,19,2,7,5,8,6,2,0,33,7,2,4,4,9,6,1,7,4,7,3,14,5,2,1,0,4,2,1,11,0,0,1,0,0,6,10,6,1,0,0,1,7,2,0,12,5,4,4,7,2,0,6,0,0,1,1,8,1,0,0,2,1,0,2,3,0,1,0,3,2,0,0,5,1,0,0,1,0,1,3,0,5,0,2,0,3,0,0,0,0,0,0,2,0,0,0,7,0,2,0,3,0,0,1,1,5,0,0,0,0,0,0,0,0,2,1,0,3,0,0,2,3,1,0,0,0,0,1,0,0,0,0,0,0,0,0,0,0,0,0,0,0,0,0,0,1,3,13,9,0,392
5,14,17,0,5,46,1,8,2,6,3,3,5,39,4,16,0,8,3,17,1,2,4,9,1,1,3,0,1,0,5,1,4,4,1,8,6,0,4,4,12,9,2,0,0,5,1,2,0,9,7,0,8,7,5,2,8,0,0,3,3,3,1,1,0,3,0,0,3,2,3,0,1,0,7,0,3,0,1,0,2,1,6,2,3,5,3,0,4,1,1,5,0,0,0,0,0,1,7,5,2,8,4,0,7,2,0,0,3,2,0,2,0,0,0,0,0,0,0,0,1,0,5,1,2,2,2,0,4,0,0,0,0,0,0,0,0,0,0,4,0,0,0,0,0,0,0,0,0,0,0,2,4,6,0,462
5,15,18,4,4,34,1,11,6,9,3,2,4,14,7,9,3,5,1,14,0,5,3,0,1,12,2,2,0,0,3,3,3,0,1,14,3,0,6,22,11,3,2,5,0,9,11,7,1,5,4,3,3,11,2,8,2,0,0,2,11,4,3,0,0,2,2,0,1,3,4,0,1,1,11,0,1,1,4,0,3,3,0,2,0,5,3,1,2,0,2,5,0,2,2,3,0,2,0,3,4,6,1,1,7,2,0,0,0,1,3,0,0,0,1,0,0,0,0,0,2,0,2,3,1,3,5,1,0,0,2,0,0,0,0,0,1,0,0,0,0,0,0,0,0,2,0,0,0,0,1,4,11,4,0,473
5,16,21,3,9,20,6,13,4,11,5,1,8,15,8,6,0,3,2,5,1,7,2,1,2,22,9,1,0,0,1,2,2,7,0,9,6,0,3,19,9,9,0,1,0,5,3,5,0,6,1,3,3,9,4,0,3,0,1,1,1,6,3,4,5,2,4,0,0,1,0,1,5,0,4,0,3,2,7,0,3,4,5,0,1,0,6,2,2,0,2,8,0,1,0,4,0,0,1,9,3,2,6,2,6,2,1,0,3,4,4,2,2,0,0,0,0,0,0,1,0,0,2,0,1,4,0,1,2,0,1,0,3,0,0,0,0,0,0,1,0,4,0,0,0,0,0,1,0,0,3,0,13,10,0,477
5,17,10,2,16,28,3,13,5,8,4,3,3,26,10,5,0,6,6,4,1,7,5,1,5,8,4,0,0,1,4,0,5,5,0,5,2,0,1,7,10,11,1,0,0,14,7,2,0,7,12,0,1,7,3,0,7,2,0,7,7,1,4,0,0,1,3,0,0,9,1,1,0,0,9,0,2,0,3,0,2,1,1,0,5,1,1,5,1,2,0,2,0,1,0,3,0,2,1,5,1,6,0,2,0,5,0,0,0,3,0,0,0,0,0,0,0,0,1,3,0,0,2,1,3,2,1,3,1,0,0,0,0,0,0,0,0,1,0,0,0,0,0,0,0,2,1,1,1,0,0,1,2,6,0,427
5,18,9,1,15,22,3,10,4,7,1,2,3,29,1,1,1,7,0,4,0,12,4,4,2,7,1,0,0,0,1,3,8,1,0,4,6,0,8,2,9,11,1,1,2,6,7,2,0,5,14,1,6,4,1,0,2,0,0,1,5,5,0,1,1,0,3,0,0,0,1,0,0,0,2,0,1,0,5,0,5,3,2,4,4,1,3,3,0,2,1,2,1,0,0,0,0,3,1,1,0,1,7,4,1,5,0,1,3,4,0,0,0,0,0,0,0,0,0,0,0,0,0,0,1,2,3,1,0,0,1,1,0,0,0,0,0,0,0,3,0,2,2,1,1,0,0,4,2,0,0,0,1,5,0,372
5,19,9,3,8,23,1,3,5,4,2,3,4,19,2,4,0,0,2,16,2,5,2,1,1,6,0,1,0,0,0,1,2,1,1,4,3,0,0,1,9,5,2,2,0,2,0,5,0,7,11,4,3,1,1,2,5,0,0,5,7,6,0,0,0,0,0,0,0,3,0,0,1,0,5,4,0,0,1,0,5,0,0,2,0,5,2,2,2,2,0,5,2,0,0,0,0,0,0,5,4,1,2,0,0,1,0,1,0,4,1,0,0,0,0,0,0,0,0,1,0,0,1,3,0,0,0,0,3,1,3,6,0,0,0,0,0,0,0,0,0,0,0,0,1,0,0,1,0,0,0,2,8,2,0,308
5,20,9,0,1,7,0,0,3,3,1,1,0,6,0,4,0,2,0,1,2,1,0,0,0,2,0,0,0,0,0,0,2,1,0,2,2,0,0,2,6,2,2,1,0,3,2,0,0,0,1,0,0,2,0,1,2,0,0,1,1,3,2,0,0,1,0,0,0,0,0,0,1,1,0,0,0,0,1,0,1,1,0,0,1,8,1,1,5,0,0,1,0,0,0,0,0,2,2,0,0,0,1,0,1,1,0,0,0,0,0,0,0,4,0,0,0,0,0,0,1,0,0,5,0,0,0,2,1,2,0,0,0,0,0,0,0,0,0,0,0,0,3,0,0,3,0,0,0,0,0,0,6,5,0,143
5,21,2,2,1,9,2,0,0,9,4,2,3,5,2,1,1,2,0,1,0,4,1,0,0,0,1,0,0,1,0,0,1,0,1,3,0,0,0,2,2,5,0,0,0,1,1,0,0,0,0,1,0,1,0,0,2,0,1,0,0,4,0,0,0,0,2,0,0,1,0,0,0,0,0,0,0,0,2,0,0,0,0,1,0,0,2,1,2,0,0,1,0,0,0,0,0,0,0,0,0,0,0,0,0,0,0,0,0,0,0,0,0,0,0,0,0,0,0,0,0,0,2,1,0,0,0,0,2,0,0,0,0,0,0,0,0,0,0,0,0,0,0,0,0,0,0,1,0,0,0,0,12,1,0,109
5,22,4,3,2,1,0,0,0,2,1,1,0,1,0,0,0,0,0,5,0,0,0,1,0,0,2,0,0,0,2,0,0,2,0,2,0,0,1,6,2,2,0,0,2,2,1,0,0,0,0,0,0,1,0,0,2,1,0,0,0,0,0,0,0,1,0,0,0,0,0,0,0,0,0,0,0,0,0,0,0,0,0,0,2,3,0,1,0,0,0,0,0,0,0,0,0,0,0,0,0,0,0,0,0,0,0,0,0,0,0,0,4,0,0,0,0,0,0,0,0,0,0,1,1,0,1,0,0,0,0,0,0,0,0,0,0,0,0,0,2,0,0,0,0,0,0,2,0,0,0,0,4,1,0,72
5,23,0,0,3,0,0,0,0,0,2,1,0,5,0,0,0,0,1,2,3,0,0,0,0,3,0,0,0,0,1,0,0,0,0,0,0,0,0,2,2,0,0,0,1,2,3,0,0,0,1,0,0,0,0,0,3,0,1,0,0,0,0,0,0,0,0,0,0,0,0,0,2,0,0,1,0,0,0,0,0,0,0,0,3,3,2,5,0,0,0,0,0,0,0,0,0,1,0,0,0,0,0,0,0,2,0,0,0,0,0,0,0,0,0,0,0,0,0,0,0,0,0,0,0,8,0,0,3,0,0,0,0,0,0,0,0,0,0,0,0,0,0,2,0,1,0,0,0,0,0,0,3,0,0,72
6,0,3,0,0,1,0,0,0,1,0,0,1,2,1,0,1,1,0,2,0,0,0,0,0,2,1,0,0,0,0,0,0,0,0,0,0,0,0,0,0,1,0,0,0,1,1,0,0,0,0,0,0,0,0,5,1,0,1,0,0,0,0,0,0,0,0,0,0,0,0,0,2,0,0,0,0,0,0,0,0,0,0,0,0,0,0,1,0,0,0,0,0,0,0,0,0,0,0,0,0,0,0,0,0,1,0,0,0,0,0,0,0,0,0,0,0,0,0,0,0,0,0,0,0,0,0,0,0,0,0,0,0,0,0,0,0,0,0,0,0,1,0,0,0,0,0,0,0,0,0,1,3,0,0,35
6,1,0,0,0,0,0,0,0,0,0,0,8,0,0,0,0,0,0,0,1,0,0,0,0,0,0,0,0,0,0,0,0,0,0,0,0,0,0,0,0,1,0,0,0,0,0,0,0,0,0,0,0,0,0,0,1,0,0,0,0,3,0,0,0,0,1,0,0,0,0,0,0,0,0,0,0,0,0,0,0,0,0,0,0,0,0,0,0,0,0,0,0,0,0,0,0,0,0,0,0,0,0,0,0,0,0,0,0,0,0,0,0,0,0,0,0,0,0,0,0,0,0,0,4,0,0,0,0,0,0,0,0,0,0,0,0,0,0,0,0,0,0,0,0,0,2,0,0,0,0,0,4,0,0,25
6,2,0,3,0,0,0,5,0,0,0,0,0,1,0,0,0,0,0,0,0,0,0,0,0,0,0,0,0,0,0,0,0,0,0,0,0,0,0,0,0,0,0,0,0,0,0,0,0,0,0,0,2,0,0,0,0,0,0,0,0,1,0,0,0,0,0,0,0,0,0,0,0,0,0,0,0,0,0,0,0,0,0,0,0,1,2,0,0,0,0,0,0,0,0,0,0,0,0,0,0,0,0,0,0,0,0,0,0,0,0,0,0,0,0,0,0,0,0,0,0,0,0,0,0,0,1,0,0,0,0,0,0,0,0,0,0,0,0,0,0,0,0,0,0,0,2,0,0,0,0,1,2,0,0,21
6,3,0,0,0,0,0,0,0,0,0,0,0,0,0,0,0,0,0,0,0,0,0,0,0,0,0,0,0,0,0,0,0,0,0,0,0,0,0,0,0,1,0,0,0,0,0,1,0,0,0,0,0,0,0,0,0,0,0,0,0,0,0,0,0,0,0,0,0,0,0,0,0,0,0,0,0,0,0,0,0,0,0,0,0,0,0,0,0,0,0,0,0,0,0,0,0,0,0,0,0,0,0,0,0,0,0,0,0,0,0,0,0,0,0,0,0,0,0,0,0,0,0,0,0,0,0,0,0,0,0,0,0,0,0,0,0,0,0,0,0,0,0,0,1,0,0,0,0,0,0,0,0,0,0,3
6,4,0,0,0,1,0,0,0,2,0,0,0,1,0,0,0,0,0,0,0,0,0,1,0,0,0,1,0,0,0,0,0,0,0,0,0,0,0,0,1,0,0,0,0,0,0,0,0,1,0,0,0,0,0,0,0,0,0,0,0,0,0,0,0,0,0,0,0,0,0,0,0,0,0,0,0,0,0,0,0,0,0,0,0,0,0,0,0,0,0,0,0,0,0,0,0,0,0,1,0,0,0,0,0,0,0,0,0,0,0,1,0,0,0,0,0,0,0,0,0,0,0,0,0,0,0,0,0,0,0,0,0,0,0,0,0,0,0,0,0,0,0,0,0,0,0,0,0,0,0,0,0,1,0,11
6,5,2,3,0,0,0,0,0,0,0,0,0,1,0,0,0,0,0,0,0,1,1,0,0,0,0,0,0,0,0,0,1,1,0,1,0,0,0,0,0,1,0,0,0,0,0,1,0,1,0,0,1,0,0,0,0,0,0,0,0,0,0,0,0,0,0,0,0,0,0,0,0,0,0,0,0,0,0,0,0,0,0,0,0,0,0,0,0,0,0,0,0,0,0,0,0,0,0,0,0,0,0,0,0,0,0,0,0,0,0,0,0,0,0,0,0,0,0,0,0,0,0,0,0,0,0,0,0,0,0,0,0,0,0,0,0,0,0,0,0,0,0,0,0,0,0,0,0,0,0,0,0,1,0,16
6,6,1,0,2,2,0,1,0,0,0,0,0,0,5,1,0,0,0,0,1,0,1,0,0,0,0,0,0,0,0,0,0,0,0,0,0,0,0,0,1,2,0,1,0,0,0,0,0,3,0,0,0,0,0,0,0,0,0,0,0,0,0,0,0,0,0,0,0,0,0,0,0,0,0,0,0,0,0,0,0,0,0,0,0,0,0,0,0,0,0,0,0,0,0,0,0,0,0,0,0,0,0,0,0,0,0,0,0,0,0,0,0,0,0,0,0,0,0,0,0,0,0,0,0,0,0,0,0,0,0,0,0,0,0,0,0,0,0,0,0,0,0,0,0,0,0,0,0,0,0,0,0,0,0,21
6,7,3,2,0,6,0,0,0,1,3,2,3,1,3,0,0,1,0,0,1,0,1,1,0,1,0,0,0,0,0,1,0,0,0,1,0,0,0,1,4,6,0,0,0,0,1,1,0,0,0,2,0,0,0,2,0,0,0,0,0,0,1,0,0,0,0,0,1,0,0,0,0,0,0,0,0,0,0,0,0,0,0,0,0,0,0,0,1,0,0,0,0,0,0,0,1,0,0,0,0,0,0,0,0,0,0,0,0,1,0,0,0,0,0,0,0,0,0,0,0,0,0,0,0,0,0,0,0,0,0,0,0,0,0,0,0,0,0,0,0,0,0,0,0,0,0,0,0,0,0,0,0,2,0,55
6,8,2,6,5,4,1,1,0,0,1,0,0,4,0,0,0,0,0,0,1,1,0,1,0,2,0,0,0,0,3,0,1,0,0,3,0,0,3,1,4,0,0,0,1,0,0,0,0,3,1,1,0,2,0,0,0,0,0,0,0,0,0,0,0,0,2,0,0,0,0,2,0,0,0,0,0,0,0,1,0,0,0,0,0,1,1,1,0,0,2,0,0,0,1,0,0,0,0,1,0,0,0,0,0,0,0,0,0,0,0,0,0,0,0,0,0,0,0,0,0,0,3,0,0,0,0,0,2,0,0,0,0,0,0,0,0,0,0,0,0,0,0,0,0,0,0,0,0,0,0,5,2,1,0,77
6,9,7,7,3,8,1,4,0,2,1,0,3,2,8,4,0,0,0,10,3,4,0,0,0,6,2,0,1,0,2,0,2,1,0,11,3,0,6,7,4,11,3,0,2,4,0,1,0,6,2,0,4,2,0,2,2,0,0,6,0,3,2,2,0,0,0,0,1,0,0,2,0,1,2,0,0,0,0,2,0,1,4,0,1,0,1,0,0,0,0,0,0,2,0,0,0,0,0,1,5,0,2,0,2,0,0,0,1,5,1,0,0,0,0,0,0,0,0,0,0,0,0,0,0,1,3,0,0,0,0,0,0,0,0,0,0,0,0,0,1,0,3,0,0,0,0,0,0,1,0,2,6,9,0,224
6,10,14,2,17,14,1,4,0,3,3,0,8,15,8,0,0,4,1,3,3,4,2,6,3,2,0,0,2,1,1,4,5,14,0,7,6,0,3,3,7,11,3,2,0,3,6,1,0,10,4,1,4,5,2,2,5,0,0,3,6,1,1,0,0,0,1,0,1,0,0,4,0,1,3,0,3,0,2,0,1,6,1,0,1,0,5,0,5,0,1,1,0,0,0,0,0,1,0,2,1,3,0,0,0,1,0,1,0,1,0,1,0,1,0,1,0,0,0,0,2,0,2,3,0,4,1,0,2,0,0,0,0,0,0,0,0,0,0,0,0,1,0,0,0,0,0,2,0,1,0,4,4,18,0,333
6,11,10,4,6,15,0,10,3,9,3,0,3,25,3,10,2,1,4,3,0,13,2,3,0,8,8,1,0,0,2,0,7,4,8,20,3,0,4,9,12,4,3,0,0,3,4,0,0,10,4,0,3,4,1,3,7,0,0,1,3,7,2,0,0,0,2,0,2,1,0,1,0,0,1,0,1,0,0,0,1,1,0,3,0,4,3,1,3,0,1,2,1,0,0,0,0,0,3,5,2,4,0,0,0,0,0,0,2,1,0,0,0,0,0,0,1,0,0,2,2,2,1,6,4,4,0,1,1,0,0,0,0,0,0,0,0,0,0,0,0,0,0,1,2,0,0,1,0,0,0,5,6,20,0,378
6,12,9,0,10,22,0,6,2,7,7,3,4,35,4,6,1,1,6,6,2,2,6,0,3,4,1,1,0,0,2,1,7,5,0,4,5,0,4,17,17,13,1,0,1,0,4,2,1,11,2,6,5,5,1,0,10,0,2,2,2,9,2,1,0,1,1,0,3,3,0,0,3,0,0,0,0,1,3,1,0,2,1,1,2,5,1,2,2,0,0,3,0,0,0,0,0,0,0,3,0,1,2,1,3,0,0,0,1,3,1,0,0,0,0,0,0,0,1,4,5,0,2,1,0,2,2,0,2,0,2,0,2,0,0,0,0,0,0,1,2,0,1,0,0,1,0,2,0,1,0,3,12,8,0,394
6,13,33,9,9,30,3,8,1,14,2,2,3,29,1,6,0,3,2,2,4,10,1,7,0,9,2,0,0,0,5,6,7,1,0,7,2,0,5,10,6,7,4,0,2,7,8,5,0,9,5,2,1,8,0,1,3,3,0,4,4,3,2,5,4,1,0,0,0,2,1,1,0,1,1,0,0,0,4,0,0,1,1,2,0,0,4,1,4,3,0,3,0,1,0,0,0,2,0,6,1,1,1,0,4,1,0,0,0,3,0,0,2,0,0,0,0,0,0,2,2,0,2,0,0,1,3,3,1,0,0,0,2,0,0,0,0,0,0,1,0,0,1,0,0,0,0,0,0,0,0,1,8,8,0,413
6,14,12,0,12,18,1,11,2,9,13,1,3,49,3,3,0,4,5,3,4,4,5,2,1,10,6,2,0,0,3,2,0,3,0,9,3,0,5,3,8,6,1,0,1,5,2,4,0,8,4,2,3,3,3,0,5,0,0,5,0,3,0,0,7,1,2,0,0,0,1,3,0,0,6,0,0,0,4,0,0,5,0,0,3,3,4,2,3,0,0,3,0,2,1,0,0,1,2,8,5,4,2,0,0,0,0,1,0,2,1,0,0,1,0,0,2,0,0,3,2,0,11,4,5,5,2,1,2,2,0,0,0,0,0,1,0,0,0,1,1,0,1,0,0,0,0,0,1,0,0,2,7,8,0,412
6,15,20,0,3,32,2,8,0,2,5,4,6,26,8,4,0,3,0,11,0,10,8,1,0,19,2,0,0,0,7,4,7,5,3,11,5,0,0,11,8,10,2,0,0,8,3,3,0,4,10,2,10,5,5,3,11,2,1,4,4,4,2,0,0,0,3,0,0,11,0,0,1,3,3,0,2,0,1,0,0,0,3,0,0,2,0,1,3,3,3,9,0,2,4,0,1,0,0,4,2,9,2,0,0,0,0,0,1,3,0,0,0,0,0,0,0,0,0,1,0,2,6,10,0,2,0,0,5,0,0,0,0,0,0,0,0,0,0,0,0,1,0,1,0,0,0,1,1,0,2,4,9,15,0,464
6,16,18,4,8,29,3,4,1,6,0,0,6,20,4,2,0,3,7,3,2,3,11,2,0,24,2,0,0,1,8,1,7,5,1,2,3,0,1,9,11,4,2,0,0,7,5,3,0,2,11,1,11,10,1,1,4,3,5,8,5,0,4,5,0,0,0,0,1,2,0,0,0,0,13,0,1,0,2,0,0,4,1,2,2,0,4,2,3,0,1,2,0,0,0,0,0,2,3,2,0,3,1,2,2,2,0,1,0,4,0,0,0,0,0,0,0,0,0,1,0,0,3,0,7,0,1,1,2,0,0,0,0,0,0,0,0,0,0,3,0,2,0,0,1,0,0,1,0,0,0,2,7,8,0,404
6,17,14,11,15,43,0,13,0,2,3,0,3,7,3,4,0,1,2,6,2,15,0,6,0,11,1,0,2,1,3,3,1,2,1,1,6,0,6,6,25,3,1,1,4,4,1,4,0,5,7,0,1,6,1,0,6,0,4,1,3,2,1,0,1,0,1,0,0,0,0,0,1,0,2,0,0,0,2,0,0,0,1,0,2,0,6,0,4,0,4,3,0,1,0,1,1,1,0,6,0,2,1,0,2,0,0,1,2,2,2,0,0,0,0,0,0,0,0,1,0,0,0,3,0,5,3,2,3,1,0,0,0,0,0,0,0,0,0,0,0,0,0,0,0,0,0,0,2,0,0,4,11,5,1,364
6,18,7,1,8,24,1,3,6,1,2,1,1,14,2,2,0,2,1,0,2,3,6,0,0,5,1,1,0,1,2,2,0,2,0,2,7,0,1,1,11,7,1,0,0,9,2,0,0,9,3,0,6,4,0,0,2,2,0,1,1,3,3,0,2,4,2,0,0,0,0,2,2,0,2,0,0,0,1,2,0,2,0,1,1,4,5,3,0,2,0,2,0,1,0,0,0,0,0,0,1,3,1,0,0,2,0,3,0,0,3,0,0,0,0,0,0,0,0,1,0,0,0,0,1,4,1,1,1,0,0,0,0,0,0,0,0,0,0,0,0,0,0,0,1,0,1,3,0,1,0,2,5,3,0,252
6,19,16,0,4,21,0,6,0,1,1,2,0,15,1,1,0,2,0,5,2,2,1,0,3,4,0,0,0,0,1,0,2,2,0,0,1,0,3,1,6,2,1,1,0,5,2,0,0,1,4,1,3,2,0,0,3,0,1,2,2,3,0,1,2,0,0,0,0,0,0,0,1,0,0,0,0,0,3,0,0,0,0,0,0,0,2,0,2,0,0,0,0,0,0,0,0,0,1,4,0,0,0,0,0,2,0,0,0,1,0,0,0,0,0,0,0,0,0,2,0,0,1,4,1,3,0,3,0,0,1,1,0,0,0,0,0,0,0,0,0,0,0,0,0,2,0,0,0,0,0,1,6,4,0,184
6,20,3,2,3,5,0,1,0,1,0,1,0,11,1,3,0,0,0,3,2,2,1,2,0,3,0,0,0,0,1,0,2,3,0,4,1,0,1,1,6,2,0,0,0,0,2,1,0,3,1,2,3,0,1,0,1,0,0,0,3,5,0,0,0,3,3,0,1,0,0,0,0,0,0,0,0,0,2,0,0,0,0,0,2,2,0,2,0,0,0,1,0,0,0,0,0,0,1,3,0,2,0,0,0,0,0,0,0,0,0,0,0,0,0,0,0,0,1,1,0,0,2,1,0,2,0,0,0,0,0,1,0,0,0,0,0,0,0,0,0,0,0,0,0,0,0,0,0,0,0,1,10,1,0,129
6,21,2,1,1,3,0,1,2,0,2,0,1,0,3,1,0,1,0,0,1,0,0,0,0,0,0,0,1,0,1,0,4,0,0,3,3,0,1,0,9,2,0,1,0,1,0,0,0,1,0,2,0,2,1,4,2,2,0,0,0,4,0,0,0,0,0,0,0,0,0,0,0,0,2,0,0,0,1,0,0,0,1,0,0,1,0,1,0,0,0,0,0,0,0,0,0,0,1,1,0,0,2,0,1,0,0,0,0,0,0,0,0,0,0,0,0,0,0,0,0,0,3,0,0,1,0,0,0,0,0,0,2,0,0,0,0,0,0,0,0,0,0,0,2,0,0,0,0,0,0,2,8,2,0,94
6,22,0,0,0,2,0,0,0,0,0,0,0,1,0,0,0,0,0,0,2,0,1,0,0,0,4,0,0,0,0,3,1,1,0,0,1,0,0,0,0,1,0,0,0,2,0,2,0,0,0,0,3,0,0,0,0,0,0,0,2,0,0,0,0,1,0,0,0,0,0,0,0,0,0,0,0,0,1,0,0,0,0,0,0,0,0,0,0,0,0,3,0,0,0,0,0,0,0,0,0,0,0,0,0,0,0,0,0,0,0,0,0,0,0,0,0,0,0,0,0,0,0,2,0,2,0,0,0,0,0,0,0,0,0,0,0,0,0,0,0,0,0,0,0,0,0,0,0,0,0,0,0,0,0,35
6,23,0,0,0,2,0,3,0,0,0,0,0,0,1,1,0,0,0,2,0,2,0,0,0,0,0,0,0,0,0,2,0,3,0,3,0,0,2,0,1,0,0,0,0,0,0,0,0,1,1,0,1,0,0,0,1,0,0,0,0,0,0,0,0,0,0,0,0,0,0,0,0,0,0,0,0,0,0,0,0,0,0,0,0,0,0,1,0,1,0,0,0,0,1,0,0,0,0,0,0,0,0,0,0,0,0,0,0,0,0,0,0,0,0,0,0,0,0,0,0,0,0,0,0,0,0,0,1,0,0,0,0,0,0,0,0,0,0,0,0,0,0,0,0,2,0,0,2,0,0,0,0,1,0,35
