day,hour,30000,30001,30002,30003,30004,30005,30006,30007,30008,30009,30010,30011,30012,30013,30014,30015,30016,30017,30018,30019,30020,30021,30022,30023,30024,30025,30026,30027,30028,30029,30030,30031,30032,30033,30034,30035,30036,30037,30038,30039,30040,30041,30042,30043,30044,30045,30046,30047,30048,30049,30050,30051,30052,30053,30054,30055,30056,30057,30058,30059,30060,30061,30062,30063,30064,30065,30066,30067,30068,30069,30070,30071,30072,30073,30074,30075,30076,30077,30078,30079,30080,30081,30082,30083,30084,30085,30086,30087,30088,30089,30090,30091,30092,30093,30094,30095,30096,30097,30098,30099,30100,30101,30102,30103,30104,30105,30106,30107,30108,30109,30110,30111,30112,30113,30114,30115,total
0,0,1,0,0,0,2,0,0,0,2,1,0,0,0,1,0,0,0,2,0,0,0,2,2,0,2,2,1,1,0,0,0,0,0,0,0,0,3,1,0,0,0,0,2,1,0,0,4,1,0,0,0,0,0,1,0,2,0,0,0,0,0,1,0,0,0,3,0,0,0,0,0,0,0,0,0,0,0,0,0,1,0,0,0,0,0,0,0,0,0,0,0,0,0,1,0,0,0,0,0,0,0,0,0,0,0,0,0,0,0,0,0,0,0,0,0,0,40
0,1,0,0,0,0,0,1,0,0,1,0,0,0,0,0,1,0,0,0,0,1,1,0,0,0,1,1,0,2,0,0,0,0,2,0,0,0,1,0,2,2,1,0,0,0,0,0,0,0,1,0,0,0,0,0,0,0,0,5,0,0,0,0,0,0,0,0,0,0,0,0,0,0,0,0,0,0,0,0,0,0,0,0,0,0,0,0,0,0,2,0,0,0,0,0,0,0,0,0,0,0,0,0,0,0,0,0,0,0,0,0,2,0,0,0,0,0,27
0,2,0,0,0,0,1,0,1,0,0,0,0,0,0,0,0,0,0,1,0,0,0,0,0,0,0,0,0,0,0,0,0,0,0,0,0,0,0,0,0,0,0,0,0,1,0,0,0,0,0,0,0,0,1,0,0,4,0,5,0,0,0,1,0,0,0,0,0,0,0,0,0,0,0,0,0,0,0,0,0,0,0,0,0,0,0,0,0,0,0,0,0,2,0,2,0,0,0,0,0,0,0,0,0,0,0,0,0,0,0,0,0,0,0,0,0,0,19
0,3,0,0,0,0,0,0,0,0,0,0,0,0,0,0,0,0,0,0,0,0,0,0,1,0,0,0,0,0,0,0,0,0,0,0,1,0,0,0,0,0,0,0,0,0,0,0,0,1,0,0,0,0,0,0,0,0,0,0,0,0,0,0,0,0,1,0,0,0,0,0,0,0,0,0,0,0,0,0,0,0,0,0,0,0,0,0,0,0,0,0,0,0,0,0,0,0,0,0,0,0,0,0,0,0,0,0,0,0,0,0,0,0,0,0,0,0,4
0,4,0,0,0,0,0,0,0,0,0,0,0,1,0,0,0,0,0,1,0,0,0,0,0,0,0,0,0,0,0,0,0,0,0,0,0,0,0,0,0,0,0,0,0,0,0,0,0,1,0,0,0,0,0,0,0,2,0,0,0,0,1,0,0,0,0,0,0,0,0,0,0,0,0,0,0,0,0,0,0,0,0,0,0,0,0,0,0,0,0,0,0,0,0,0,0,0,0,0,0,0,0,0,0,0,0,0,0,0,0,0,0,0,0,0,0,0,6
0,5,0,0,0,0,2,0,0,0,0,0,1,2,0,0,0,0,0,0,0,0,0,0,0,0,0,0,0,0,0,0,0,1,0,0,0,0,0,0,0,0,0,0,0,1,0,0,0,2,3,0,0,0,1,0,0,0,0,0,0,0,2,1,0,1,0,0,0,0,0,0,0,0,0,0,0,0,0,0,0,0,0,0,0,0,0,0,0,0,0,0,0,0,0,0,0,0,0,0,0,0,0,0,3,0,0,0,0,0,0,0,0,0,0,0,0,0,20
0,6,1,0,0,0,0,1,1,0,1,1,3,2,1,0,0,1,0,2,0,0,0,0,3,0,7,4,0,0,0,0,4,2,0,0,0,0,0,0,0,0,0,0,0,0,0,3,2,4,1,1,6,0,3,0,0,0,2,0,0,0,1,2,1,0,0,0,0,0,0,0,0,0,0,0,0,0,0,0,0,0,1,0,0,0,0,0,0,4,2,0,1,0,0,3,0,1,0,0,0,1,0,0,0,0,0,0,0,0,0,0,3,0,0,0,0,0,76
0,7,4,3,0,0,1,5,5,2,4,5,2,9,3,1,1,10,8,2,4,15,1,1,4,0,3,5,3,2,2,1,5,2,0,0,3,0,3,2,3,3,1,6,4,1,0,0,3,3,9,2,2,1,5,0,1,0,3,0,0,0,10,2,7,1,2,3,0,0,0,0,0,0,3,2,1,2,0,0,0,0,0,1,0,1,0,2,0,0,7,2,0,4,2,3,2,0,1,0,0,0,0,0,0,0,0,1,0,0,0,0,0,0,0,0,0,0,227
0,8,5,4,0,0,7,8,6,4,2,14,0,11,7,4,0,2,3,7,1,14,3,1,4,0,7,4,3,7,1,2,3,2,8,2,6,2,5,3,0,3,2,4,3,2,1,7,10,6,5,1,4,1,2,0,1,3,0,4,0,0,5,3,3,3,1,0,2,0,2,0,0,0,2,3,1,0,0,0,0,0,2,0,0,1,0,0,0,3,13,1,0,1,3,8,1,2,0,0,4,0,1,0,0,0,0,0,0,0,1,2,3,0,1,0,0,0,293
0,9,3,4,1,0,1,1,6,0,2,6,0,6,1,1,1,14,6,2,0,17,2,6,3,0,14,4,4,7,1,1,8,2,2,1,6,1,2,3,0,2,1,4,3,4,2,2,5,3,6,0,5,7,3,5,1,1,0,6,1,0,7,2,0,2,0,2,0,0,0,0,0,0,0,3,0,0,2,0,0,0,0,1,0,1,0,1,1,3,8,8,9,0,4,6,0,0,3,0,3,1,0,0,0,0,0,0,0,0,0,1,3,0,0,0,0,0,271
0,10,13,7,3,0,2,2,2,5,1,5,0,7,2,2,2,4,5,3,0,15,0,1,3,0,12,6,3,2,9,0,10,3,3,1,4,0,4,2,0,3,0,1,6,9,2,1,4,6,2,0,8,1,8,0,2,1,0,0,0,0,1,3,6,4,0,2,0,0,0,0,0,0,0,0,0,1,0,0,0,0,1,0,1,1,0,0,1,4,15,15,10,0,0,2,0,3,0,0,2,0,1,0,1,0,0,0,1,0,1,0,1,0,0,0,0,0,274
0,11,2,2,1,0,3,2,5,5,6,8,1,10,0,0,3,8,1,1,3,27,0,4,5,0,25,9,12,9,1,7,16,0,5,2,3,3,5,0,0,3,3,2,22,6,2,2,2,3,3,5,5,4,3,2,2,6,0,2,3,0,3,3,3,4,1,0,0,1,0,0,0,0,1,1,1,0,0,0,0,0,0,0,0,0,1,0,1,1,9,12,7,3,0,5,1,3,2,0,2,0,0,0,0,0,0,1,0,0,0,0,3,0,0,0,2,0,345
0,12,14,3,5,0,6,2,6,2,1,9,5,8,4,0,2,4,14,3,3,25,2,5,0,0,42,16,21,6,3,11,6,5,0,1,2,9,6,2,1,3,1,1,20,11,8,4,14,16,1,4,5,3,2,5,3,9,4,8,5,0,9,7,4,5,0,5,0,2,0,0,0,1,0,1,0,2,0,0,0,1,1,1,4,1,2,2,0,0,15,29,13,1,1,12,1,3,0,0,3,2,0,0,0,4,1,0,0,0,0,0,1,0,0,0,0,0,515
0,13,20,3,0,0,9,5,4,2,1,9,3,6,2,3,0,4,4,8,2,20,6,7,4,0,30,4,12,9,3,6,9,2,3,1,10,2,11,2,0,2,6,3,19,9,1,0,8,7,10,2,6,3,2,1,1,5,2,10,5,0,5,7,3,2,2,0,1,2,0,0,0,0,0,0,0,1,3,0,0,0,0,1,3,0,0,0,0,0,8,18,2,3,0,2,0,1,1,0,5,0,0,0,0,2,2,0,0,1,1,0,2,0,0,0,0,0,406
0,14,15,4,2,0,2,2,6,3,3,3,0,7,3,5,1,5,7,5,2,35,5,1,3,0,36,10,12,4,3,2,2,2,1,0,9,4,5,0,0,3,1,1,17,18,6,2,4,7,2,1,5,1,3,0,0,5,1,2,3,0,2,2,0,3,2,0,0,1,0,0,0,0,0,4,0,0,0,0,0,0,1,1,2,2,4,5,0,0,11,16,2,3,5,2,1,0,0,0,2,2,0,1,4,4,0,0,1,0,0,0,0,1,0,0,0,0,375
0,15,11,2,1,0,3,7,7,2,6,9,5,7,2,1,0,9,8,2,1,17,4,1,5,0,37,18,17,16,0,4,5,2,2,2,4,6,10,5,0,12,3,1,18,10,4,2,12,4,4,3,5,3,7,7,1,0,6,7,1,0,2,2,0,1,2,2,0,0,0,0,0,0,0,12,2,1,0,0,1,0,0,2,0,0,2,1,9,2,6,15,12,6,0,2,4,1,4,0,1,0,0,0,0,1,0,0,1,0,0,0,2,0,0,0,1,0,445
0,16,11,2,2,0,5,3,16,2,4,11,1,18,2,4,0,12,5,8,1,23,5,4,2,1,45,6,21,4,5,29,5,2,3,5,6,2,11,0,0,3,9,2,29,18,2,2,5,4,6,0,7,10,5,5,6,3,4,3,4,0,0,1,1,1,4,4,1,2,0,0,0,0,0,1,0,0,1,0,0,0,2,0,4,0,2,2,0,0,6,3,10,3,2,1,0,9,1,1,4,0,0,0,2,3,0,0,1,0,0,0,1,0,0,0,0,0,486
0,17,15,1,1,1,8,1,27,5,4,5,4,8,2,4,1,17,4,9,3,33,7,5,3,1,36,26,18,17,7,21,5,0,6,4,15,3,14,2,2,4,8,0,27,14,4,2,6,9,5,4,10,13,5,0,3,10,3,9,7,0,6,6,0,0,2,4,2,1,0,1,0,0,0,0,0,0,0,1,0,1,2,0,1,2,0,0,1,0,2,17,1,6,3,2,1,1,6,0,1,0,0,0,1,3,1,1,0,0,0,3,0,0,0,0,0,0,567
0,18,7,3,2,1,5,1,13,8,8,9,3,8,2,9,1,3,7,4,1,18,5,3,6,2,19,12,9,4,5,7,5,5,2,1,5,2,9,2,5,5,9,2,16,17,5,8,4,15,2,1,7,5,5,4,4,5,1,3,3,0,3,12,0,1,1,2,0,0,0,0,0,0,0,1,0,0,1,0,1,0,2,2,3,0,0,0,2,0,7,13,10,0,2,6,6,0,2,0,1,2,0,0,0,4,1,0,0,0,2,2,1,0,1,0,0,0,433
0,19,10,2,5,0,4,0,6,0,5,7,1,4,2,2,0,7,2,3,1,10,6,0,5,0,13,10,13,3,1,3,10,2,4,0,5,12,3,1,0,1,5,2,19,18,1,3,4,7,3,2,5,3,5,2,1,10,0,3,3,0,4,3,0,3,0,0,0,1,0,0,0,0,0,0,1,1,1,2,0,0,1,0,0,9,0,9,0,3,3,5,4,0,3,2,1,3,0,1,0,0,0,0,9,0,0,0,0,0,0,0,0,0,0,0,0,0,328
0,20,3,1,0,0,4,2,2,0,1,0,3,4,1,4,0,6,3,8,0,11,4,0,2,0,15,12,11,0,2,2,0,1,2,1,2,2,0,0,0,1,4,0,4,6,0,2,1,5,1,0,1,4,5,4,0,1,2,2,0,0,1,4,0,0,1,0,0,0,0,0,0,0,2,0,0,1,0,1,0,0,0,0,1,0,0,2,8,1,5,1,5,2,2,8,0,0,0,0,1,0,0,0,4,0,0,0,0,0,1,0,0,0,0,0,0,0,203
0,21,3,0,0,0,3,0,4,1,0,6,1,4,1,1,0,1,3,6,1,4,7,7,0,0,7,6,5,5,0,2,1,1,3,1,1,0,2,0,0,5,0,1,4,2,2,2,2,1,3,0,2,2,1,7,0,4,1,0,1,0,4,0,0,0,3,0,0,0,0,0,0,0,0,0,1,0,0,0,4,0,2,0,0,2,1,1,0,0,0,1,7,0,0,2,1,0,1,1,0,0,0,0,0,0,0,0,0,0,0,0,0,0,0,0,0,0,158
0,22,0,0,0,0,4,0,2,0,0,1,0,0,0,1,0,1,2,0,0,1,5,0,1,1,8,3,4,1,0,2,0,0,2,0,2,1,6,0,0,0,1,0,9,8,0,3,0,0,3,0,0,0,0,4,0,4,2,1,0,0,3,0,0,0,2,0,0,0,0,3,0,0,0,1,0,0,0,0,0,0,1,0,0,1,0,1,0,1,1,2,0,0,0,0,1,1,1,0,0,1,0,0,0,0,0,1,0,0,0,0,0,0,0,0,0,0,104
0,23,0,0,0,0,1,0,5,0,2,0,0,0,2,2,0,2,0,3,0,3,1,0,1,0,4,6,6,2,0,0,0,0,1,0,2,0,1,0,0,0,0,0,6,1,1,0,2,3,0,0,0,0,0,1,0,1,0,0,1,0,0,0,0,1,0,1,0,0,0,3,0,0,0,0,0,0,0,0,0,0,0,0,0,0,0,0,0,0,2,0,2,2,1,0,0,0,0,0,0,0,0,0,0,0,0,0,1,0,0,0,0,0,0,0,0,0,73
1,0,1,0,0,0,0,0,0,1,0,0,0,0,1,1,0,0,0,3,0,3,0,0,1,0,2,2,0,6,0,1,0,0,0,0,0,2,0,0,0,0,0,0,0,0,1,1,0,0,1,0,0,0,0,3,0,1,0,1,0,0,0,0,0,0,0,0,0,0,0,0,0,0,0,0,0,0,0,0,0,0,0,0,0,0,0,0,0,0,0,2,0,0,0,0,0,0,0,0,0,0,0,0,0,1,0,0,0,0,0,0,0,0,0,0,0,0,35
1,1,0,0,0,0,1,0,0,0,0,1,0,0,0,0,0,0,0,0,0,1,0,0,0,0,0,1,1,2,0,0,0,0,1,0,0,0,1,0,0,0,0,0,0,0,0,0,0,0,0,0,0,0,0,0,0,1,0,0,0,0,0,0,0,0,0,0,0,0,0,0,0,0,0,0,0,0,0,0,0,0,0,0,0,0,0,0,0,0,0,0,0,0,0,0,0,0,0,1,0,0,0,0,0,0,0,0,0,0,0,0,0,0,0,0,0,0,11
1,2,0,0,0,0,0,0,0,0,0,0,0,0,0,0,0,0,0,0,0,0,0,0,0,0,1,0,0,0,0,0,0,0,0,0,1,0,0,0,1,0,0,0,0,0,0,0,0,0,1,0,0,0,0,2,0,0,0,0,0,0,0,0,0,0,0,0,0,0,0,0,0,0,0,0,0,0,0,0,0,0,0,0,0,0,0,0,0,0,0,0,0,0,0,0,0,0,0,0,0,0,0,0,0,0,0,0,0,0,0,0,0,0,0,0,0,0,6
1,3,0,0,0,0,0,2,0,1,0,1,0,0,0,0,0,0,0,0,0,0,0,0,0,1,1,0,0,1,0,0,0,0,0,0,0,0,0,0,0,0,0,0,0,0,2,0,0,0,0,0,0,0,0,0,0,0,0,0,0,0,0,0,0,0,0,0,0,0,0,0,0,0,0,0,0,0,0,0,0,0,0,0,0,0,0,0,0,0,1,0,0,0,0,0,0,0,0,0,0,0,0,0,0,0,0,0,0,0,0,0,0,0,0,0,0,0,10
1,4,0,0,0,0,0,0,0,0,0,2,0,0,0,0,0,0,0,1,0,0,0,0,0,0,1,0,0,0,0,0,0,0,0,0,0,0,0,0,0,0,0,0,0,0,1,0,0,0,0,0,0,1,0,0,0,0,0,0,0,0,2,0,0,0,0,0,0,0,0,0,0,0,0,0,0,0,0,0,0,0,0,0,0,0,0,0,0,0,0,0,0,0,0,0,0,0,0,0,0,0,0,0,0,0,0,0,0,0,0,0,0,0,0,0,0,0,8
1,5,0,0,0,0,3,0,0,0,0,0,0,0,1,0,0,0,0,2,0,0,0,0,0,0,0,0,0,0,2,0,0,0,0,0,0,0,0,0,0,0,0,0,2,0,0,0,2,0,4,2,0,0,0,0,0,0,0,0,0,0,1,2,0,0,0,0,0,0,0,0,0,0,0,0,0,0,1,0,0,0,0,0,0,0,0,0,0,0,0,0,0,0,0,0,0,0,0,0,0,0,0,0,4,0,0,0,0,0,0,1,0,0,0,0,0,0,27
1,6,1,0,0,0,2,3,2,0,0,2,4,0,1,0,0,0,1,3,1,0,0,0,4,0,6,2,0,0,1,0,6,2,0,1,0,0,1,0,1,0,0,0,0,0,1,0,1,4,2,0,6,1,5,0,0,0,2,0,0,0,0,0,1,0,0,0,0,0,0,0,0,0,0,1,0,1,0,0,0,0,1,0,0,0,1,0,1,5,3,0,1,0,3,2,0,1,1,0,0,0,0,0,0,0,0,0,0,0,0,0,3,0,0,0,0,0,91
1,7,2,7,0,0,3,1,5,1,3,12,0,15,3,0,1,18,9,0,9,15,1,1,3,0,3,3,4,3,4,2,6,0,0,1,7,1,1,5,3,5,1,4,0,2,2,0,7,8,15,4,5,2,7,1,1,1,2,3,0,0,12,3,8,1,2,2,0,0,0,1,0,0,0,3,0,0,0,0,0,0,1,1,1,0,0,2,0,0,10,0,2,1,3,2,1,1,0,2,1,0,0,0,0,0,0,1,0,0,0,0,1,0,0,0,0,0,284
1,8,2,6,0,1,6,8,3,3,0,16,0,17,3,2,2,3,2,3,2,11,1,2,6,1,5,5,0,7,2,3,9,4,8,3,4,0,2,3,0,6,0,6,8,0,5,4,9,9,3,3,1,2,8,2,3,5,1,1,0,1,6,2,2,7,1,2,0,0,0,0,0,0,2,2,0,0,0,0,0,0,1,1,0,1,0,1,0,8,17,1,4,2,2,7,1,1,3,0,7,0,0,0,0,0,0,1,0,0,0,3,1,0,0,0,0,0,318
1,9,1,1,2,0,0,3,2,1,2,13,0,9,1,2,4,9,0,7,0,13,0,3,2,0,18,2,5,3,3,1,3,8,2,1,7,0,3,11,0,1,2,7,1,2,2,2,1,4,7,1,2,3,2,2,3,3,0,2,0,0,6,3,0,2,0,0,1,1,0,0,0,0,2,5,1,0,0,0,0,0,1,1,1,1,0,0,2,4,5,0,0,1,0,4,0,2,1,0,2,1,0,0,0,0,0,0,0,0,0,0,7,0,0,0,0,0,243
1,10,1,2,0,0,2,3,1,0,2,2,2,2,0,2,0,6,0,2,3,24,0,0,1,0,9,3,5,1,3,3,3,0,1,1,2,0,1,3,0,0,2,2,5,8,0,1,2,1,2,0,3,8,6,0,0,2,3,0,1,0,3,2,0,1,0,1,0,0,0,0,0,0,0,3,0,0,0,1,0,1,2,0,0,2,0,0,2,1,3,1,0,0,0,1,0,0,1,0,0,0,0,0,0,0,0,0,0,0,0,0,0,0,0,0,0,0,161
1,11,2,4,4,1,1,1,0,6,2,4,1,8,0,0,2,8,1,4,0,35,0,3,0,2,27,7,15,2,5,6,7,2,0,4,5,1,5,0,1,2,2,0,8,0,1,2,6,3,1,0,4,1,2,0,0,3,0,3,3,0,2,4,2,2,1,0,1,0,0,0,0,0,0,2,0,1,0,1,2,6,3,0,0,1,3,0,1,0,4,2,4,2,0,2,0,0,0,0,2,0,0,2,1,3,0,3,0,0,0,0,4,0,0,0,0,0,278
1,12,5,1,3,3,4,3,5,0,1,12,4,6,4,1,0,2,4,3,1,29,0,5,1,0,43,14,17,15,7,8,10,0,3,1,1,8,9,0,1,0,2,0,22,1,1,2,7,11,1,3,3,4,0,2,0,7,1,4,2,1,0,3,0,1,0,0,0,0,0,0,0,2,0,0,0,0,0,0,1,1,2,0,0,0,0,0,0,0,2,2,3,2,1,1,0,0,1,1,2,0,0,0,0,2,0,0,0,0,0,1,2,0,0,0,0,0,338
1,13,8,6,3,0,0,2,3,0,0,6,1,4,0,2,0,2,1,5,0,18,3,3,2,1,27,5,8,9,5,3,4,0,1,0,5,3,4,4,1,2,2,1,16,1,0,0,5,9,1,2,4,1,1,0,3,4,0,4,0,0,0,0,2,0,2,1,0,1,0,0,0,0,0,0,0,0,0,0,0,0,1,3,1,0,1,0,0,0,3,2,0,1,0,3,2,0,0,1,0,0,0,2,0,0,0,0,0,2,0,0,1,0,0,0,0,0,234
1,14,2,4,1,0,2,3,11,0,7,8,1,6,1,1,0,2,2,10,1,32,1,2,1,0,34,12,9,7,0,16,3,4,0,0,9,3,2,3,2,1,1,0,18,4,0,2,5,3,1,2,6,2,2,0,0,6,0,5,4,0,3,1,0,0,1,0,0,1,0,0,0,0,0,1,1,0,0,0,0,0,1,3,0,0,0,0,2,0,6,3,2,1,1,3,0,0,2,0,0,2,0,3,2,2,0,0,0,0,3,0,0,0,0,0,0,0,308
1,15,4,5,6,0,0,2,6,1,4,6,2,2,3,0,2,2,1,4,0,17,0,4,0,0,53,12,16,12,0,18,7,2,3,1,6,3,7,3,0,4,2,2,21,6,2,5,6,8,2,5,5,5,2,0,1,3,1,7,1,0,2,0,0,4,4,0,0,3,0,0,0,0,0,1,1,0,1,0,0,1,0,0,0,2,0,0,1,3,2,7,3,4,3,0,0,0,0,0,1,0,0,1,0,0,3,1,0,0,0,0,1,0,0,0,0,0,351
1,16,1,1,3,0,1,2,9,5,4,12,2,6,2,6,1,1,10,3,2,23,4,3,0,1,35,16,22,7,6,30,7,4,6,2,4,1,17,3,2,4,6,1,31,10,1,2,4,3,1,1,11,15,9,2,4,3,3,4,12,0,1,3,0,5,0,5,2,1,0,0,0,0,0,1,2,1,0,0,0,0,5,1,1,0,0,1,4,2,6,4,6,1,2,2,0,3,1,1,0,0,0,0,0,1,2,0,0,0,0,0,1,0,0,0,0,0,456
1,17,4,2,0,0,13,4,24,14,2,5,5,9,1,6,1,11,1,9,3,26,6,15,5,1,23,9,25,17,14,25,8,2,5,1,4,3,23,1,5,6,16,1,47,9,2,3,12,3,5,6,13,18,5,3,7,6,3,3,6,0,4,1,0,7,0,2,0,2,0,0,0,0,0,6,2,0,2,0,0,4,3,3,0,3,2,1,1,8,6,5,3,1,5,4,1,2,0,0,1,0,0,0,0,1,0,0,1,0,1,0,1,0,0,0,0,0,589
1,18,12,1,2,1,7,4,11,3,7,9,6,12,1,4,1,6,4,8,4,29,8,6,2,0,24,18,21,7,7,2,11,4,2,0,3,7,2,1,0,2,4,2,18,4,2,6,6,9,4,2,17,8,8,4,3,10,1,5,1,0,3,4,0,2,0,1,0,0,0,0,0,0,0,0,2,0,1,0,3,0,3,0,1,0,1,0,1,6,5,7,6,1,4,4,1,3,3,1,3,0,0,0,0,1,0,0,0,0,0,1,0,0,0,0,0,0,441
1,19,2,1,0,0,10,2,6,2,0,9,0,5,1,1,0,8,1,3,2,7,4,2,1,2,15,8,15,1,0,8,6,0,0,2,1,5,4,1,0,1,5,2,11,5,1,3,5,12,1,1,5,3,0,4,0,7,3,1,1,0,9,5,0,0,2,1,0,0,0,0,1,0,0,3,0,0,0,0,0,0,1,1,0,1,0,0,0,3,0,10,8,2,3,5,1,0,0,0,0,0,0,0,0,0,0,0,0,0,0,0,2,0,0,0,0,0,264
1,20,2,1,2,0,3,2,1,0,2,5,1,2,0,1,1,2,0,1,0,5,2,2,0,0,15,16,12,3,2,0,6,1,0,1,0,1,5,0,2,2,2,3,10,0,1,2,5,7,2,3,1,1,1,2,1,0,0,1,0,0,1,1,0,0,0,1,2,0,0,0,0,0,0,1,0,0,0,0,0,0,0,1,0,2,1,1,0,0,3,1,1,0,2,2,0,0,0,1,0,1,0,0,0,0,0,0,0,0,1,1,0,0,0,0,0,0,167
1,21,5,1,1,0,8,0,2,3,1,4,0,0,2,7,1,2,1,3,0,13,1,2,1,0,10,2,10,5,0,0,3,2,2,2,1,0,2,0,0,0,0,0,8,1,2,1,1,1,3,2,3,0,4,15,0,8,6,1,1,0,4,1,0,0,1,0,0,0,0,0,0,0,0,0,0,0,0,0,5,0,0,0,1,1,1,1,0,0,1,0,0,1,0,2,0,0,0,0,0,0,0,0,0,0,0,0,0,0,0,0,1,0,0,0,0,0,174
1,22,0,2,0,0,7,1,6,0,1,2,0,2,1,1,0,1,0,0,0,0,1,3,0,0,5,4,6,0,0,2,2,1,2,0,0,1,1,0,0,1,0,0,11,0,2,0,1,0,3,1,1,0,1,9,0,3,3,1,0,0,1,2,0,1,2,0,0,0,0,0,0,0,0,0,0,0,0,0,0,0,1,1,0,1,0,0,0,0,2,0,0,2,2,2,0,0,2,0,0,2,0,0,0,0,0,0,0,0,0,0,0,0,0,0,0,0,110
1,23,3,0,0,0,2,1,2,0,1,3,1,1,1,0,0,2,0,0,0,4,1,0,2,0,4,3,3,0,1,1,0,0,0,0,0,0,1,0,0,1,0,0,3,0,0,0,0,2,1,0,0,0,0,0,0,3,0,0,0,0,2,3,0,0,0,0,0,0,0,0,0,0,0,0,0,0,0,0,0,0,0,1,0,0,1,1,0,0,0,0,1,0,0,0,0,0,0,0,0,0,0,0,0,0,0,0,0,0,0,0,0,0,0,0,0,0,56
2,0,1,0,0,0,2,0,1,0,0,2,0,0,0,2,0,0,0,0,1,1,0,0,0,1,2,2,3,2,0,0,1,0,0,1,0,1,0,1,0,0,0,0,3,0,0,0,1,0,0,0,0,0,0,0,0,3,0,0,0,0,0,0,0,0,1,0,0,0,0,0,0,0,0,0,0,0,0,0,0,0,0,0,0,0,0,0,0,0,0,0,0,0,0,0,0,0,0,0,0,0,0,0,0,0,0,0,0,0,0,0,0,0,0,0,0,0,32
2,1,0,0,0,0,0,0,0,0,0,3,0,0,0,0,0,1,0,0,0,1,0,0,0,0,2,1,1,1,0,0,0,0,0,0,1,0,0,1,0,0,0,0,0,2,1,0,0,0,2,0,0,0,0,0,0,0,0,0,0,0,0,0,0,0,1,0,0,0,0,0,0,0,0,0,0,0,0,0,0,0,0,0,0,0,0,0,0,0,0,0,0,0,0,1,0,0,0,0,0,0,0,0,0,1,0,0,0,0,0,0,0,0,0,0,0,0,20
2,2,0,0,0,0,1,0,0,0,0,1,0,0,0,1,0,0,0,1,0,0,0,0,0,0,2,0,0,0,0,0,0,0,0,0,0,0,0,0,0,0,0,0,0,0,0,0,0,1,0,0,0,0,0,0,0,0,0,1,0,0,0,0,0,0,0,2,0,0,0,0,0,0,0,0,0,1,0,0,0,0,0,0,0,0,0,0,0,0,0,0,1,0,0,0,0,0,0,0,0,0,0,0,0,0,0,0,0,0,0,0,0,0,0,0,0,0,12
2,3,0,0,0,0,0,0,0,0,0,0,0,0,0,0,0,0,0,0,0,1,0,0,0,0,0,0,0,1,0,0,0,0,0,0,0,0,0,0,0,0,0,0,0,0,1,0,0,0,0,0,1,0,0,0,0,0,0,0,0,0,0,0,0,0,0,0,0,0,0,0,0,0,0,0,0,0,0,0,0,0,0,0,0,0,0,0,0,0,1,0,0,0,0,0,0,0,0,0,0,0,0,0,0,0,0,0,0,0,0,0,0,0,0,0,0,0,5
2,4,0,0,0,0,0,0,0,0,1,0,0,0,0,0,0,0,0,0,0,0,0,0,0,0,0,0,0,0,0,0,0,0,0,0,0,0,0,0,0,0,0,0,1,0,1,0,0,0,0,0,0,1,0,0,0,0,0,0,0,0,0,0,0,0,0,0,0,0,0,0,0,0,0,0,0,0,0,0,0,0,0,0,0,0,0,0,0,0,0,0,0,0,0,0,0,0,0,0,0,0,0,0,0,0,0,0,0,0,0,0,0,0,0,0,0,0,4
2,5,1,0,0,0,3,1,0,0,0,1,0,1,0,0,0,0,0,2,0,0,0,0,0,0,0,0,0,0,1,0,0,0,0,0,0,0,0,0,0,0,0,0,1,0,0,0,3,2,4,0,3,0,0,0,1,0,1,0,0,0,4,0,0,0,0,0,0,0,0,0,0,0,0,0,0,0,0,0,0,0,1,0,0,0,0,0,0,0,0,0,0,0,0,0,0,0,0,0,0,0,0,1,2,0,0,0,0,0,0,0,0,0,0,0,0,0,33
2,6,5,2,0,0,1,1,4,1,0,1,3,0,1,0,1,0,0,3,2,0,1,1,5,1,6,6,0,0,1,0,4,2,0,0,0,1,0,1,2,1,0,0,1,0,1,0,2,4,1,0,5,0,5,0,0,0,4,0,0,0,1,1,0,0,0,0,0,0,1,0,0,0,0,0,0,0,0,0,0,0,0,0,0,0,0,0,0,1,4,0,2,0,2,1,1,0,0,0,0,0,0,0,0,0,0,0,0,0,0,0,5,0,0,0,0,0,99
2,7,0,1,1,0,2,7,5,2,3,9,1,11,6,0,4,13,4,2,5,13,0,3,4,0,4,6,3,4,6,3,10,1,1,0,4,0,0,5,2,4,0,9,3,4,1,2,8,5,12,6,8,3,2,2,3,5,3,2,0,0,10,0,8,6,1,2,0,0,0,0,0,1,3,2,0,1,0,0,0,0,0,1,0,0,0,3,0,3,12,0,0,2,4,4,2,0,0,0,0,1,0,0,0,0,0,0,0,0,2,0,0,0,0,0,0,0,295
2,8,4,5,0,0,8,10,5,4,3,15,1,14,4,3,1,2,6,3,3,14,1,1,6,0,7,5,0,7,4,1,12,1,3,2,5,3,1,6,1,8,2,8,8,4,0,3,12,10,4,4,2,3,7,2,1,7,0,3,0,0,7,7,7,2,1,4,1,1,1,0,0,0,3,2,1,0,0,0,0,0,4,0,0,0,0,0,0,6,16,0,3,2,4,8,0,0,1,0,6,0,0,0,0,0,0,1,0,0,0,4,0,0,0,0,0,0,351
2,9,3,1,1,1,1,1,1,0,2,13,0,9,2,1,6,7,7,6,2,20,0,3,1,0,14,5,4,9,2,3,11,5,4,2,4,2,1,5,1,2,3,3,6,3,1,4,6,1,4,2,1,7,5,5,0,2,0,6,2,0,3,1,2,1,0,1,0,1,0,0,0,0,1,5,1,1,0,0,0,0,1,0,0,2,0,0,0,8,8,0,4,3,2,3,0,1,4,0,2,0,0,0,0,0,0,0,0,0,1,0,1,0,0,0,0,0,280
2,10,3,3,2,0,2,2,4,1,0,5,1,4,0,2,0,7,1,2,1,18,0,1,4,0,24,6,5,2,4,7,5,4,3,0,4,1,2,1,0,0,2,1,5,3,1,0,3,2,1,5,4,6,1,0,0,2,1,3,1,0,2,0,0,2,0,1,0,0,0,0,0,0,0,1,2,0,0,0,0,0,0,2,0,1,0,0,0,2,5,1,2,1,0,2,0,0,0,0,1,0,0,0,0,0,0,0,0,0,0,0,2,0,0,0,0,0,199
2,11,3,10,1,1,1,1,1,4,3,12,2,6,3,0,1,10,1,3,0,35,2,1,0,0,22,4,13,9,0,13,14,2,8,1,1,5,5,1,0,1,3,1,12,4,0,3,7,7,3,0,8,4,3,1,0,8,2,3,0,0,1,5,2,2,1,1,0,0,0,0,0,0,0,3,0,0,0,1,1,1,1,1,1,0,0,0,0,4,15,5,7,2,1,4,1,0,4,0,1,0,1,0,1,0,0,0,0,0,0,0,4,0,0,0,0,0,340
2,12,13,6,1,0,1,1,12,4,3,12,3,11,3,1,0,2,5,3,0,17,1,6,3,1,49,20,19,9,7,13,5,5,3,0,1,6,6,2,3,3,5,0,16,4,2,0,7,9,4,1,5,5,1,4,1,10,3,3,3,1,2,3,0,3,0,1,0,0,0,0,0,0,0,0,1,3,1,0,0,0,2,0,0,0,0,0,1,0,8,0,6,5,1,0,0,2,3,2,5,0,0,0,0,0,0,0,0,0,0,0,1,0,0,0,0,0,394
2,13,11,2,1,0,5,1,12,4,5,4,1,6,0,0,1,4,3,6,2,34,1,5,2,0,32,4,3,5,2,10,8,2,4,1,3,12,4,4,0,2,2,0,16,4,0,2,8,13,5,0,5,3,4,0,1,6,2,14,2,0,3,0,2,1,1,0,0,0,0,0,0,0,0,2,1,0,1,0,0,1,0,1,0,0,1,1,0,1,3,3,5,3,0,1,1,0,0,1,0,0,0,0,0,1,1,0,0,0,1,0,0,0,0,0,0,0,329
2,14,3,0,1,1,1,2,10,0,5,4,1,4,0,3,1,8,2,3,0,47,1,4,5,2,43,6,11,8,2,5,2,3,0,0,9,0,5,0,2,1,0,0,19,8,4,4,5,4,1,3,2,4,3,0,1,2,1,3,3,0,4,2,0,0,0,1,0,1,0,0,0,0,0,0,1,0,0,0,0,0,0,1,0,1,2,1,1,0,1,4,5,1,1,1,0,1,0,2,0,0,2,0,0,3,0,0,0,0,3,2,0,0,0,0,0,0,313
2,15,7,0,0,0,4,0,8,2,1,9,2,7,1,4,1,12,2,3,0,37,2,1,1,1,45,22,22,2,0,15,2,1,2,1,3,2,7,3,3,1,6,0,19,5,3,2,8,5,0,0,4,6,1,0,1,2,0,6,0,0,5,1,0,2,1,1,0,4,0,0,0,0,0,4,1,0,1,0,1,0,0,1,0,1,0,0,1,0,5,3,2,4,0,4,2,0,0,0,2,0,0,0,0,2,2,0,0,0,0,5,1,0,0,0,0,0,360
2,16,5,2,1,1,5,1,11,4,0,5,1,5,3,1,0,2,3,4,2,25,2,1,0,1,42,15,27,8,4,35,4,2,4,2,8,1,26,0,2,5,3,3,35,2,0,1,9,2,1,1,11,12,1,0,3,6,5,4,10,0,0,0,0,6,0,3,1,0,0,0,1,0,0,2,2,1,1,0,1,1,2,2,1,2,1,0,0,1,2,5,3,0,1,2,0,2,1,1,0,2,0,0,1,0,2,1,2,0,1,1,1,0,0,0,0,0,435
2,17,8,4,5,0,15,1,17,11,5,9,2,7,2,0,5,6,7,6,5,35,2,3,3,1,49,19,24,14,9,30,5,2,1,1,8,3,16,3,2,5,15,1,32,5,0,6,10,10,2,0,19,14,3,1,2,11,2,5,1,0,12,2,1,2,5,2,0,4,0,0,0,0,0,1,2,1,0,1,0,0,0,1,2,3,0,0,1,0,5,1,6,1,2,1,1,1,0,0,1,0,0,1,0,0,0,0,0,0,1,3,0,1,0,0,0,0,554
2,18,13,5,2,0,8,2,13,6,9,8,7,6,2,4,1,14,9,11,4,15,10,3,6,1,23,6,15,6,3,6,14,2,1,1,0,7,15,1,2,5,5,0,14,12,4,4,11,4,3,1,10,3,7,2,4,14,4,3,1,0,9,4,1,2,2,2,0,0,1,0,0,0,2,3,3,0,2,0,1,0,1,3,4,0,0,1,1,2,9,10,15,3,3,7,3,2,3,1,4,2,0,0,1,0,0,0,0,0,0,2,2,0,0,0,0,0,483
2,19,9,1,3,0,5,1,7,2,4,8,3,7,5,2,0,17,2,4,2,15,1,1,3,0,17,13,14,9,2,3,9,0,0,1,1,2,4,0,2,1,0,2,16,11,7,4,4,5,4,3,4,7,2,0,0,7,1,3,3,0,4,2,0,1,2,3,0,1,0,0,0,0,0,0,1,0,0,0,0,0,1,2,1,0,1,2,1,4,5,2,6,3,3,6,4,1,6,0,1,2,0,0,1,0,1,0,0,0,1,0,2,0,0,0,0,0,333
2,20,3,2,1,0,7,0,4,3,0,10,3,3,1,5,2,6,1,1,0,7,1,2,1,0,21,13,11,0,1,1,5,2,1,0,1,4,5,1,2,1,1,2,11,2,1,0,2,8,2,1,6,1,0,0,1,5,0,0,0,1,3,5,0,1,0,0,2,1,0,0,0,0,0,0,0,0,0,0,0,0,2,2,3,0,0,0,1,0,2,0,1,1,0,1,1,0,0,1,0,0,0,0,0,0,0,0,0,0,0,0,1,0,0,0,0,0,204
2,21,7,1,0,0,11,2,2,2,0,3,0,3,0,2,1,4,7,3,1,8,3,2,0,0,7,5,6,7,1,0,7,0,2,0,0,5,2,0,0,2,0,0,10,5,2,1,1,8,0,0,1,0,5,16,1,6,6,2,0,0,1,4,0,0,3,0,1,0,0,2,0,0,0,0,0,0,0,0,0,0,1,0,0,0,1,1,0,0,0,2,1,1,0,4,0,1,0,0,0,0,0,0,0,1,0,1,0,0,0,1,0,0,0,0,0,0,196
2,22,1,1,0,0,9,0,1,0,0,4,0,2,0,1,0,6,0,1,0,1,7,1,2,0,8,2,6,0,0,0,0,2,0,0,0,0,1,1,2,0,1,0,2,0,0,1,0,0,2,0,1,0,3,18,0,10,4,9,0,0,0,0,0,0,1,2,2,0,0,0,0,0,0,0,0,0,1,0,0,0,0,0,0,0,0,0,0,0,1,0,1,0,3,0,0,1,0,0,0,1,0,0,0,0,0,0,0,0,0,0,1,0,0,0,0,0,124
2,23,1,1,0,0,3,0,2,0,3,4,0,0,0,3,1,0,0,0,0,4,0,3,0,0,5,3,5,1,0,0,0,0,0,0,0,2,0,1,0,1,0,0,2,3,0,0,3,0,2,0,0,0,0,0,0,7,0,1,0,0,0,1,0,0,0,1,0,0,0,0,0,0,0,0,0,0,0,0,0,0,0,0,0,0,0,0,0,0,1,0,1,0,1,0,0,0,0,0,0,0,0,0,0,0,0,0,0,0,0,1,3,0,0,0,0,0,70
3,0,3,0,0,0,1,0,4,0,2,3,0,1,0,1,0,3,0,0,0,2,0,2,1,0,5,0,2,2,2,0,1,1,0,0,0,1,2,0,0,0,0,0,1,0,0,0,11,1,0,0,0,1,2,0,0,1,0,1,0,0,0,0,0,1,1,2,0,0,0,0,0,0,0,0,0,0,0,1,0,0,2,0,0,0,0,0,0,0,3,0,0,1,0,0,0,0,0,0,2,0,0,0,0,0,0,0,0,0,0,0,0,0,0,0,0,0,70
3,1,0,0,0,0,0,1,0,0,0,0,1,0,0,0,0,0,1,0,0,0,1,0,0,0,1,2,1,0,0,0,0,0,0,0,0,0,0,0,0,0,0,0,0,0,0,0,0,0,2,0,0,0,1,0,0,5,0,1,0,0,0,0,0,0,0,0,1,0,0,0,0,0,0,0,0,0,0,0,0,0,0,0,0,0,0,0,0,0,0,0,0,0,0,0,0,1,0,0,0,0,0,0,0,0,0,0,0,0,0,0,0,0,0,0,0,0,19
3,2,0,0,0,0,0,1,1,0,0,0,0,0,0,2,0,1,0,1,0,0,0,0,0,0,0,0,1,1,0,0,0,0,3,0,0,0,0,0,0,0,0,0,2,0,0,0,0,0,0,0,0,0,0,0,0,3,0,0,0,0,0,0,0,0,0,1,0,0,0,0,0,0,0,0,0,0,0,0,0,0,0,0,0,0,0,0,0,0,1,0,1,0,0,0,0,0,1,0,0,0,0,0,0,0,0,0,0,0,0,0,0,0,0,0,0,0,20
3,3,0,0,0,0,0,0,0,0,0,0,0,0,0,0,0,0,0,0,0,0,0,0,0,0,0,0,0,2,0,0,0,0,0,0,0,0,0,0,0,0,0,0,1,0,1,0,0,0,0,0,0,0,0,0,0,0,0,0,0,0,0,0,0,0,0,0,0,0,0,0,0,0,0,0,0,0,0,0,0,0,0,0,0,0,0,0,0,0,0,0,0,0,0,0,0,0,0,0,0,0,0,0,0,0,0,0,0,0,0,0,0,0,0,0,0,0,4
3,4,0,0,0,0,0,0,0,0,0,0,0,0,0,0,0,0,0,0,0,0,0,0,0,0,0,0,0,0,0,0,0,0,0,0,0,0,0,0,0,0,0,0,0,0,1,0,0,0,0,0,0,0,2,0,0,0,0,0,0,0,0,0,0,0,0,0,0,0,0,0,0,0,0,0,0,0,0,0,0,0,0,0,0,0,0,0,0,0,0,0,0,0,0,0,0,0,0,0,0,0,0,0,0,0,0,0,0,0,0,0,0,0,0,0,0,0,3
3,5,0,0,0,0,3,0,0,0,0,0,0,0,1,0,0,0,1,0,0,0,0,0,0,0,1,0,0,0,0,1,0,0,0,0,0,0,1,1,0,0,0,0,2,0,0,0,2,0,5,0,0,0,1,0,0,0,1,0,0,0,5,0,1,0,0,0,0,0,0,0,0,0,0,0,0,0,0,0,0,0,0,0,0,0,0,0,0,0,0,0,0,0,0,1,0,0,0,0,0,1,0,0,2,0,0,0,0,0,0,2,0,0,0,0,0,0,32
3,6,5,0,0,0,2,3,1,0,0,0,7,4,4,0,0,1,0,5,2,0,0,0,4,0,5,8,0,1,4,0,4,2,0,0,2,0,0,2,1,0,0,0,0,2,3,0,2,4,0,1,8,0,8,0,0,1,2,0,0,0,0,0,0,0,0,0,0,0,0,0,0,0,0,0,0,1,0,0,0,0,0,2,0,0,0,0,0,3,5,0,1,1,2,4,0,1,1,0,0,0,0,0,0,0,0,0,0,0,0,0,4,0,0,0,0,0,123
3,7,0,5,1,0,1,6,7,3,6,16,0,18,6,1,2,20,5,6,7,7,1,2,6,0,4,6,5,3,6,4,10,3,1,4,8,0,3,5,5,5,0,13,3,5,1,3,8,13,23,9,6,1,7,1,1,2,5,2,0,0,12,1,8,0,2,4,0,0,0,1,0,0,2,2,1,6,0,0,0,0,0,1,0,0,0,1,0,1,14,0,3,0,3,5,1,1,0,0,3,0,0,0,0,0,0,1,0,0,0,0,1,0,0,0,0,0,375
3,8,3,5,2,0,9,14,7,3,2,13,1,18,2,0,1,12,8,19,1,20,3,2,4,1,9,8,5,9,4,2,23,4,7,1,6,2,1,2,3,6,2,5,5,6,3,11,13,12,2,3,5,0,6,3,0,8,0,0,0,0,7,4,4,7,1,0,1,0,0,0,0,0,1,7,0,2,0,0,0,0,0,2,0,0,0,2,0,9,19,0,1,2,5,5,2,0,0,0,4,0,0,0,0,0,0,1,0,0,1,3,3,0,0,0,0,0,419
3,9,3,2,2,0,3,6,3,0,3,25,0,14,1,2,6,7,4,5,1,24,2,7,6,0,19,4,8,2,4,4,15,5,2,2,1,0,1,9,1,2,4,3,4,5,3,4,7,4,7,5,1,3,6,4,1,1,1,3,1,0,11,2,0,5,0,2,1,1,0,0,0,0,1,1,0,0,0,0,0,0,3,2,1,1,0,0,1,6,9,0,1,2,0,3,0,0,3,0,4,0,0,0,0,1,1,1,0,0,1,2,5,0,0,0,0,0,343
3,10,2,3,1,1,4,1,2,2,3,6,3,3,1,5,3,7,3,5,2,18,0,3,5,1,16,1,6,3,2,3,7,2,3,1,3,0,4,3,0,0,1,4,3,3,1,1,8,5,0,0,2,4,7,0,2,4,2,2,0,0,5,2,0,3,0,0,2,0,0,0,0,0,0,8,0,0,0,0,0,1,1,1,0,0,0,0,0,1,7,0,2,1,0,3,0,1,2,0,1,0,0,0,0,1,0,0,0,1,0,0,2,0,0,0,0,0,232
3,11,7,2,3,0,1,2,2,2,6,6,4,3,1,1,4,6,0,1,4,26,1,3,4,0,38,7,14,8,1,20,14,6,0,4,5,2,8,0,1,4,2,1,13,2,2,1,1,6,2,0,10,5,2,1,0,0,2,4,4,2,3,1,2,2,1,0,0,0,0,0,0,0,0,3,0,1,0,0,0,0,0,1,1,2,0,0,0,1,2,8,8,4,2,4,0,6,1,0,1,0,0,0,0,1,0,1,0,0,0,0,2,0,0,0,0,0,339
3,12,13,1,8,0,1,1,10,6,2,7,9,11,4,0,0,9,2,1,2,37,1,5,0,6,44,10,13,15,9,14,13,1,5,1,2,4,15,1,1,2,5,3,26,2,2,1,3,7,7,4,4,8,3,1,0,6,2,5,5,0,3,4,0,5,0,4,0,0,0,1,0,2,2,3,0,0,0,0,0,0,2,2,0,1,1,0,0,0,4,4,12,5,0,1,1,0,0,0,0,0,0,0,0,0,0,0,0,1,2,0,1,0,0,0,0,0,441
3,13,3,6,0,0,14,3,13,3,8,12,2,4,3,4,0,3,5,8,3,22,1,4,4,0,24,13,13,11,3,8,7,3,0,2,4,0,6,4,0,3,2,2,34,8,2,1,7,5,1,5,7,2,4,4,1,5,0,4,2,0,6,2,1,4,0,2,0,0,0,0,0,0,0,0,0,1,1,1,0,0,0,1,0,0,1,1,1,0,8,1,5,6,0,5,2,1,1,0,1,0,0,0,0,1,0,0,0,1,0,1,3,0,0,0,0,0,380
3,14,5,2,1,1,3,0,10,1,3,11,0,3,1,0,1,4,1,4,3,39,3,2,4,0,44,17,14,1,1,9,5,2,1,4,8,4,7,0,1,2,8,1,18,5,2,2,3,3,3,1,1,1,3,4,0,7,1,14,5,0,4,1,0,5,1,2,0,0,0,0,0,1,0,0,0,0,0,0,2,0,1,1,0,0,1,1,0,0,5,4,9,1,1,2,0,0,0,0,0,1,0,0,0,3,0,0,0,0,0,0,1,0,0,0,0,0,351
3,15,5,3,7,1,3,0,9,3,5,3,4,1,1,1,3,9,5,3,1,25,2,2,5,0,39,11,11,9,0,10,6,3,3,0,13,1,7,2,6,2,2,3,26,1,2,1,1,3,2,3,6,1,4,3,1,2,4,2,1,0,4,0,0,2,2,1,0,2,0,0,0,0,0,5,1,0,0,0,0,1,3,2,1,1,0,0,2,3,1,1,2,3,0,3,0,0,1,0,8,0,0,0,1,3,0,0,0,0,1,0,2,0,0,0,0,0,348
3,16,7,3,2,0,3,3,12,2,2,13,1,8,3,4,0,8,3,2,2,24,1,3,1,0,34,18,27,7,9,36,8,5,5,1,6,4,22,4,1,6,3,2,33,7,0,2,6,4,2,4,13,21,1,1,6,4,4,4,8,0,4,1,0,5,0,5,3,1,0,0,0,0,0,4,1,0,0,0,0,0,2,2,1,0,0,2,4,0,4,1,7,3,0,6,2,1,2,0,1,0,1,0,2,2,0,0,0,0,0,0,1,0,0,0,0,0,493
3,17,5,5,2,3,17,5,24,13,9,7,1,2,3,4,1,8,10,7,4,33,4,8,4,0,55,19,20,5,12,27,8,2,4,3,5,5,23,2,6,3,8,3,44,6,1,7,7,4,5,1,20,14,5,2,4,17,9,2,3,0,9,5,2,2,2,1,2,0,0,0,0,1,0,1,1,2,1,0,1,0,5,0,1,3,0,3,0,1,12,3,6,0,3,3,3,1,1,2,0,0,0,1,0,2,2,1,0,0,0,0,3,0,0,0,0,0,626
3,18,3,1,0,0,7,5,10,9,1,7,2,6,9,8,1,15,6,5,1,20,7,8,6,0,34,12,19,5,11,12,8,8,3,0,3,2,11,1,1,3,13,1,18,6,1,0,9,9,7,2,15,7,2,7,0,7,1,5,4,0,1,5,0,2,1,1,0,0,0,0,0,0,1,1,1,0,1,0,1,0,3,2,2,0,0,1,1,3,7,2,8,3,5,4,5,0,0,0,0,2,0,0,0,2,0,0,0,0,0,3,1,1,0,0,0,0,454
3,19,11,1,1,0,7,2,12,2,2,3,0,8,0,4,0,7,4,7,1,17,2,3,6,2,20,8,16,4,5,2,3,0,1,1,3,1,9,1,1,2,3,2,10,6,2,1,8,9,0,1,5,3,8,0,3,9,0,5,2,0,5,2,0,2,1,0,0,0,0,0,0,0,0,0,0,0,1,0,1,1,1,0,1,0,1,0,0,2,2,7,8,0,0,4,0,0,0,0,1,0,0,0,0,0,0,0,0,0,0,0,0,0,0,0,0,0,296
3,20,7,2,0,1,2,3,10,1,1,7,4,11,0,4,0,7,3,1,1,16,4,4,5,0,18,12,9,7,1,2,9,2,0,1,1,7,5,0,2,4,4,0,7,9,1,1,2,3,2,0,4,4,1,1,2,1,0,5,1,0,4,1,2,0,0,2,0,0,0,0,0,0,0,2,0,1,0,1,0,1,1,1,0,2,1,0,0,1,4,3,3,1,0,3,0,1,0,0,0,0,1,0,0,1,0,0,0,0,0,0,1,0,0,0,0,0,260
3,21,12,2,1,0,3,3,5,0,2,4,1,3,0,4,0,3,4,6,2,13,1,3,0,1,8,4,12,6,0,1,2,1,2,0,2,3,3,1,1,9,2,0,9,3,1,2,9,10,1,0,4,1,0,1,0,3,1,2,0,0,2,0,0,0,0,0,0,0,0,1,0,0,0,0,0,0,0,0,0,0,2,0,0,3,0,0,1,0,2,2,4,2,0,3,0,0,0,0,0,0,0,0,0,0,0,0,0,0,0,2,1,0,0,0,0,0,202
3,22,4,5,0,0,5,0,4,2,2,2,0,0,0,5,0,1,2,1,1,2,1,4,2,0,11,4,5,3,0,1,0,1,1,0,0,1,2,0,1,0,3,0,6,3,1,0,4,1,2,0,1,1,1,2,1,4,0,1,0,0,2,0,1,0,0,1,0,0,0,0,0,0,0,0,0,0,0,0,0,1,0,0,1,1,0,0,0,0,2,0,3,0,4,4,1,1,3,0,2,0,0,0,0,0,0,0,0,0,0,0,0,0,0,0,0,0,131
3,23,2,0,0,0,1,0,2,0,0,5,1,0,0,0,0,8,0,3,0,1,2,3,1,0,3,2,9,2,1,1,0,0,1,0,1,4,2,1,0,1,1,0,5,5,0,1,2,2,0,0,1,0,0,0,1,5,0,1,0,0,1,0,0,0,0,0,0,0,0,0,0,0,0,0,0,0,0,0,0,0,0,0,0,0,0,0,0,0,0,0,0,1,1,0,0,2,0,0,0,0,0,0,0,0,0,0,0,0,0,0,0,0,0,0,0,0,86
4,0,0,1,0,0,1,1,2,1,0,4,0,2,0,4,0,1,0,2,0,0,5,1,4,0,1,1,4,0,0,1,2,0,0,0,0,0,2,0,1,0,2,0,4,1,0,0,0,2,0,0,1,2,1,0,0,5,4,1,1,0,0,0,0,0,0,0,0,0,0,0,0,0,0,0,0,0,0,0,0,0,1,0,0,1,1,0,0,0,0,2,0,0,0,0,0,0,0,0,0,0,0,0,0,0,0,0,0,0,0,0,0,0,0,0,0,0,70
4,1,0,0,0,0,2,1,0,1,0,2,0,0,0,0,0,0,0,0,0,0,2,0,0,0,4,0,2,1,0,0,2,1,0,0,0,0,0,0,0,0,0,0,0,3,0,0,1,2,0,0,0,0,0,0,0,4,0,4,0,0,0,2,0,0,0,0,0,0,0,0,0,0,0,0,0,0,0,0,0,0,0,1,0,0,0,0,0,0,0,0,0,0,0,0,0,0,0,0,0,0,0,0,0,0,0,0,0,0,0,0,0,0,0,0,0,0,35
4,2,0,0,0,0,0,0,2,0,0,2,0,0,0,0,0,0,0,1,0,0,0,0,0,0,0,1,0,0,0,0,0,0,0,0,0,0,0,0,0,0,0,0,2,0,0,0,0,0,0,0,0,0,0,0,0,0,0,1,0,0,0,0,0,0,0,0,0,0,0,0,0,0,0,0,0,0,0,0,0,0,1,0,0,0,0,0,0,0,0,0,1,1,0,0,0,0,3,0,0,0,0,0,0,0,0,0,0,0,0,0,0,0,0,0,0,0,15
4,3,0,0,0,0,1,0,0,1,0,0,0,0,0,0,0,0,0,0,0,0,0,0,0,0,0,1,0,0,0,0,0,0,0,0,0,0,0,0,0,0,0,0,1,1,1,0,0,0,0,0,0,0,1,0,0,0,0,0,0,0,0,0,0,0,0,0,0,0,0,0,0,0,0,0,0,0,0,0,0,0,0,0,0,1,0,0,0,0,2,0,0,0,0,0,0,0,0,0,0,0,0,0,0,0,0,0,0,0,0,0,0,0,0,0,0,0,10
4,4,0,0,0,0,0,0,0,1,0,0,2,0,0,0,0,0,1,1,0,0,0,0,0,0,2,0,0,1,0,0,0,0,0,0,0,0,0,0,0,0,0,0,0,1,0,0,0,0,1,0,0,0,0,0,0,0,0,0,0,0,0,1,0,0,0,0,0,0,0,0,0,0,0,0,0,0,0,0,0,0,0,0,0,0,0,0,0,0,0,0,0,0,0,0,0,0,0,0,0,0,0,0,0,0,0,0,0,0,0,0,0,0,0,0,0,0,11
4,5,0,0,0,0,4,0,0,0,0,0,0,1,1,0,0,0,1,0,0,0,0,0,0,0,0,0,0,0,0,0,0,0,0,0,0,0,0,0,0,0,0,0,0,1,0,0,1,1,4,0,3,0,0,0,0,0,0,0,0,0,4,2,0,0,0,0,0,0,0,0,0,0,0,0,0,0,0,0,0,0,0,0,0,0,0,0,0,0,0,0,0,0,0,0,0,0,0,0,0,0,0,0,0,0,0,0,0,0,0,0,0,0,0,0,0,0,23
4,6,4,1,1,0,1,5,3,0,0,0,4,2,2,2,0,0,1,5,0,0,0,1,2,1,7,9,0,0,3,0,3,0,0,1,0,0,0,0,0,1,0,0,0,0,0,0,2,5,0,0,1,0,10,0,0,0,3,0,0,0,2,0,1,0,0,0,0,0,1,0,0,0,0,2,0,0,0,0,0,0,0,1,0,1,0,0,1,3,4,0,1,0,2,4,0,0,0,0,0,1,0,0,0,0,0,0,0,0,0,0,1,0,0,0,0,0,105
4,7,2,7,0,0,1,8,5,3,2,9,2,22,6,0,1,13,7,4,11,19,2,5,8,2,8,6,3,3,3,3,12,0,1,2,1,0,3,7,6,5,0,8,4,4,0,3,9,8,17,5,9,2,4,0,0,2,4,1,0,0,9,0,6,3,1,1,0,0,1,0,0,0,3,1,0,1,0,0,0,0,0,0,0,0,0,2,0,1,10,3,1,0,7,1,7,1,0,2,1,0,0,1,0,0,0,0,0,0,0,1,0,0,0,0,0,0,346
4,8,4,3,1,1,9,9,8,3,2,17,0,8,2,3,1,10,8,7,1,14,4,3,7,2,11,7,6,9,2,7,8,6,6,2,13,1,1,3,4,4,0,10,7,1,2,4,19,10,7,6,5,4,11,4,1,5,1,5,0,0,8,6,2,4,2,5,0,1,1,0,0,0,1,1,0,3,0,0,0,0,4,0,0,1,0,1,0,12,22,0,3,2,3,7,0,1,1,0,4,0,0,0,0,0,0,1,0,0,1,2,3,0,0,0,0,0,421
4,9,2,3,3,1,3,5,1,3,1,16,0,14,0,1,2,7,2,5,1,23,2,4,3,0,14,6,6,4,9,2,11,7,1,0,7,0,1,4,2,1,0,0,4,7,3,3,9,2,2,0,4,1,8,0,1,2,1,4,0,1,7,2,0,1,1,1,0,0,0,0,0,0,0,7,1,1,0,0,0,1,2,0,0,2,0,0,0,7,12,2,3,0,1,4,1,3,4,0,3,0,1,0,0,1,0,0,1,0,2,0,3,0,0,0,0,0,303
4,10,3,9,0,0,2,1,2,2,0,6,0,5,1,0,1,7,0,6,2,17,0,3,2,0,18,8,1,2,1,11,6,2,7,1,3,0,1,1,0,1,2,3,8,1,2,2,10,0,4,2,11,3,1,0,0,1,1,2,2,0,5,2,0,1,1,0,0,0,1,0,0,0,0,2,1,1,2,1,1,1,1,0,1,2,0,0,2,3,11,5,5,2,0,5,1,3,0,0,1,0,2,0,2,0,0,0,0,1,2,1,0,1,0,0,0,0,257
4,11,4,3,1,0,4,3,12,6,10,15,1,6,5,2,0,7,1,3,2,24,4,1,2,2,33,9,10,11,5,16,15,4,2,3,3,4,4,0,1,3,6,3,11,6,3,1,6,7,5,2,11,5,5,1,1,12,1,2,4,0,3,2,1,2,1,6,1,0,0,0,0,0,0,7,1,1,0,0,0,0,3,0,0,0,0,2,1,3,11,9,6,2,0,4,4,0,0,0,2,0,0,0,0,2,3,1,0,2,1,1,3,0,0,0,0,0,418
4,12,20,5,2,0,5,11,11,7,7,8,0,21,2,7,0,4,5,2,1,30,1,6,2,0,60,21,20,5,9,23,14,3,3,0,7,9,13,2,1,3,4,1,32,6,1,4,8,14,1,4,11,12,9,3,3,7,1,5,0,0,2,1,2,5,1,4,0,0,0,0,0,1,1,1,1,0,0,0,0,0,1,0,0,2,1,1,1,2,7,5,4,5,4,1,2,2,0,1,1,0,0,0,1,0,0,0,0,2,0,1,0,0,0,0,0,0,539
4,13,14,7,2,0,3,4,20,2,3,15,0,7,3,2,1,6,4,4,2,37,2,5,6,0,45,12,13,7,1,18,11,6,2,0,6,2,18,5,1,1,3,2,24,7,7,1,8,14,4,3,5,2,3,2,6,11,0,8,3,0,7,1,1,2,2,1,0,0,0,0,0,0,0,0,2,0,3,1,0,0,1,1,1,2,2,1,2,2,6,15,7,1,5,2,1,0,2,0,2,2,0,0,0,0,1,0,0,0,1,1,0,0,0,0,0,0,488
4,14,8,2,2,1,2,0,17,2,1,5,2,4,3,6,3,5,4,9,5,44,4,6,1,3,46,7,9,7,2,10,4,1,0,2,8,8,11,4,0,2,7,0,17,5,3,2,12,2,1,1,7,1,7,1,0,1,0,9,5,0,3,4,0,3,2,0,1,0,0,0,0,0,0,4,1,0,0,0,0,2,1,2,2,2,2,0,1,2,2,12,8,4,3,0,0,1,0,1,1,0,0,0,0,2,0,2,0,0,1,0,1,0,0,0,0,0,411
4,15,23,3,3,1,6,2,13,2,6,12,6,11,5,4,0,11,3,1,1,42,8,2,4,1,49,11,24,10,2,18,6,1,2,3,3,3,10,2,0,5,8,3,27,9,2,2,16,1,3,2,6,14,3,3,5,4,2,4,2,0,3,6,1,4,3,1,1,3,0,2,0,2,1,1,1,1,1,0,1,1,3,7,3,1,2,1,2,1,2,7,4,5,2,5,1,0,7,0,0,0,6,0,0,1,1,1,2,0,0,1,1,0,2,0,1,0,537
4,16,9,2,3,0,2,6,20,3,1,11,5,7,4,0,4,5,9,5,4,22,5,7,6,2,44,16,22,9,8,17,22,1,4,2,6,7,35,4,4,6,4,2,41,18,6,6,15,8,5,1,13,15,3,1,6,8,0,3,12,0,5,2,3,3,0,3,1,3,0,0,0,0,0,1,2,0,2,0,1,0,5,4,2,4,0,0,5,4,2,6,7,4,0,4,3,1,5,0,4,0,2,0,0,1,0,0,3,0,2,2,0,0,0,0,0,0,612
4,17,19,2,2,1,10,5,17,7,14,14,2,8,6,1,3,10,13,6,3,26,10,9,2,0,47,15,22,10,10,13,8,5,6,1,7,9,24,3,5,6,9,6,37,8,8,3,12,7,6,1,19,10,9,3,6,9,7,6,4,1,11,4,2,8,0,6,2,0,1,1,1,1,1,0,0,0,1,0,0,0,3,0,4,4,4,4,2,1,13,11,15,4,1,10,0,2,0,0,0,0,1,0,7,2,0,0,0,0,0,2,4,0,0,1,0,0,686
4,18,25,4,2,0,5,1,9,7,3,6,3,14,4,3,0,2,5,4,0,19,3,6,5,2,26,13,9,12,9,3,18,6,2,1,6,4,11,3,2,0,2,1,25,2,1,10,17,15,2,3,9,7,3,3,1,8,4,2,2,0,3,3,0,2,4,1,4,0,0,1,0,0,0,2,1,1,0,0,0,1,0,0,7,3,2,3,0,0,5,9,6,2,1,4,0,0,3,1,4,0,0,0,0,0,0,0,0,2,1,3,1,0,0,0,0,0,454
4,19,13,3,0,0,9,0,11,6,2,3,1,10,3,9,1,10,1,1,3,1,6,9,1,1,9,8,16,2,3,2,12,2,2,1,1,2,3,1,1,2,0,3,17,11,5,3,10,9,7,6,2,3,4,2,2,5,7,3,1,0,5,3,0,1,2,2,0,0,0,0,0,0,0,2,2,0,1,1,2,1,1,1,2,1,0,2,3,2,3,6,8,2,2,3,0,3,1,0,2,2,0,0,0,4,0,2,0,0,0,0,1,0,0,0,0,0,344
4,20,10,1,2,0,0,2,6,0,3,2,2,4,2,3,0,7,0,6,0,2,3,2,3,0,4,7,6,1,4,0,7,1,0,0,2,5,1,1,4,0,3,0,6,7,2,5,7,6,1,3,3,0,1,0,1,3,3,2,0,0,6,0,0,1,0,2,0,0,0,1,0,0,0,0,0,1,0,0,0,0,0,0,2,1,3,0,1,2,6,5,4,4,1,4,2,1,2,0,0,2,0,0,2,4,0,0,0,0,0,0,4,0,0,0,0,0,217
4,21,11,0,0,0,13,2,12,1,1,7,1,6,2,3,0,10,2,1,0,3,2,3,2,0,4,3,7,1,2,2,3,1,1,0,2,1,5,0,2,0,8,1,5,5,2,1,6,0,4,1,0,2,3,0,0,8,4,3,1,0,1,0,1,1,1,2,0,0,0,0,0,0,0,3,0,0,0,2,0,1,0,0,0,3,0,0,0,0,5,2,2,4,1,3,0,0,3,0,2,0,0,0,1,0,1,0,0,0,0,0,0,0,0,0,0,0,209
4,22,2,2,0,0,5,1,6,0,0,7,2,1,3,2,2,2,3,1,0,2,4,0,2,0,2,1,5,2,0,3,2,3,0,0,0,6,4,0,0,0,8,0,10,2,2,1,2,8,0,1,2,0,1,6,0,3,4,4,0,0,6,3,0,0,0,2,2,0,0,2,0,0,0,0,0,0,1,0,0,0,1,1,0,0,0,1,1,0,3,0,7,0,4,6,0,1,2,0,4,0,0,0,1,0,0,0,0,0,0,0,0,0,0,0,0,0,177
4,23,7,0,1,0,2,2,7,1,0,3,3,3,0,5,0,3,0,1,1,8,1,6,1,0,6,4,4,0,2,1,2,0,0,0,3,2,3,1,0,2,2,0,7,0,2,0,1,1,5,1,2,2,1,2,0,2,0,8,1,0,5,1,0,1,3,0,0,0,0,0,0,0,0,0,0,2,0,0,0,0,0,0,0,2,1,0,0,0,4,0,2,2,0,4,1,0,1,0,0,0,0,0,0,0,1,0,0,0,1,1,0,0,0,0,0,0,154
5,0,3,0,0,0,0,2,5,2,0,4,0,0,0,3,1,2,0,1,0,0,4,1,0,0,0,2,0,0,0,1,3,0,0,0,0,3,2,0,1,0,2,0,4,6,1,1,1,5,0,1,0,0,0,0,0,2,1,0,0,0,1,0,0,0,0,0,0,0,0,0,0,0,0,0,0,0,0,0,0,0,0,0,0,0,2,0,2,0,6,0,1,1,0,0,0,0,1,0,0,0,0,0,0,0,0,0,0,0,0,0,0,0,0,0,0,0,78
5,1,0,0,0,1,2,1,5,0,0,7,0,5,0,4,0,1,0,3,0,4,1,1,0,0,5,1,0,5,2,0,0,2,1,0,0,2,0,0,2,0,2,0,2,2,1,2,0,1,0,0,0,0,0,0,0,1,0,2,0,0,1,0,0,0,0,2,0,0,0,0,0,0,0,0,0,0,0,0,0,0,0,0,0,0,0,0,0,0,0,0,1,3,0,2,3,0,0,0,0,0,0,0,0,0,0,0,0,0,0,0,0,0,0,0,0,0,80
5,2,0,0,0,0,1,2,3,1,0,1,1,2,0,4,0,0,0,0,0,0,0,6,0,0,1,0,1,0,0,0,0,0,0,0,3,2,0,6,0,0,0,0,1,3,1,0,1,0,0,0,0,0,0,4,0,1,0,0,0,0,0,0,0,0,0,0,0,0,0,0,0,0,0,0,0,0,0,0,0,0,1,0,0,0,0,0,0,0,1,0,0,0,0,0,0,0,1,1,0,0,0,0,0,0,0,0,0,0,0,0,1,0,0,0,0,0,50
5,3,0,0,0,0,1,0,0,1,0,0,0,2,0,0,0,0,0,0,0,0,0,0,1,0,0,0,0,1,1,0,0,0,0,0,1,0,1,0,0,0,0,0,1,0,2,0,2,0,0,0,0,0,0,1,0,2,0,0,0,0,0,0,0,1,0,0,0,0,0,0,0,0,0,0,0,0,2,0,0,0,0,0,0,0,0,0,0,0,0,0,0,0,0,0,0,0,0,0,1,0,0,0,0,0,0,0,0,0,0,0,0,0,0,0,0,0,21
5,4,0,0,0,0,2,0,0,1,0,0,0,0,0,0,0,0,0,1,0,0,0,0,0,0,0,0,0,0,0,0,0,0,1,0,0,0,0,0,0,0,0,0,0,0,0,1,0,1,0,3,0,0,0,0,0,1,0,0,0,0,0,2,0,0,0,0,0,0,0,0,0,0,0,0,0,0,0,0,0,0,0,0,0,0,0,0,0,0,0,3,0,1,0,0,0,0,0,0,0,0,0,0,0,0,0,0,0,0,0,0,0,0,0,0,0,0,17
5,5,0,0,0,0,1,1,0,1,0,0,0,0,0,0,0,0,0,0,0,1,0,0,0,0,0,0,0,0,0,0,0,0,0,0,0,0,1,0,0,0,0,0,0,0,0,0,0,0,3,0,0,0,1,0,0,0,0,0,0,0,2,1,0,0,0,0,0,0,0,0,0,0,0,0,0,0,0,0,0,0,0,0,0,0,0,0,0,0,0,0,0,0,0,0,0,0,0,0,0,0,0,0,0,0,0,0,0,0,0,0,0,0,0,0,0,0,12
5,6,1,0,0,0,0,0,3,1,0,0,0,0,0,1,0,1,0,0,0,0,0,0,1,0,0,0,0,0,0,0,0,0,0,0,0,0,0,0,0,0,0,0,0,0,0,0,0,2,1,2,1,2,0,0,0,0,0,0,0,0,1,0,0,0,0,0,0,0,0,0,0,0,0,1,0,0,0,0,0,0,0,0,0,0,0,0,0,0,0,0,0,0,0,0,0,0,0,0,0,0,0,0,0,0,0,0,0,0,0,0,0,0,0,0,0,0,18
5,7,1,0,0,0,0,0,1,3,0,1,1,1,0,3,0,1,0,2,0,0,1,2,4,0,0,0,0,1,0,0,0,3,0,0,0,0,1,0,0,0,3,0,0,3,0,0,3,2,1,0,1,1,1,0,0,1,0,0,0,0,6,0,0,0,0,0,0,0,0,0,0,0,0,0,0,0,0,1,0,0,0,0,0,0,0,0,2,0,5,0,1,0,0,3,0,0,0,0,0,0,0,0,0,0,0,0,0,0,0,1,0,0,0,0,0,0,61
5,8,3,0,1,2,0,0,4,0,1,2,0,0,1,1,2,4,1,6,1,4,2,0,3,0,0,1,1,1,0,0,2,1,0,0,1,0,3,0,1,0,1,0,5,3,1,2,2,2,1,1,0,0,2,0,0,0,0,0,0,0,5,1,0,0,1,0,0,0,0,0,0,0,0,2,0,0,0,0,0,0,0,2,0,0,0,0,0,3,3,0,3,0,3,1,0,0,0,0,0,0,0,0,0,0,0,0,0,0,1,1,0,0,0,0,0,0,95
5,9,8,0,0,0,4,0,0,2,0,5,0,11,4,2,0,2,3,2,0,3,7,2,6,0,4,1,0,2,2,2,4,3,0,0,0,0,7,0,1,1,8,2,5,6,2,0,3,2,4,2,1,1,2,0,2,1,0,0,0,0,1,5,0,1,0,4,0,0,0,0,0,0,1,0,0,0,0,0,0,0,1,0,1,0,1,2,1,2,4,3,1,0,2,5,0,3,1,1,0,1,0,0,0,0,0,0,0,0,2,1,0,0,0,0,0,0,173
5,10,11,1,0,0,6,2,3,1,6,9,1,12,1,5,0,9,3,7,3,2,3,2,7,0,7,2,3,2,3,5,6,3,2,1,1,5,4,0,1,2,10,3,11,11,3,4,11,2,6,5,2,0,1,0,0,0,0,0,0,0,4,1,1,0,3,1,0,0,0,0,0,0,0,3,0,0,2,1,0,2,9,0,1,1,0,0,0,1,9,11,1,1,5,4,4,9,1,1,1,0,0,1,0,1,0,0,0,0,0,0,0,0,0,0,0,0,289
5,11,24,5,0,0,4,5,7,7,0,19,2,9,1,1,4,2,11,6,1,4,4,3,1,0,18,5,1,2,3,6,14,8,3,2,5,5,13,0,1,0,6,1,17,26,8,0,10,12,4,4,3,11,5,4,1,2,2,3,0,0,1,6,1,1,2,0,1,0,0,0,0,0,0,1,2,1,0,0,0,0,1,2,6,2,2,1,7,9,19,13,17,2,0,6,4,4,1,2,3,0,0,0,0,4,1,1,0,0,1,0,0,0,0,0,0,0,449
5,12,22,4,2,1,4,11,8,4,7,16,3,12,2,4,2,4,1,3,2,3,13,10,4,1,8,1,6,12,5,10,11,4,4,3,2,5,10,1,1,1,11,0,12,21,2,2,11,4,6,1,4,8,7,2,1,5,0,5,1,0,4,7,5,1,4,3,0,0,0,0,1,0,0,0,1,2,1,2,0,1,5,8,4,3,0,0,11,3,17,17,7,5,1,5,9,5,1,1,0,0,0,0,1,0,0,0,0,0,0,4,0,0,0,0,0,0,469
5,13,24,15,1,0,13,13,16,0,8,10,1,9,1,5,1,14,17,9,2,4,10,7,2,1,5,3,0,1,4,3,16,2,0,0,3,3,10,4,2,1,1,4,28,11,10,12,19,15,6,1,2,0,7,4,2,4,0,5,6,0,14,5,0,3,6,0,0,0,0,0,0,0,0,4,0,4,2,0,0,1,1,6,1,0,3,0,3,5,7,15,19,4,2,4,3,2,6,2,0,1,0,3,0,2,0,0,1,0,2,1,0,0,0,0,0,0,509
5,14,28,4,2,0,7,7,13,1,9,10,4,13,3,3,0,6,16,9,2,8,4,0,8,1,9,2,1,6,5,3,12,5,6,1,4,11,10,0,5,7,12,5,9,12,8,3,8,19,2,0,1,7,5,0,1,8,5,6,2,0,3,4,0,2,3,0,1,0,0,0,0,0,0,2,1,2,0,0,0,0,5,2,1,0,2,4,0,0,13,8,13,8,0,6,3,2,6,2,7,4,0,0,0,0,0,0,0,0,0,3,2,0,0,0,0,0,467
5,15,37,4,1,0,8,9,10,1,2,3,0,8,5,1,2,5,13,12,2,8,16,4,2,0,9,1,6,6,4,5,9,2,1,4,0,0,10,1,1,2,2,1,19,17,1,0,21,19,4,5,1,3,6,2,0,10,4,10,2,0,3,9,0,3,4,0,1,0,0,0,1,1,0,7,0,0,0,2,1,3,1,2,4,1,0,2,4,5,11,14,15,4,0,5,2,13,4,2,1,1,0,0,1,1,1,0,0,0,2,2,0,0,2,0,0,0,476
5,16,20,5,0,0,7,7,11,0,4,8,4,11,2,5,0,4,4,5,8,0,5,7,9,0,7,6,5,5,2,0,4,4,1,1,7,10,6,1,1,3,7,4,16,27,1,3,10,19,7,0,1,1,1,2,0,12,0,8,0,0,9,3,0,0,7,2,1,0,1,0,0,0,0,0,1,1,0,0,0,1,4,0,5,1,0,0,4,3,14,20,6,3,7,12,5,2,4,0,2,1,2,0,0,1,0,0,0,1,0,0,0,0,0,0,0,0,431
5,17,40,3,1,0,10,8,13,1,8,7,5,5,4,9,2,9,11,15,1,4,9,3,9,0,6,1,2,5,8,1,9,10,7,0,8,6,10,2,0,1,4,2,9,13,2,8,5,15,10,4,3,6,14,1,1,7,2,12,1,0,14,5,0,2,2,0,1,0,0,1,0,3,1,2,2,1,0,0,0,1,2,2,2,0,1,1,1,2,9,13,17,3,2,3,6,6,7,1,6,2,0,0,0,0,0,0,0,0,2,0,1,0,0,0,0,0,496
5,18,27,0,0,0,4,6,6,2,3,12,2,14,2,5,7,9,10,5,0,5,2,3,9,0,13,9,21,3,2,0,7,15,13,2,7,13,13,0,5,8,5,1,20,22,6,8,7,13,3,1,2,7,5,1,0,7,1,10,0,0,2,6,0,1,2,0,1,0,0,0,0,0,0,7,1,2,0,1,0,1,1,2,3,2,3,1,0,3,7,7,6,2,2,1,4,1,5,2,5,0,0,0,2,2,0,1,0,0,1,1,1,0,0,0,0,0,472
5,19,12,3,0,0,3,3,10,0,3,14,3,3,0,12,1,7,0,4,1,1,4,1,6,0,11,1,8,0,11,2,1,8,8,1,5,7,0,0,0,3,3,2,7,12,4,4,8,11,6,4,0,0,6,1,0,8,1,2,3,0,6,2,1,1,2,1,0,0,0,0,0,0,0,1,1,1,0,0,0,0,1,2,3,1,0,1,0,0,7,10,2,5,3,1,1,4,3,0,6,0,0,0,2,3,0,0,0,0,0,1,1,0,0,0,3,0,315
5,20,3,2,0,0,1,6,5,1,1,10,1,3,0,8,1,1,3,8,1,4,2,2,2,0,7,4,1,2,1,1,3,6,0,0,0,0,3,0,0,4,3,1,4,9,4,11,1,3,0,3,1,1,1,0,0,5,2,3,0,0,4,2,2,1,0,2,0,0,0,0,0,0,0,1,0,0,0,0,0,0,0,1,0,0,1,0,0,3,7,0,4,4,0,1,1,0,0,0,1,0,0,0,0,0,0,0,0,0,0,0,1,0,0,0,0,0,185
5,21,12,2,1,0,11,8,4,3,2,9,1,11,1,12,0,4,0,3,0,7,4,0,6,1,10,8,5,2,0,1,2,6,4,0,3,0,6,2,0,6,1,1,5,0,0,4,1,6,0,2,4,0,0,0,0,10,4,6,1,0,2,0,0,0,0,4,0,0,0,0,0,0,0,0,0,1,0,0,4,0,3,2,0,1,0,0,0,1,4,1,8,1,0,2,4,0,0,0,0,0,0,0,0,0,0,0,0,0,0,0,2,0,0,0,0,0,242
5,22,16,0,0,0,3,4,15,0,2,6,0,1,0,5,0,1,3,2,1,2,1,10,0,0,6,2,1,2,3,2,0,0,1,0,0,4,2,0,0,0,3,0,7,1,0,4,6,9,3,2,2,3,3,2,1,1,0,0,0,0,4,1,0,0,0,1,0,0,0,1,0,0,0,0,0,0,0,0,0,0,0,0,0,3,0,0,0,1,7,1,5,2,2,4,1,0,3,0,0,0,0,0,0,0,0,0,0,0,2,0,0,0,0,0,0,0,180
5,23,7,0,0,0,5,1,3,2,1,2,2,1,0,2,1,6,0,2,1,2,4,1,1,2,2,1,1,2,0,1,0,0,0,0,3,2,6,2,2,0,0,0,1,2,0,1,1,2,1,4,2,0,1,1,0,2,0,1,0,0,2,0,0,1,0,1,0,0,0,0,0,0,0,0,0,0,0,0,0,0,3,0,0,0,0,0,1,0,4,0,3,1,0,1,0,0,5,1,0,0,0,0,0,0,1,0,0,0,0,0,2,0,0,0,0,0,113
6,0,3,0,0,0,1,6,1,0,0,3,0,4,0,4,0,2,2,0,0,0,3,2,1,0,4,1,2,4,0,1,1,5,0,0,1,1,2,0,0,0,0,0,5,1,0,0,7,0,0,0,2,0,0,0,0,10,0,1,0,0,1,0,2,0,0,0,0,0,0,0,0,0,0,0,0,0,0,0,0,0,2,1,0,0,0,0,0,1,5,0,2,1,0,8,2,0,0,1,0,0,0,0,0,0,0,0,0,0,0,1,2,0,0,0,0,0,109
6,1,3,0,0,0,3,1,0,0,0,4,0,0,0,2,0,0,1,2,0,0,3,0,1,0,1,0,1,2,1,0,0,0,0,0,0,1,4,0,1,0,0,0,1,2,0,0,3,0,2,0,1,0,0,1,0,2,0,2,0,0,0,1,0,0,0,0,0,0,0,0,0,0,0,0,0,0,0,0,0,0,0,1,0,0,0,0,0,0,0,0,1,2,0,0,2,0,1,0,0,0,0,0,0,0,0,0,0,1,0,0,0,0,0,0,0,0,54
6,2,0,0,1,0,2,7,3,0,0,5,1,4,0,7,0,0,0,1,0,1,0,0,1,0,0,0,1,1,0,0,0,0,1,0,1,4,2,0,1,0,1,0,0,1,1,1,1,1,0,2,0,0,0,0,0,7,0,1,0,0,0,0,0,0,0,2,0,0,0,0,0,0,0,0,0,0,0,0,0,0,0,0,0,0,0,0,0,0,0,0,0,2,0,1,0,0,1,0,0,0,0,0,0,0,0,0,0,0,0,1,0,0,0,0,0,0,67
6,3,0,0,0,0,0,0,0,0,0,0,0,0,0,0,0,0,0,0,0,0,0,0,0,1,0,0,0,5,0,0,1,0,0,0,0,0,0,0,0,0,0,0,0,1,0,0,1,1,0,0,0,0,0,1,0,4,0,0,0,0,0,0,0,0,0,0,0,0,0,0,0,0,0,0,0,0,0,0,0,0,0,0,0,0,2,0,0,0,0,0,0,0,0,0,0,0,0,0,0,0,0,0,0,0,0,0,0,0,0,0,0,0,0,0,0,0,17
6,4,0,0,0,0,1,0,0,2,0,1,0,0,0,0,1,0,0,0,0,0,0,0,0,0,1,0,0,0,0,0,0,0,0,0,0,0,0,0,0,0,0,0,0,1,0,0,0,0,0,3,0,0,1,0,0,2,0,0,0,0,0,0,0,0,0,0,0,0,0,0,0,0,0,0,0,0,0,0,0,0,0,0,0,0,0,0,0,0,1,0,0,0,0,0,0,0,0,0,0,0,0,0,0,0,0,0,0,0,0,0,0,0,0,0,0,0,14
6,5,0,0,0,0,0,0,0,0,0,2,0,0,0,0,0,0,0,0,0,0,0,0,0,0,0,0,0,0,0,0,0,1,0,0,0,0,0,0,0,0,0,0,0,0,1,1,0,0,0,0,0,0,0,0,0,0,0,0,0,0,1,1,0,0,0,0,0,0,0,0,0,0,0,0,0,0,0,0,0,0,0,0,0,0,0,0,0,0,0,0,0,0,0,0,0,0,0,2,0,0,0,0,1,0,0,0,0,0,0,1,0,0,0,0,0,0,11
6,6,0,0,0,0,1,0,3,0,0,0,0,0,0,0,0,0,0,0,0,0,0,0,0,0,0,0,0,1,0,0,0,0,0,0,0,0,0,0,0,0,0,0,0,0,0,0,1,0,2,1,1,1,0,0,0,0,0,0,0,0,2,0,0,0,0,0,0,0,0,0,0,0,0,0,0,0,0,0,0,0,0,0,0,0,0,0,0,0,0,0,0,1,0,0,1,0,0,0,0,0,0,0,0,0,0,0,0,0,0,0,0,0,0,0,0,0,15
6,7,0,1,0,0,1,0,0,0,0,0,1,0,0,0,0,0,0,1,0,0,0,1,0,1,1,0,0,0,1,0,0,0,0,0,1,0,2,0,1,1,0,0,0,0,1,0,5,0,0,0,2,1,2,0,0,1,0,0,0,0,1,0,0,1,1,1,0,0,0,1,0,1,0,0,0,0,0,0,0,0,0,0,0,0,1,0,1,1,0,0,1,0,2,0,0,0,0,0,0,0,0,0,0,0,0,0,0,0,0,0,0,0,0,0,0,0,37
6,8,2,0,0,0,1,2,1,1,0,0,2,5,0,1,0,1,1,5,0,2,0,2,4,0,3,0,0,0,0,1,0,0,0,0,2,0,0,0,0,0,0,0,2,3,1,1,5,0,4,0,2,1,0,0,2,0,0,0,0,0,1,0,2,0,0,1,0,0,0,0,0,0,0,0,0,1,0,0,0,0,1,0,1,0,0,0,0,1,1,1,0,1,1,0,0,0,0,0,0,0,1,0,0,0,1,0,0,0,0,0,0,0,0,0,0,0,71
6,9,0,0,0,0,4,1,7,6,0,1,0,3,0,5,3,2,6,6,1,0,1,1,1,0,3,0,0,0,0,1,9,2,0,0,3,3,1,0,0,0,3,1,5,6,3,0,4,0,2,4,2,2,3,1,1,0,0,0,0,0,1,0,4,0,0,0,0,0,0,0,0,1,1,0,0,0,1,0,0,0,1,0,0,0,0,0,2,1,6,6,2,0,1,1,2,3,2,1,1,0,0,0,0,2,0,0,0,0,0,0,0,0,0,0,0,0,146
6,10,7,3,0,0,0,4,3,5,0,11,2,13,5,3,3,5,0,8,1,0,7,1,2,0,1,1,1,1,0,0,11,2,2,0,0,2,3,0,0,3,3,1,10,9,5,3,12,2,0,1,1,2,4,0,0,2,1,1,2,0,2,5,0,0,2,0,0,0,0,0,0,0,0,4,0,1,0,0,0,0,0,0,1,0,0,2,1,2,3,12,2,2,4,8,1,1,0,2,0,4,0,1,2,1,0,0,2,0,0,2,0,0,0,0,0,0,236
6,11,10,2,0,0,4,3,4,2,1,8,5,13,3,6,0,2,6,9,2,3,5,3,2,2,5,2,6,6,2,2,13,2,1,0,1,2,1,1,0,0,4,2,16,6,4,6,13,8,7,3,7,8,4,0,1,1,1,2,0,0,9,9,2,3,2,0,0,0,0,0,0,0,3,1,0,2,2,2,0,0,1,4,0,0,4,0,0,2,6,25,1,3,3,10,2,0,0,0,1,4,0,0,1,1,0,1,0,0,0,0,0,0,0,0,0,0,336
6,12,10,4,0,0,2,0,5,4,4,4,9,6,3,4,4,2,12,11,2,3,6,6,5,0,6,1,0,5,4,4,13,4,0,0,2,16,3,0,0,1,4,2,9,5,5,1,11,2,7,3,2,1,4,4,3,5,2,0,0,1,6,2,11,1,0,0,0,0,0,1,0,0,1,5,1,1,0,1,0,1,1,11,2,1,3,0,4,3,10,15,3,3,4,8,3,5,1,0,2,2,0,0,0,0,0,1,0,2,0,0,0,0,2,0,0,0,353
6,13,15,3,0,0,3,1,9,1,5,6,6,4,3,4,0,6,5,6,3,7,5,4,4,0,3,3,2,2,4,7,3,0,1,1,5,2,4,3,0,0,2,1,9,11,8,4,2,2,6,5,2,6,4,0,1,4,0,0,0,0,1,6,0,4,6,3,0,1,1,0,0,0,0,0,1,0,1,0,0,1,3,5,7,1,0,1,4,1,4,16,4,3,2,4,1,1,5,1,7,1,0,0,0,0,3,1,2,0,1,1,1,0,0,0,1,0,313
6,14,8,7,0,0,2,6,4,0,7,6,1,14,2,2,0,3,9,3,0,7,5,4,3,3,3,10,3,0,1,2,8,1,0,1,4,11,5,0,2,4,10,2,18,21,10,3,2,9,4,1,2,5,5,0,4,5,0,2,0,0,4,6,3,1,3,2,1,0,0,0,0,0,1,0,0,0,0,0,0,0,3,4,0,2,0,1,5,1,13,32,1,7,0,5,0,4,0,0,3,0,0,0,0,2,0,0,0,0,1,0,1,0,0,0,3,0,363
6,15,17,6,0,0,3,7,7,2,5,8,4,12,0,9,0,3,10,6,2,7,11,1,4,0,11,2,2,0,0,1,6,3,2,0,3,1,5,1,0,21,5,1,11,11,8,3,19,13,12,1,0,3,1,3,0,8,2,3,0,0,7,3,0,2,0,0,0,0,0,0,0,0,0,0,0,0,0,0,1,0,1,5,2,0,0,0,0,1,3,16,18,1,1,13,0,6,1,0,0,2,0,2,3,1,0,0,0,1,0,1,1,2,0,0,0,0,380
6,16,10,4,0,0,6,6,10,0,9,8,1,4,2,5,2,4,10,15,2,5,8,4,0,0,5,6,5,5,1,4,6,1,1,1,3,1,3,3,0,3,5,0,17,15,10,3,18,11,4,4,5,3,0,6,5,2,2,4,3,0,2,7,0,0,1,0,0,0,0,0,1,0,0,5,4,0,0,3,0,0,3,1,1,1,0,2,1,1,5,10,12,1,2,2,1,3,2,0,2,0,0,0,1,4,1,0,0,0,0,0,0,0,0,0,0,0,359
6,17,21,4,0,0,3,5,10,0,0,3,1,3,4,8,1,3,3,5,2,6,3,1,2,0,6,4,4,0,1,0,16,2,0,0,0,3,13,0,0,3,5,2,12,13,4,1,8,11,12,3,2,2,2,5,1,8,0,0,0,0,1,2,0,5,2,0,1,0,0,0,0,0,1,1,0,0,0,0,2,0,0,1,0,2,0,4,3,0,7,13,14,0,2,3,2,0,3,3,6,2,0,0,0,4,0,0,0,0,0,0,0,0,0,0,0,0,315
6,18,23,3,0,0,5,2,3,3,5,2,0,6,0,9,1,6,1,3,2,4,4,6,2,0,4,1,5,0,5,5,7,1,2,1,3,0,3,1,0,6,2,1,8,7,4,1,4,9,3,4,2,4,4,1,0,8,1,3,1,0,4,2,0,0,4,2,0,0,0,0,0,0,0,0,0,0,0,2,0,0,0,3,0,2,3,1,4,1,3,10,8,0,2,2,4,3,0,1,1,0,0,0,0,1,0,0,0,0,0,1,3,0,0,0,1,0,269
6,19,4,0,0,0,7,1,3,2,5,3,2,0,0,1,0,11,6,3,1,3,1,5,2,1,5,2,1,2,1,0,4,0,1,1,1,6,4,1,0,0,2,1,8,11,5,3,5,11,7,2,0,4,3,0,0,2,3,4,2,0,0,1,0,2,2,0,0,0,0,0,0,0,0,2,0,0,0,0,1,2,2,1,3,1,3,1,5,3,8,1,7,3,0,3,0,3,1,2,0,1,0,0,0,1,0,1,0,0,0,0,2,1,0,0,0,0,226
6,20,5,1,0,0,1,0,2,0,1,7,1,3,2,2,0,1,0,3,0,9,4,2,1,1,2,1,3,1,3,3,2,1,0,0,2,1,0,0,1,0,1,0,3,3,1,6,4,5,2,3,4,3,3,0,0,1,0,1,0,1,0,0,0,0,0,0,0,0,0,2,0,0,1,0,0,0,0,0,0,0,0,1,0,3,0,1,1,2,4,2,1,0,0,0,0,1,0,0,2,0,0,0,0,0,2,0,0,0,1,4,0,0,0,0,0,0,135
6,21,5,3,0,0,3,0,2,0,0,4,0,3,1,4,1,0,1,0,0,2,1,2,1,1,4,2,2,2,0,0,4,2,4,0,0,1,0,1,0,2,3,1,4,2,1,1,3,1,1,1,2,0,4,1,1,1,0,3,0,0,0,0,0,0,0,0,0,0,0,3,0,0,0,0,0,0,0,0,0,0,0,0,0,0,0,0,1,0,3,1,3,1,0,0,0,0,0,0,0,0,0,0,0,0,0,0,0,0,0,0,0,0,0,0,0,0,100
6,22,3,3,1,0,7,1,5,0,0,1,0,2,2,2,1,0,1,0,2,5,2,2,1,0,4,2,7,1,0,1,0,2,2,0,1,7,1,0,2,0,0,0,4,1,0,1,2,2,4,0,0,2,0,1,0,0,1,1,1,0,0,2,0,0,0,2,0,0,0,2,0,0,0,0,0,0,0,0,0,0,1,1,0,0,1,1,0,2,0,0,0,1,0,1,1,0,0,0,0,0,0,0,0,0,0,0,0,0,0,0,0,0,0,0,0,0,106
6,23,2,0,0,0,1,0,3,0,1,3,0,0,0,3,0,2,0,1,0,1,0,1,0,0,1,4,3,1,0,3,1,1,1,0,0,2,4,0,0,0,1,0,0,0,0,0,0,1,0,1,0,0,0,0,0,1,0,1,1,0,0,2,0,0,0,0,0,0,0,0,0,0,0,0,0,0,0,0,0,0,0,0,0,0,1,0,0,0,0,0,2,1,0,0,0,0,1,1,0,0,0,0,0,0,0,0,0,0,0,0,0,0,0,0,0,0,53
