day,hour,3,4,5,6,7,8,9,10,11,13,14,15,16,17,18,19,20,21,22,23,24,25,26,27,28,29,30,31,33,34,35,36,37,39,40,41,42,43,44,45,46,47,48,49,50,52,53,55,56,58,59,60,61,62,63,64,66,67,70,71,72,74,75,76,77,78,79,80,81,84,85,86,88,89,90,93,95,96,97,98,99,100,101,102,105,106,107,108,109,110,112,113,114,115,116,118,119,120,121,122,123,124,125,126,127,129,130,132,133,134,137,138,139,140,141,144,145,146,147,148,149,150,151,152,153,154,156,157,158,159,160,162,163,164,167,169,170,172,173,174,175,176,177,178,179,180,181,182,183,186,188,189,190,191,192,193,194,195,196,197,198,200,201,202,204,205,206,207,208,209,210,211,212,213,214,215,216,218,219,220,221,222,223,224,226,227,228,229,230,231,232,233,234,235,236,238,239,240,241,243,244,245,246,247,248,249,250,251,259,265,266,270,274,275,276,277,278,279,280,281,282,283,284,285,286,287,288,289,290,291,295,296,297,299,300,301,304,305,306,307,308,309,310,311,312,313,314,316,317,318,321,323,324,327,total
0,0,3,0,2,0,1,0,0,0,0,0,0,0,0,0,0,0,0,0,0,0,0,0,0,0,0,0,0,0,0,0,0,0,0,0,0,0,1,1,0,0,0,0,0,0,0,0,0,0,0,1,0,0,0,1,0,0,0,0,0,0,0,0,0,0,0,0,1,1,0,0,2,1,0,0,1,0,0,0,0,0,0,0,0,0,0,0,0,0,0,0,0,0,0,0,0,0,0,0,0,0,0,0,0,1,0,0,0,0,0,0,0,0,0,0,0,0,0,0,0,0,0,0,0,0,0,0,0,0,0,0,0,0,0,0,0,0,0,0,0,0,0,0,0,0,0,0,0,0,1,0,0,0,0,0,0,0,0,0,0,0,0,0,0,0,0,0,0,0,0,0,0,0,0,0,0,0,0,0,0,0,0,0,0,0,0,0,0,0,0,0,0,0,0,0,0,0,0,0,0,1,0,0,0,0,0,0,1,0,0,0,0,0,0,0,0,0,0,0,1,0,0,0,3,1,0,0,0,0,0,0,0,0,0,0,0,0,0,3,0,0,0,1,0,2,0,0,0,0,1,1,0,0,0,0,33
0,1,0,0,0,0,0,0,0,0,0,0,0,0,0,1,0,0,0,0,0,0,0,0,0,0,0,0,0,0,0,0,2,0,0,0,0,1,0,0,1,0,0,0,0,0,0,0,0,0,0,1,0,0,0,0,0,0,0,0,0,0,0,0,0,0,0,0,0,0,0,0,0,1,1,0,0,0,0,0,0,0,0,0,0,0,0,0,0,0,1,0,0,0,0,0,0,1,1,0,0,0,0,0,0,0,0,0,0,0,0,0,0,0,0,0,0,0,0,0,0,0,0,0,0,0,0,0,0,0,0,0,0,0,0,0,0,0,0,0,0,0,0,0,0,0,0,0,1,0,0,0,0,0,0,0,0,0,0,0,0,0,0,0,0,0,0,0,0,0,0,0,0,0,0,0,0,0,0,0,0,0,0,0,0,0,0,0,0,0,0,0,0,0,0,0,0,0,1,0,0,0,0,1,0,0,0,0,0,0,0,0,0,0,0,0,0,0,0,0,0,0,0,0,0,0,0,0,0,0,0,0,0,0,0,0,0,0,0,0,0,0,0,0,0,0,0,0,0,0,0,0,0,0,0,0,14
0,2,0,2,0,0,0,0,0,0,0,0,0,0,0,0,0,0,0,0,0,0,0,0,0,0,0,0,0,0,0,0,0,0,0,0,0,1,0,0,0,0,0,0,0,0,0,0,0,0,0,0,0,0,0,0,0,0,0,0,0,0,0,0,0,0,0,0,0,0,0,0,0,1,0,0,0,0,0,0,0,0,0,0,0,0,0,1,0,0,0,0,0,0,0,0,0,0,0,0,0,0,0,0,0,0,0,0,0,0,0,0,0,0,0,0,0,0,0,0,0,0,0,0,0,0,0,0,0,0,0,0,0,0,0,0,0,0,0,0,0,0,0,0,0,0,0,0,0,0,0,0,0,0,0,0,0,0,0,0,0,0,0,0,0,0,0,0,0,0,1,0,0,0,0,0,0,0,0,0,0,0,0,0,0,0,0,0,0,0,0,0,0,0,0,0,0,0,0,1,0,0,0,0,0,0,0,0,0,0,0,0,0,0,0,0,0,0,0,0,0,0,0,0,0,0,0,0,0,1,0,0,0,0,0,0,0,0,0,0,0,0,0,0,2,0,0,0,0,0,1,0,0,0,0,0,11
0,3,0,0,0,0,0,0,0,0,0,0,0,0,0,0,0,0,0,0,0,0,0,0,0,0,0,0,0,0,0,0,1,0,0,0,0,0,0,0,0,0,0,0,0,0,0,0,0,1,0,0,0,0,0,0,0,0,0,0,0,0,0,0,0,0,0,0,0,0,0,0,0,0,0,0,0,0,0,0,0,0,0,0,0,0,0,0,0,0,0,0,0,0,0,0,0,0,0,0,0,0,0,0,0,0,0,0,0,0,0,0,0,0,0,0,0,0,0,0,0,0,0,0,0,0,0,0,0,0,0,0,0,0,0,0,0,0,0,0,0,0,0,0,0,0,0,0,0,0,0,0,0,0,0,0,0,0,0,0,0,0,0,0,0,0,0,0,0,0,0,0,0,0,0,0,0,0,0,0,0,0,0,0,0,0,0,0,0,0,0,0,0,0,0,0,0,0,0,0,0,0,0,0,0,0,0,0,0,0,0,0,0,0,0,0,0,0,0,0,0,0,0,0,0,0,0,0,0,0,0,0,0,0,0,0,0,0,0,0,0,0,0,0,2,0,0,0,0,0,0,0,0,0,0,0,4
0,4,0,1,0,0,0,0,0,0,0,0,0,0,0,0,0,0,0,0,2,0,0,0,0,0,0,0,1,0,0,0,0,0,1,0,0,0,0,0,1,0,0,0,0,0,0,0,0,0,0,0,0,0,0,0,0,3,0,0,0,0,0,0,0,0,0,0,0,0,0,0,0,0,0,0,0,0,0,0,0,0,0,0,0,0,0,0,0,0,0,0,0,0,0,0,0,0,0,0,0,0,0,0,0,0,0,0,0,0,4,0,0,0,0,0,0,0,0,0,0,0,0,0,0,0,0,0,0,0,0,0,0,0,0,0,0,0,0,0,0,0,0,0,0,0,0,0,0,0,1,0,0,0,0,0,0,0,0,0,0,0,0,0,0,0,0,0,0,0,0,0,0,2,0,0,0,0,0,0,0,0,0,0,0,0,0,0,0,0,0,0,0,0,0,0,0,0,0,0,0,0,0,0,0,0,0,0,0,0,0,0,0,0,0,0,0,0,0,0,0,0,0,0,0,0,2,0,0,0,0,0,0,0,0,0,0,0,0,0,0,0,0,0,0,0,0,0,0,0,3,0,0,0,0,0,21
0,5,1,0,3,0,0,0,1,0,1,0,0,0,0,1,0,0,0,0,1,0,3,0,0,0,0,0,0,0,0,1,2,0,1,0,0,2,0,4,1,0,0,0,0,0,0,1,0,0,0,0,1,1,0,0,0,1,0,0,3,0,0,0,0,0,0,1,0,0,1,1,0,0,0,0,0,0,0,1,0,0,0,0,0,0,0,0,0,0,0,0,0,0,0,0,0,0,0,1,1,0,0,0,0,0,0,0,3,0,0,0,1,0,0,0,0,0,0,0,0,0,0,0,0,0,0,0,0,0,0,1,0,0,0,0,0,0,0,0,0,0,0,0,0,0,3,0,0,0,3,0,2,0,0,3,4,0,2,5,0,0,0,0,0,0,1,1,0,0,0,0,1,0,0,0,0,0,0,1,1,0,0,0,0,0,0,0,0,0,1,0,0,3,0,0,0,0,0,0,0,0,0,0,0,0,0,0,0,0,0,0,0,0,0,0,0,0,0,0,0,0,0,0,0,0,0,0,0,0,0,0,0,0,0,0,0,0,0,0,0,0,0,0,0,0,0,0,0,0,1,2,2,0,5,0,81
0,6,3,2,4,10,4,2,7,0,2,2,1,13,2,7,0,0,1,0,12,4,1,0,8,2,0,2,15,3,1,4,1,0,2,1,4,1,0,1,3,0,1,3,1,2,2,0,1,0,1,7,0,5,7,9,0,1,3,10,3,0,4,2,6,2,1,1,1,2,6,0,4,8,0,0,6,2,0,2,5,3,2,0,0,0,0,2,0,0,2,0,0,1,2,3,2,3,0,2,4,1,0,1,0,2,0,0,1,2,2,1,0,1,1,0,2,0,0,0,1,0,0,0,0,0,0,0,0,0,1,0,0,0,1,2,0,0,0,0,4,0,1,2,0,0,0,0,0,1,1,4,0,2,0,2,0,2,1,0,3,2,0,4,0,0,0,0,0,1,0,0,3,1,0,0,1,0,1,1,1,1,0,0,2,0,0,0,0,0,0,0,1,2,0,0,0,0,0,1,1,1,0,0,0,0,0,0,0,0,0,0,0,0,0,1,0,0,0,0,0,0,0,0,0,0,1,0,0,0,0,0,0,3,0,0,0,0,0,4,0,0,0,0,0,2,0,0,0,0,0,0,4,9,3,0,352
0,7,5,1,10,16,2,3,11,4,7,3,2,50,29,23,1,3,1,13,40,2,8,4,7,22,11,8,83,6,2,1,0,7,6,14,3,4,4,11,4,5,2,1,7,3,7,7,4,7,11,21,3,5,21,9,0,0,8,34,21,3,16,8,6,11,7,4,3,3,20,6,3,9,1,3,5,10,8,11,8,8,5,0,1,1,1,3,4,7,1,2,2,4,8,5,7,7,2,4,4,4,7,4,6,6,8,8,6,7,2,3,2,3,9,1,7,3,12,2,6,0,0,5,0,0,0,0,2,1,5,0,0,1,3,0,1,1,0,2,1,0,4,8,1,6,5,7,4,1,4,6,6,4,0,0,3,1,10,18,7,8,1,17,0,2,1,4,0,2,1,0,4,5,5,2,6,1,0,3,0,1,0,0,4,0,0,0,0,0,0,1,0,4,0,2,0,0,0,1,1,1,1,2,0,0,1,2,0,0,0,0,0,0,1,1,0,0,0,0,0,0,0,0,2,3,0,0,0,0,0,0,0,2,0,0,0,0,4,9,0,0,0,0,2,6,1,0,2,0,1,1,9,6,12,0,1196
0,8,12,8,21,37,3,3,10,2,8,1,6,99,62,46,7,6,5,58,84,27,6,5,6,27,20,9,97,7,12,2,1,4,7,7,7,24,10,26,19,6,2,2,7,5,8,29,8,11,14,39,11,20,15,3,6,1,24,148,18,16,26,11,10,13,8,10,3,11,49,21,15,11,3,10,16,9,18,20,15,7,15,4,3,4,8,6,21,17,7,2,8,9,20,6,8,2,12,4,6,4,9,5,11,25,18,13,11,8,9,32,21,10,12,3,8,20,17,4,9,1,0,0,1,0,0,3,2,1,1,1,8,0,1,0,4,3,2,2,0,3,6,8,0,7,5,4,8,10,0,3,7,15,1,2,2,5,9,30,14,7,1,33,0,4,0,2,0,5,5,0,5,22,8,3,0,3,0,4,0,1,0,0,13,0,0,1,0,0,3,0,1,6,0,3,0,5,2,1,2,5,1,1,0,0,4,6,1,2,1,0,0,0,3,1,1,0,1,0,0,0,0,0,2,19,0,1,0,0,0,0,1,2,0,0,0,0,0,0,0,0,3,2,0,0,19,0,2,2,2,0,7,14,26,0,2329
0,9,12,8,29,17,1,3,5,5,5,1,6,70,33,34,2,5,10,39,51,19,19,7,6,20,13,0,30,4,7,8,0,4,8,5,1,19,2,10,10,5,0,2,16,2,15,6,16,1,9,45,9,10,8,1,5,8,76,88,17,10,13,3,9,8,7,5,4,37,76,13,14,5,1,3,14,10,7,7,5,12,5,1,4,3,3,8,3,5,13,1,3,2,11,4,6,2,7,8,9,7,3,5,9,18,8,5,12,6,4,8,10,5,7,1,2,3,10,1,10,0,2,0,0,0,0,0,2,0,0,1,0,1,2,0,0,0,0,2,0,1,3,3,0,1,5,5,3,0,0,5,5,2,1,0,1,7,3,3,10,7,1,3,0,1,6,0,1,1,1,0,3,9,2,1,0,1,1,2,0,2,0,1,14,0,0,0,0,0,4,0,0,2,0,0,0,0,4,6,1,4,0,0,0,0,3,1,0,0,1,1,0,0,0,0,0,1,0,1,0,0,3,0,3,7,0,1,1,1,0,0,0,2,0,0,0,0,2,2,0,0,1,0,2,2,23,0,1,2,2,0,14,5,14,0,1604
0,10,7,4,16,16,1,3,2,2,8,2,3,18,14,8,3,1,5,21,13,4,4,3,5,2,11,2,14,1,1,4,0,4,5,1,1,9,3,3,7,6,1,3,6,3,2,0,7,4,1,14,7,4,4,2,2,4,10,29,6,4,0,5,4,2,2,1,0,1,15,3,1,1,2,6,2,7,7,1,4,2,1,2,0,0,4,2,2,2,4,0,1,1,6,3,5,3,4,11,3,4,3,2,1,4,2,0,3,4,2,2,5,5,1,1,1,0,1,1,3,1,0,0,1,0,3,0,0,1,2,1,0,0,3,1,2,1,0,1,1,0,1,4,0,1,1,2,1,1,0,4,1,2,0,0,0,1,1,1,2,3,1,9,2,0,5,0,0,3,0,0,3,3,4,0,1,0,0,2,0,0,0,1,5,0,0,0,0,0,2,0,0,5,0,0,0,1,0,1,1,2,2,5,0,1,3,2,0,3,0,0,0,1,0,4,1,1,4,1,1,0,0,0,4,2,0,2,0,0,0,0,0,5,0,0,0,0,1,1,0,0,0,0,1,1,3,0,0,0,3,0,10,6,3,0,681
0,11,7,1,6,9,4,2,4,1,8,2,3,11,5,5,0,5,7,20,1,8,0,6,3,10,6,6,7,0,5,4,0,3,8,0,0,7,6,0,3,5,0,2,7,3,0,1,3,2,2,17,7,7,2,2,0,3,3,15,7,0,1,1,6,8,3,2,6,3,10,2,0,0,2,1,8,8,4,0,2,4,3,1,1,2,3,1,2,1,4,2,0,2,1,4,2,0,7,5,2,0,3,5,4,2,1,2,3,1,2,9,2,0,5,1,5,0,3,1,0,0,0,0,0,0,1,1,1,0,1,1,2,2,2,0,2,4,1,1,2,1,1,1,1,0,2,0,3,2,2,3,0,2,0,1,0,0,5,4,5,4,3,3,3,0,2,1,0,0,2,0,0,0,3,0,3,0,0,0,0,1,1,0,2,0,0,0,1,0,2,0,3,1,0,0,0,2,4,6,3,3,2,5,1,0,0,2,0,3,0,0,1,0,2,0,3,1,2,2,2,0,0,0,1,0,3,0,0,1,1,0,0,1,0,0,0,0,0,5,1,0,0,1,0,1,0,1,1,2,0,2,4,3,4,0,599
0,12,10,3,10,25,5,5,10,2,5,3,7,10,10,8,0,5,9,14,4,11,5,5,0,6,4,1,3,1,1,0,2,5,4,0,3,4,1,6,13,4,0,4,8,3,1,1,9,0,2,17,8,4,5,4,1,6,4,2,2,1,0,1,4,7,3,3,9,3,13,0,0,6,5,3,8,9,2,4,1,2,4,6,1,5,1,1,1,0,5,0,5,1,4,0,5,0,5,2,0,1,3,0,3,3,3,3,3,4,1,4,2,1,1,3,1,1,2,1,1,1,3,1,0,2,1,0,0,2,1,2,2,3,2,0,4,1,0,0,0,0,1,1,0,2,0,4,8,5,4,1,0,2,0,1,0,2,5,5,5,1,3,6,1,1,3,3,0,0,0,0,0,1,3,1,1,2,0,0,0,2,0,0,2,0,0,0,0,0,1,1,0,1,0,0,0,4,4,1,4,6,2,4,1,1,1,0,0,2,0,0,0,0,1,0,3,0,1,1,3,0,2,0,1,1,0,0,2,1,1,0,3,1,0,0,0,0,0,2,1,0,1,4,0,2,0,0,1,2,0,0,6,1,5,0,656
0,13,15,0,15,15,7,4,1,2,2,2,3,21,5,1,0,6,5,11,13,3,3,1,2,3,5,2,2,0,0,4,0,5,10,1,0,9,1,4,6,2,0,4,6,3,1,0,1,1,0,8,6,1,10,5,4,1,7,4,10,1,3,1,6,4,2,4,2,4,6,1,0,2,5,6,9,3,0,3,0,5,1,7,0,1,0,6,1,2,5,1,2,1,6,4,0,0,4,1,2,1,1,3,2,1,2,2,0,2,0,5,1,3,0,0,2,1,1,1,2,3,0,0,0,0,0,0,1,1,2,1,1,3,3,1,5,0,0,0,0,0,2,2,0,1,2,1,0,4,1,0,1,0,2,0,1,0,2,10,0,5,1,1,0,2,5,0,3,0,4,0,0,4,1,0,0,1,0,0,0,1,0,0,2,0,0,0,0,3,0,0,0,2,0,0,1,0,1,1,3,10,2,5,0,1,1,3,0,0,2,0,0,2,2,1,3,0,1,2,1,0,1,0,4,1,0,0,0,0,0,2,0,1,0,0,0,0,2,7,0,0,1,6,3,3,1,1,0,0,3,0,4,2,11,2,586
0,14,17,2,5,15,3,3,3,2,6,2,4,18,14,5,0,5,5,8,4,5,1,7,1,6,8,2,3,5,1,2,0,5,7,2,1,3,3,1,4,4,0,2,4,0,4,0,4,2,0,14,4,1,5,2,1,0,4,2,8,0,0,0,5,4,4,1,3,3,9,2,0,1,1,4,12,7,1,1,0,3,1,6,0,0,2,2,2,2,2,0,3,2,2,3,3,1,1,2,2,0,0,0,3,4,4,0,0,2,0,3,1,1,0,0,1,3,1,0,0,1,0,0,0,0,0,0,0,0,0,1,1,4,4,0,3,0,0,1,0,0,0,5,2,3,0,1,1,3,3,0,0,0,0,0,0,0,0,0,3,8,0,5,0,1,0,0,0,0,1,0,0,1,0,0,0,1,0,1,1,1,0,0,0,0,0,0,0,0,3,0,0,0,1,0,0,1,2,3,1,9,0,1,1,0,1,0,0,0,3,0,1,0,1,0,0,2,1,0,0,0,0,0,3,2,0,0,0,0,0,0,1,9,0,0,0,0,0,1,0,0,1,0,4,1,0,0,0,0,0,0,5,8,6,2,499
0,15,6,1,10,29,7,5,5,0,6,8,6,5,6,8,0,4,14,14,14,12,12,10,1,7,4,1,9,0,4,1,2,2,11,0,2,3,2,5,6,6,0,4,9,1,5,1,4,1,5,16,1,2,0,1,1,5,15,0,7,1,3,0,6,5,6,2,5,5,10,0,2,7,1,5,10,8,0,2,3,6,1,4,1,4,0,0,0,1,2,1,4,4,2,1,5,2,3,1,2,1,4,2,0,5,1,3,2,2,3,1,0,0,1,0,1,1,2,1,4,2,0,0,0,0,0,4,1,1,0,2,5,4,2,1,1,1,0,1,0,0,2,4,3,0,2,0,4,5,2,3,0,3,0,0,0,4,2,1,1,7,2,1,2,2,1,0,0,4,3,0,5,2,0,0,0,1,0,0,0,1,0,0,1,0,0,0,0,0,0,0,0,0,0,0,1,0,0,0,0,8,1,1,0,1,7,0,1,1,1,2,0,2,1,0,1,0,1,2,0,0,2,0,5,1,0,0,0,0,0,0,1,1,0,0,0,0,0,4,0,0,1,2,5,0,1,0,3,0,1,0,3,1,8,0,648
0,16,22,1,19,44,11,12,11,3,16,23,18,10,21,22,0,11,15,39,31,29,23,34,1,16,11,7,6,0,4,2,0,5,18,0,1,4,5,1,9,13,1,11,31,5,13,1,3,7,2,24,12,5,3,2,8,2,20,1,7,1,2,1,4,9,6,1,7,21,17,5,0,4,2,6,21,18,1,0,4,5,1,4,5,4,2,0,3,5,2,1,5,3,10,3,9,0,2,6,5,2,8,2,2,11,3,1,2,0,0,6,0,1,0,1,4,0,1,1,3,5,2,0,0,0,0,0,0,4,0,2,4,4,9,0,0,0,0,5,1,0,1,10,0,1,1,4,8,8,2,4,0,1,0,0,0,1,1,1,5,4,6,0,6,3,0,0,0,1,1,0,1,1,5,0,1,0,0,0,0,2,0,1,1,0,0,2,0,0,0,4,1,0,1,0,3,1,4,3,5,5,0,2,0,1,3,0,3,0,1,1,0,0,0,0,1,0,0,3,5,0,0,0,7,0,0,3,0,0,1,1,0,0,0,0,0,0,1,1,1,0,1,5,5,4,3,6,2,0,1,1,5,0,4,0,1147
0,17,52,3,20,40,21,16,43,6,14,24,31,19,39,36,1,23,28,57,29,23,27,34,6,22,9,5,56,3,3,1,5,14,42,2,3,17,8,8,12,45,0,15,37,18,8,1,3,2,1,35,27,9,8,5,2,10,31,18,4,0,4,5,3,7,24,20,25,8,63,4,0,6,6,18,50,36,1,3,4,5,4,1,15,4,3,1,3,6,1,1,4,5,16,12,5,1,0,1,4,1,11,6,2,1,6,4,4,1,3,19,0,3,4,1,11,6,0,1,2,0,3,0,0,2,6,1,0,1,0,1,8,2,15,0,4,0,0,2,0,0,1,31,0,0,1,2,16,30,1,4,1,0,0,0,0,2,0,1,0,3,7,2,3,1,0,0,0,2,2,0,0,2,1,0,3,2,0,1,0,1,0,0,8,0,0,0,0,0,2,1,1,0,0,0,1,1,8,4,10,22,2,3,1,2,1,1,3,0,1,0,1,1,1,1,3,1,0,1,5,0,0,1,7,2,3,2,2,0,2,0,2,8,0,0,0,0,1,5,1,0,3,5,2,0,14,6,3,1,0,0,9,12,7,0,1895
0,18,30,8,25,13,18,18,23,6,16,8,10,9,25,24,0,12,16,35,19,26,18,18,5,7,4,0,67,2,2,1,3,13,26,2,0,4,3,11,14,12,0,11,33,10,10,1,2,1,1,31,11,8,7,4,1,6,30,21,3,1,3,3,10,5,9,10,26,9,48,0,1,7,16,14,27,10,0,2,3,4,3,10,4,10,4,0,4,2,6,2,7,3,6,4,5,0,0,3,2,2,2,1,6,3,6,3,15,3,3,13,2,0,1,0,1,0,1,2,5,2,2,0,2,1,6,0,0,0,2,2,17,5,15,0,3,1,1,3,0,0,0,43,0,1,0,1,4,38,9,6,0,1,1,0,0,2,0,5,2,1,4,3,11,3,3,0,0,0,2,0,0,2,1,0,2,0,0,0,0,1,0,1,16,0,0,0,0,0,0,0,2,0,0,0,0,1,10,3,13,11,2,9,0,1,1,1,0,2,0,0,0,2,0,2,0,1,2,0,1,1,0,0,9,1,0,1,0,0,2,0,0,1,0,0,0,0,0,5,0,0,1,0,4,2,20,6,0,2,3,2,5,3,7,1,1461
0,19,20,8,14,15,9,6,3,3,2,1,7,5,8,12,0,14,7,20,11,6,7,2,0,6,4,0,22,1,4,1,6,5,4,0,1,4,2,8,9,11,0,6,11,12,1,0,3,2,0,25,3,8,2,2,0,4,11,17,4,2,1,7,9,4,7,5,4,10,19,0,0,6,8,10,7,11,3,3,2,6,1,5,1,6,4,1,0,4,2,1,7,2,5,0,1,0,2,1,6,1,3,4,2,6,1,1,11,2,3,3,2,0,1,1,5,1,1,1,0,2,1,1,0,0,1,0,0,1,1,1,7,3,8,0,1,0,0,1,0,0,0,23,2,1,0,1,6,20,3,4,0,0,2,0,0,1,3,5,2,3,6,4,5,0,2,1,0,2,0,0,0,1,5,0,1,0,0,0,0,0,0,0,10,0,0,0,0,0,0,0,0,2,0,1,0,1,5,1,2,6,2,0,2,2,0,1,0,0,0,0,0,0,0,0,0,0,1,1,7,0,0,0,11,3,0,0,0,0,0,1,2,0,0,0,0,0,0,3,0,0,1,0,1,1,9,0,0,0,0,0,4,2,2,2,818
0,20,14,2,16,10,8,0,3,0,2,2,3,0,7,3,1,8,2,12,12,3,2,6,1,3,3,2,10,3,1,1,2,1,6,0,0,1,0,3,4,4,0,3,4,0,1,0,2,0,1,16,2,2,3,2,3,5,7,5,2,0,1,7,2,5,0,1,3,3,5,2,1,5,3,11,5,4,2,4,3,4,2,4,2,2,1,0,0,1,3,1,4,4,3,2,0,2,1,3,2,0,7,3,2,2,4,1,2,2,3,5,0,0,0,0,3,0,1,0,1,1,2,1,0,1,1,0,0,1,1,0,3,1,5,0,0,0,0,3,0,0,1,5,0,1,1,1,5,4,6,3,0,0,1,0,0,2,1,6,2,0,3,4,3,0,0,0,0,1,0,0,0,0,4,0,0,0,0,0,0,0,0,0,4,0,0,0,0,0,0,0,2,0,0,0,0,1,4,1,4,3,0,1,0,2,0,0,0,0,0,0,0,0,0,0,0,0,1,3,15,0,0,0,7,0,1,0,0,0,0,2,0,0,0,0,0,1,0,2,1,0,0,1,6,0,0,1,0,4,3,0,5,3,2,0,517
0,21,12,4,7,5,1,0,3,0,1,3,1,2,1,0,0,3,3,3,5,1,0,6,0,2,1,0,11,0,0,2,1,1,2,0,0,6,1,2,6,0,0,8,3,0,1,0,1,0,0,5,1,5,3,0,1,1,3,3,0,0,1,1,2,3,1,4,0,1,7,1,0,3,1,5,4,1,1,1,0,7,1,3,0,2,2,0,3,1,4,0,3,0,0,0,0,0,4,0,2,0,4,0,0,0,5,1,1,0,4,9,0,1,1,0,3,0,1,0,0,2,0,0,0,1,0,0,0,1,2,0,3,0,6,3,2,0,0,1,0,0,0,9,2,0,1,2,1,11,0,2,0,0,2,0,1,1,1,0,1,0,0,0,2,2,0,0,0,0,5,1,0,2,0,0,0,0,0,0,0,0,0,0,2,0,0,0,0,0,0,0,1,2,0,0,0,0,4,2,2,1,1,3,1,1,1,1,0,1,0,0,0,0,1,0,5,0,2,1,11,1,0,0,3,2,0,0,0,0,0,0,0,0,0,0,0,0,0,1,0,0,0,3,6,2,2,0,1,0,0,0,3,3,4,1,372
0,22,3,2,8,0,1,1,0,0,1,0,0,2,2,1,0,2,0,3,1,0,0,0,0,2,0,0,0,0,0,1,0,1,0,0,0,1,0,3,1,1,0,2,0,1,0,1,0,0,0,3,1,2,2,0,0,2,4,0,1,0,0,1,3,1,0,0,0,1,1,0,0,1,1,0,0,3,0,0,0,0,1,1,0,2,1,1,1,1,4,2,2,1,0,2,0,0,0,2,1,0,1,1,4,0,0,3,0,1,0,0,0,0,2,0,0,0,0,0,1,0,0,1,0,0,0,0,0,0,1,0,2,0,3,1,0,0,1,0,0,0,0,1,0,0,0,2,2,2,3,1,0,0,1,0,0,0,0,2,1,0,0,0,1,0,0,1,0,1,1,0,0,0,1,0,0,0,0,0,0,0,0,0,1,0,0,0,0,0,0,0,0,0,0,0,0,1,9,0,0,1,1,3,0,0,0,0,0,1,0,0,0,0,0,0,0,0,0,0,0,2,0,0,2,2,0,0,0,0,0,1,0,2,0,0,0,0,0,0,0,6,0,0,2,0,0,0,2,0,2,0,1,0,5,0,176
0,23,3,0,3,0,0,0,0,0,0,2,1,0,1,0,0,1,2,2,0,1,1,0,0,0,0,0,0,0,1,0,1,0,0,0,1,0,1,0,2,1,0,0,0,1,0,0,2,0,0,1,0,0,0,0,0,1,1,1,1,0,0,3,1,0,1,0,0,0,2,2,1,0,0,0,0,0,2,0,0,2,0,0,1,0,0,0,1,1,2,1,0,1,0,0,2,0,1,0,2,0,1,1,0,0,0,1,0,0,0,1,0,0,0,0,0,0,0,0,0,0,0,1,0,0,0,0,0,0,0,0,1,0,0,0,0,0,0,0,0,0,2,1,1,0,0,1,0,1,1,0,0,0,0,0,0,0,0,1,0,0,0,0,0,0,0,0,0,0,1,0,0,0,0,0,0,0,0,0,0,0,0,0,2,0,0,0,0,0,0,0,0,0,0,0,0,0,2,1,1,3,2,0,0,0,0,0,0,0,0,0,0,0,0,0,3,0,0,1,0,0,0,0,0,0,1,0,0,0,0,4,0,0,0,0,0,0,0,2,0,0,0,1,6,0,1,0,0,0,2,0,0,0,3,0,108
1,0,0,1,0,0,0,0,0,1,0,0,0,0,0,1,0,0,0,0,0,0,0,0,0,0,0,0,4,0,0,0,0,0,0,0,0,0,0,0,2,0,0,0,0,0,0,0,0,0,1,0,0,0,0,0,0,1,0,0,0,0,0,2,2,0,0,1,0,0,0,0,0,0,0,0,0,0,2,0,0,0,0,0,2,0,0,1,0,0,0,0,1,1,0,0,0,0,0,0,0,0,1,1,0,0,1,0,0,0,0,0,0,0,0,0,0,0,0,0,0,0,0,0,0,0,0,0,0,0,0,0,1,0,0,0,0,0,0,0,0,0,0,0,0,0,0,0,0,0,1,0,0,1,0,0,0,0,0,0,0,0,0,0,0,0,0,0,0,0,0,0,0,0,0,0,0,0,0,0,0,1,0,0,0,0,0,0,0,0,0,0,0,0,0,0,0,0,1,0,0,0,0,0,0,0,0,0,0,0,0,0,0,0,0,0,0,0,0,0,0,0,0,0,0,0,1,0,0,0,0,0,0,0,0,0,0,0,0,3,0,0,0,0,0,0,0,0,0,0,1,0,0,0,0,0,36
1,1,0,0,0,0,0,0,0,0,0,0,0,0,0,0,0,0,1,0,0,0,0,0,0,0,0,0,0,0,0,0,0,0,0,0,0,0,0,1,0,0,0,0,0,0,0,0,0,0,0,0,0,0,0,0,0,0,0,0,0,0,0,0,0,0,0,0,0,0,1,0,1,0,0,0,0,0,0,0,0,0,0,0,0,0,0,0,0,0,0,0,0,0,0,0,0,0,1,0,0,0,0,0,0,0,0,0,1,0,0,0,0,0,0,0,0,0,0,0,0,0,0,0,0,0,0,0,0,0,0,0,1,0,0,0,0,0,0,0,0,0,0,0,0,0,0,1,0,0,0,1,0,0,0,0,0,1,0,0,0,0,0,0,0,0,0,0,0,0,0,0,0,0,0,0,0,0,0,0,0,0,0,0,0,0,0,0,0,0,0,0,0,0,0,0,0,0,0,2,0,0,0,0,0,0,0,0,0,0,0,0,0,0,0,0,5,0,0,0,0,0,0,0,0,0,0,0,0,0,0,0,0,1,0,0,0,0,0,0,0,0,0,1,2,3,0,0,0,0,0,0,0,0,0,0,24
1,2,0,0,0,0,0,0,0,0,0,0,0,0,0,0,0,0,0,0,0,0,1,0,0,0,0,0,0,0,0,0,1,0,0,0,0,0,0,0,0,0,0,0,0,0,0,0,0,0,0,0,0,0,0,0,0,0,0,0,0,0,0,0,0,0,0,0,0,0,0,0,0,0,0,0,0,0,0,0,0,0,0,0,0,0,0,0,0,0,0,0,1,0,0,0,0,0,0,0,0,0,0,0,0,0,0,0,0,0,0,0,0,0,0,0,0,0,0,0,0,0,0,0,0,0,0,0,0,0,0,0,0,0,0,0,0,0,0,0,0,0,0,0,0,0,2,0,0,0,0,0,0,0,0,0,0,0,0,0,0,0,0,0,0,0,0,0,0,0,0,0,0,0,0,0,0,0,0,0,0,0,0,0,0,0,0,0,0,0,0,0,0,0,0,0,0,0,0,1,0,0,0,0,0,0,0,0,0,0,0,0,0,0,0,0,0,0,0,0,0,0,0,0,0,0,0,0,0,0,0,0,0,0,0,0,0,0,0,0,0,0,0,3,2,0,0,0,0,0,0,0,0,0,0,0,11
1,3,0,0,0,0,0,0,0,0,0,0,0,0,0,0,0,0,2,0,0,0,0,0,0,0,0,0,0,0,0,0,0,0,0,0,0,0,0,0,0,0,0,0,0,0,0,0,0,0,0,0,0,0,0,0,0,0,0,0,0,0,0,0,0,0,0,0,0,0,0,0,0,0,0,0,0,0,0,0,0,0,0,0,0,0,0,0,0,0,0,0,0,0,0,0,0,0,0,0,0,0,0,0,0,0,0,0,0,0,0,0,0,0,0,0,0,0,0,0,0,0,0,0,0,0,0,0,0,0,0,0,1,0,0,0,0,0,0,0,0,0,0,0,0,0,0,0,0,0,0,0,0,0,0,0,0,0,0,0,0,0,0,0,0,0,0,0,0,0,1,0,0,0,0,0,0,0,0,0,0,0,0,0,0,0,0,0,0,0,0,0,0,0,0,0,0,0,0,0,0,0,0,0,0,0,0,0,0,0,0,0,0,0,0,0,0,0,0,0,0,0,0,0,0,0,0,0,0,0,0,0,0,0,0,0,0,0,0,0,0,0,0,0,0,0,0,0,0,0,0,0,0,0,0,0,4
1,4,0,0,0,0,0,0,0,0,0,2,0,0,1,0,0,0,0,0,0,0,0,0,0,0,0,0,0,0,0,0,1,0,1,0,0,0,0,0,2,1,0,0,0,0,0,0,0,0,0,0,0,0,0,0,0,2,0,0,0,0,0,0,0,0,0,0,1,0,1,0,0,0,0,0,0,0,0,0,0,0,0,0,0,0,0,0,0,0,0,0,0,0,0,0,0,0,0,0,0,0,0,0,0,0,0,0,0,0,4,0,0,0,0,0,0,2,0,2,0,0,0,0,0,0,0,0,0,0,0,1,2,0,0,0,0,0,0,0,0,0,0,0,0,0,0,0,0,0,0,0,0,0,0,0,0,0,0,0,0,0,0,0,0,0,0,0,0,0,1,0,0,3,0,0,0,0,0,0,0,0,0,0,0,0,0,0,0,0,0,0,0,0,0,0,0,0,1,0,0,0,0,0,0,0,0,0,0,0,0,0,0,0,0,0,0,0,0,0,0,0,0,0,0,0,0,0,0,0,0,0,0,0,0,0,0,0,0,0,0,0,0,0,0,0,0,0,0,0,0,0,0,0,0,0,28
1,5,2,0,2,0,0,0,1,0,0,0,1,0,1,1,0,0,0,1,0,0,2,0,0,0,0,0,1,0,0,0,1,0,1,0,0,0,0,4,2,0,1,0,0,0,0,2,0,2,1,2,0,2,0,1,0,3,0,1,2,0,0,0,0,0,4,1,0,0,2,1,0,0,0,0,0,0,0,1,0,1,0,0,0,0,0,0,0,0,0,0,0,0,0,0,1,0,0,0,0,0,2,0,0,0,0,0,1,0,0,0,2,0,0,0,1,1,4,0,0,0,0,0,0,0,0,0,0,0,0,0,0,0,1,0,0,0,0,0,0,0,0,1,0,0,3,0,0,0,3,0,0,0,0,3,3,1,0,4,1,0,0,0,0,0,0,0,0,1,1,0,1,0,0,0,0,0,0,0,0,0,0,0,0,0,0,0,0,0,1,0,0,1,0,0,0,0,0,0,0,0,0,0,0,0,1,0,0,0,0,0,0,0,0,0,0,0,0,0,0,0,0,0,0,0,0,0,0,0,0,0,0,0,0,0,0,0,0,0,0,0,0,0,2,0,0,0,0,0,0,0,4,0,6,0,97
1,6,2,1,5,6,5,1,8,0,3,2,0,12,7,7,1,1,1,5,4,4,1,0,7,6,1,2,21,5,2,4,1,0,2,3,3,5,0,1,5,0,2,0,3,2,1,1,0,2,1,5,2,2,5,4,0,2,1,12,1,0,3,3,3,4,1,1,1,1,6,1,6,8,0,4,1,3,0,2,3,0,0,0,0,0,0,1,0,0,3,0,0,3,1,3,0,0,3,1,4,0,2,0,1,1,3,1,5,2,0,1,0,3,0,0,1,2,2,0,1,0,0,0,0,0,0,0,0,0,2,1,0,0,0,2,0,0,0,1,4,0,1,4,0,0,3,1,1,0,1,7,1,4,0,0,1,2,4,1,5,1,0,1,0,0,1,6,0,0,0,0,1,2,0,0,3,0,0,1,0,2,0,1,1,0,0,0,0,0,0,0,0,5,0,0,0,0,1,0,0,0,0,0,0,0,0,0,0,0,0,0,0,0,0,1,0,0,0,0,0,0,0,0,0,1,0,0,0,0,0,0,0,1,0,0,0,0,0,2,0,0,0,0,0,1,0,0,0,0,0,6,2,9,5,0,385
1,7,6,3,9,15,1,1,9,5,4,2,2,63,27,17,4,1,1,14,45,6,2,2,6,20,13,7,75,4,2,1,0,5,1,12,4,3,2,8,10,2,3,0,16,5,4,13,9,4,9,24,1,7,13,6,3,0,8,35,14,5,14,14,9,10,8,3,8,1,22,9,9,10,0,7,5,8,9,13,11,4,9,1,0,1,4,0,6,6,3,0,2,0,3,6,5,6,5,5,7,4,5,2,5,13,9,9,7,13,3,6,5,1,9,1,8,5,9,1,6,0,2,2,0,0,0,0,1,2,2,0,2,2,2,0,0,0,1,0,3,0,5,13,2,3,3,4,3,5,2,4,6,8,0,1,3,1,1,22,11,10,0,18,0,2,3,5,0,1,1,1,6,5,4,2,5,0,0,2,1,0,0,0,2,0,0,0,0,1,2,2,0,7,0,1,0,1,0,0,1,2,0,2,0,0,1,3,0,0,0,0,0,0,0,1,0,1,0,1,0,0,0,0,0,4,1,0,0,0,1,0,2,1,0,0,0,0,1,6,0,0,0,0,0,7,0,0,1,0,1,1,10,7,12,0,1222
1,8,13,4,15,27,0,3,7,1,7,7,6,89,70,40,2,3,7,28,99,21,10,12,7,34,25,13,101,8,5,4,5,5,4,8,4,19,6,20,23,7,1,6,9,11,6,17,13,14,24,41,8,17,15,7,6,1,16,134,24,12,24,14,12,17,11,10,3,15,80,20,20,15,3,8,15,9,12,11,10,12,15,3,3,6,5,13,14,20,9,5,8,3,21,7,9,8,10,16,9,7,7,4,10,20,13,18,11,9,13,25,21,6,6,6,12,13,15,5,17,1,2,1,2,1,0,3,2,1,2,2,5,2,3,3,4,8,0,0,0,1,3,5,2,9,5,5,8,2,2,7,4,12,0,1,2,5,8,24,23,6,0,30,1,1,3,5,0,1,4,3,5,16,7,4,3,8,0,9,0,0,0,2,14,0,0,1,0,1,5,0,1,3,0,2,0,7,3,0,1,7,1,1,0,0,4,2,1,2,0,0,1,0,4,0,0,3,0,0,0,0,1,0,1,26,0,0,0,0,0,0,0,5,2,0,0,0,2,3,0,0,3,2,2,1,20,1,2,2,2,1,10,12,21,0,2355
1,9,20,10,23,20,1,5,5,5,6,0,7,59,47,41,5,5,5,47,56,16,11,12,6,21,17,2,39,7,4,8,0,5,8,7,1,10,5,20,8,8,0,5,13,4,4,6,11,5,11,34,7,7,10,0,7,5,59,81,14,6,13,4,11,11,5,2,6,34,66,13,12,8,1,4,14,16,10,11,8,12,6,3,6,6,5,1,5,10,3,1,9,1,6,4,9,0,6,4,9,2,4,7,8,18,9,7,10,2,7,14,14,5,8,0,4,4,12,4,7,0,1,1,1,0,1,2,1,0,5,1,2,2,3,1,0,1,1,9,2,1,4,5,0,1,2,11,3,3,2,5,5,3,0,1,0,3,2,9,12,8,2,13,0,3,3,1,0,2,1,0,3,9,6,5,2,1,2,1,1,0,0,0,20,0,0,0,0,0,3,0,0,0,0,0,0,1,3,2,5,4,1,1,1,0,6,6,0,1,0,0,0,0,0,1,1,1,1,1,1,1,0,0,5,3,0,1,0,0,0,0,0,1,0,0,0,0,1,1,1,0,0,1,1,0,10,0,2,2,1,1,12,12,16,0,1673
1,10,11,0,8,10,3,0,3,1,3,4,3,21,14,13,0,4,6,22,6,9,7,6,7,10,10,1,18,3,4,0,2,4,11,1,1,8,2,4,8,3,0,4,5,1,3,2,3,2,2,18,8,3,4,5,0,2,9,21,5,3,4,3,6,3,2,1,3,6,17,3,2,4,0,0,4,5,4,3,2,4,4,0,3,1,7,7,2,1,5,0,0,5,9,3,10,0,9,8,2,1,4,3,3,6,3,4,4,6,3,5,3,5,3,1,2,2,4,0,6,0,0,0,1,0,4,1,0,0,4,1,0,0,3,0,1,2,0,0,2,1,1,0,0,5,0,2,1,1,0,5,2,3,0,0,0,2,2,2,4,2,1,9,1,3,0,1,1,1,0,1,0,4,1,1,2,1,1,4,0,0,1,0,8,0,0,0,0,0,2,1,0,1,0,2,0,0,0,1,0,6,1,3,0,0,0,3,0,0,0,0,0,0,0,1,3,0,1,2,2,0,0,0,5,4,0,4,0,0,0,1,1,4,2,0,0,0,0,5,0,0,1,0,0,1,0,0,1,1,2,0,9,5,5,0,744
1,11,11,3,11,5,2,3,3,5,6,7,0,12,7,1,0,4,8,17,8,4,6,4,1,7,8,3,10,2,2,5,0,2,2,0,1,6,5,2,6,5,0,4,7,0,3,0,3,0,3,12,5,7,4,1,3,0,11,9,2,1,3,1,9,3,1,3,9,5,9,1,2,6,3,2,4,3,0,3,2,6,1,0,2,6,2,4,0,1,8,1,4,0,5,0,2,1,2,3,9,3,2,3,3,6,2,1,8,4,0,3,1,0,1,0,3,3,1,2,2,1,0,2,0,0,2,1,0,1,0,0,0,1,1,0,2,0,0,2,0,1,4,2,0,4,2,2,3,3,3,2,0,1,1,0,0,5,1,3,2,2,3,4,3,2,2,0,0,3,1,1,0,2,5,1,1,1,0,0,2,1,0,0,3,0,0,0,0,0,0,0,0,0,2,0,0,2,4,1,1,4,1,2,0,2,1,1,0,0,0,0,0,1,1,0,1,0,1,5,2,0,0,0,0,1,0,1,0,0,0,0,1,1,0,0,0,0,0,2,2,1,1,4,1,0,3,0,0,0,0,0,3,5,8,2,600
1,12,16,1,9,17,7,4,4,2,4,5,6,9,11,9,0,6,15,20,6,9,4,15,3,2,7,0,7,1,3,4,1,6,14,1,4,4,7,4,11,6,0,4,4,3,3,1,0,2,4,30,8,2,4,5,3,2,5,11,10,2,0,0,3,5,5,3,4,2,13,0,3,3,4,3,12,10,3,1,2,2,1,3,4,5,6,1,0,0,5,1,2,4,2,6,2,2,0,5,1,3,2,5,1,3,4,1,4,0,11,8,2,1,3,0,4,2,0,0,1,2,0,0,1,2,0,2,1,0,1,0,3,9,3,0,3,2,0,2,0,0,0,1,0,1,0,0,5,5,0,3,0,0,0,1,0,0,2,4,1,0,5,7,2,1,2,0,0,1,1,0,1,3,2,0,1,1,0,0,0,1,1,0,1,0,0,0,0,0,3,0,0,3,1,0,0,1,5,7,0,11,1,1,0,3,1,0,0,0,0,0,2,0,2,1,4,1,0,3,2,2,2,1,4,1,0,0,0,1,0,0,1,2,0,0,0,0,0,1,2,1,0,3,2,0,3,1,2,0,0,0,3,6,6,0,730
1,13,23,3,9,13,8,5,6,3,5,4,6,15,6,10,0,6,4,16,11,6,8,4,5,5,0,0,1,1,6,2,4,1,4,1,1,5,8,3,15,8,2,9,11,3,1,2,1,0,7,10,3,2,9,4,2,2,5,12,12,1,6,2,4,6,4,7,5,4,16,0,0,4,4,6,10,9,3,0,2,1,2,3,2,2,3,1,0,1,6,1,2,3,2,3,3,2,1,2,4,4,1,2,1,4,4,2,0,2,1,5,2,0,0,0,2,3,1,2,4,0,2,2,0,0,1,0,0,2,3,1,2,3,3,0,0,0,0,0,1,0,2,2,0,1,3,1,4,7,3,6,0,0,1,1,0,0,1,8,5,2,3,0,3,3,1,0,0,0,0,0,0,2,0,0,0,0,0,0,0,0,3,0,1,0,0,0,0,0,1,0,0,0,1,0,0,1,4,2,0,5,4,4,2,0,1,1,0,0,1,0,1,0,2,0,1,1,1,0,1,0,2,0,4,1,0,0,0,0,0,0,2,2,0,0,0,0,1,6,0,0,0,1,1,0,2,0,4,0,2,0,3,5,6,0,674
1,14,9,0,13,9,6,0,2,0,7,3,8,8,12,3,0,7,7,11,9,12,9,6,0,2,3,1,4,0,0,2,2,3,4,3,0,5,4,2,7,8,0,4,10,5,1,2,4,0,1,11,6,2,2,1,3,6,3,5,4,1,1,3,7,2,2,4,4,1,9,1,0,2,4,3,7,1,1,2,2,4,1,1,1,4,2,1,2,1,4,3,1,2,4,0,0,1,7,2,2,2,2,1,1,3,5,2,3,2,3,6,0,1,1,0,0,2,1,0,0,3,0,0,0,0,3,2,1,0,2,2,0,2,0,0,2,1,0,0,0,3,2,9,0,5,2,3,2,4,3,2,0,0,0,0,0,0,0,2,2,6,0,1,1,0,1,2,0,0,1,0,0,2,4,1,0,0,0,0,0,1,0,0,3,2,0,0,0,0,2,0,0,0,0,0,0,3,2,1,0,9,0,0,3,1,4,0,0,0,1,2,0,0,3,0,9,1,1,0,2,0,1,0,5,2,0,0,0,1,0,5,0,3,0,0,0,0,1,2,0,2,1,1,3,1,0,0,1,0,0,0,2,4,8,0,565
1,15,21,3,13,19,3,5,7,2,11,11,13,10,14,13,1,8,13,14,15,10,14,20,0,7,2,1,10,2,2,4,2,10,6,2,1,5,7,5,7,7,0,5,13,3,6,1,2,1,1,13,8,2,5,2,1,2,11,2,12,2,3,0,4,3,2,2,1,4,19,0,2,0,5,5,12,9,1,4,2,3,2,1,1,6,0,0,2,1,1,0,4,1,3,5,5,2,2,4,4,2,7,3,4,3,3,5,4,1,1,7,2,0,0,0,1,1,1,1,0,2,3,0,0,0,0,2,0,0,1,1,1,3,6,0,0,1,0,0,1,0,2,12,0,7,1,2,2,7,2,2,0,0,1,1,0,3,1,2,4,4,1,1,2,1,4,0,0,0,3,0,2,2,0,0,1,0,0,0,0,0,0,1,5,0,0,0,0,0,2,0,0,0,1,0,0,1,10,3,1,3,2,3,2,3,6,1,1,2,1,0,0,0,0,0,0,0,0,1,0,2,2,1,8,8,2,0,0,1,0,1,0,2,0,0,0,0,2,4,0,3,0,4,1,1,0,0,1,2,0,1,2,4,6,1,782
1,16,33,4,19,48,14,10,18,3,10,22,23,18,31,32,1,21,14,36,41,25,28,31,1,15,7,5,13,1,1,1,0,11,21,1,1,9,7,2,10,21,0,6,37,10,10,2,4,5,1,28,13,3,2,4,6,6,29,5,12,0,7,2,13,9,8,5,4,18,29,5,2,2,6,5,27,26,2,2,1,3,2,4,1,3,1,1,1,1,1,0,3,1,10,3,15,0,2,2,5,1,5,5,0,5,3,2,0,0,2,9,1,2,1,0,0,1,1,1,1,3,2,1,0,1,2,3,0,2,2,2,5,4,14,1,0,0,0,3,0,0,0,6,0,1,1,0,3,12,5,3,0,0,0,0,0,0,1,4,3,6,4,2,7,0,3,2,0,1,1,0,1,2,3,1,1,3,1,0,0,0,0,0,3,1,0,3,0,0,0,2,0,0,0,0,3,2,10,3,7,2,0,4,1,1,4,2,0,0,0,3,0,0,0,0,0,0,0,0,5,1,2,0,14,4,0,0,2,0,3,5,0,9,4,0,0,0,0,1,2,0,4,4,4,1,3,4,0,1,0,1,4,6,7,0,1328
1,17,44,7,25,59,16,18,40,6,16,22,26,23,30,30,2,25,30,52,40,26,29,45,12,16,14,7,42,1,3,2,1,19,33,2,3,16,7,16,15,43,0,13,53,22,5,2,5,0,0,67,35,14,8,5,2,11,33,26,5,0,6,4,9,14,13,13,21,18,61,3,2,6,10,8,42,46,0,1,8,6,4,5,18,3,4,1,2,6,6,5,16,2,26,14,5,0,6,5,4,3,10,10,4,7,3,12,8,4,1,14,1,1,3,1,10,11,1,0,3,3,1,0,0,4,0,0,0,1,0,0,9,3,24,1,2,0,0,2,2,1,2,39,1,0,1,0,16,45,8,7,0,1,1,1,0,1,2,2,2,6,7,0,7,3,1,0,0,0,0,1,0,2,1,1,1,1,1,0,0,1,0,0,8,0,0,0,0,0,3,0,1,0,2,0,0,1,8,0,8,14,0,0,3,4,3,1,0,0,3,0,0,0,2,0,3,0,0,1,2,3,2,0,13,3,0,0,1,1,3,0,0,3,0,0,0,0,1,3,2,1,1,9,5,1,12,4,1,1,2,1,12,11,7,1,2085
1,18,46,5,17,32,12,15,19,5,9,13,20,9,21,13,4,18,13,45,20,14,21,17,3,12,10,1,50,0,3,1,1,16,28,2,0,7,4,12,16,21,0,21,28,14,4,0,1,0,0,35,12,8,9,1,5,4,25,27,4,3,4,6,5,2,7,11,21,19,47,2,2,1,7,13,23,13,1,4,5,4,4,14,6,4,6,1,4,6,6,3,8,2,6,6,4,0,2,0,8,1,1,7,5,1,5,4,14,5,2,13,1,2,4,1,5,3,0,1,3,3,3,0,2,2,4,0,0,0,3,3,9,4,18,1,3,0,0,0,0,0,1,30,3,6,0,1,9,39,9,2,0,1,8,0,0,1,1,3,2,8,1,2,8,2,0,1,0,0,0,1,1,0,3,1,0,0,0,0,0,0,0,0,9,0,0,0,0,0,1,0,3,0,0,0,1,3,8,3,12,15,0,6,0,1,3,0,1,0,0,0,0,1,2,2,0,0,2,1,1,2,1,0,17,1,0,0,0,2,1,0,0,0,0,0,0,0,0,2,0,1,4,4,5,2,19,2,2,0,1,0,5,7,3,1,1497
1,19,20,7,19,10,13,3,2,1,3,3,7,9,20,10,0,7,4,32,8,9,10,2,0,3,7,2,29,0,2,3,8,10,8,0,1,5,4,8,11,6,0,9,11,16,4,1,0,1,1,32,6,2,4,2,1,5,14,19,2,0,2,5,5,5,7,5,4,5,11,0,0,6,3,15,6,10,1,3,2,2,6,2,2,4,6,3,4,2,9,5,4,2,6,1,6,1,4,2,3,2,7,2,1,3,1,2,8,7,2,12,3,1,1,0,16,4,1,0,2,2,2,1,0,0,2,0,0,2,2,0,5,2,13,0,2,0,0,1,1,1,1,25,3,0,1,2,7,19,9,1,0,0,0,0,1,1,0,2,5,5,6,2,16,1,0,1,0,0,4,0,0,3,3,0,2,0,0,0,0,0,0,1,9,0,0,0,0,0,0,1,0,0,0,0,0,1,3,0,8,11,1,2,2,0,0,0,0,2,0,0,0,0,0,1,5,0,1,0,14,0,1,0,8,2,0,1,0,0,0,0,0,0,0,0,0,0,0,2,0,0,3,0,4,5,7,3,0,0,0,0,7,3,1,0,945
1,20,18,0,8,4,3,2,4,4,2,1,2,2,7,3,0,12,3,9,7,4,4,7,2,4,5,1,7,1,4,0,3,1,5,0,3,4,2,2,1,4,1,5,8,5,0,0,0,0,2,19,1,1,4,0,1,6,5,11,0,0,3,3,4,2,5,1,3,2,6,2,0,3,6,8,0,3,2,1,0,5,6,3,0,3,4,1,0,2,6,2,3,1,2,1,1,0,2,2,2,4,7,2,1,8,1,4,3,0,6,8,2,1,3,0,2,0,0,0,3,1,1,2,0,0,1,0,1,1,0,0,4,0,7,0,2,0,0,0,0,0,1,12,1,2,0,1,5,10,4,2,0,3,1,0,0,3,0,2,1,1,2,1,4,1,0,1,0,1,0,0,0,0,0,0,0,0,0,0,0,0,0,0,0,0,0,0,0,0,0,0,0,0,1,0,0,1,1,0,6,4,0,1,1,0,0,0,1,1,0,0,0,0,0,0,1,0,2,0,5,0,0,0,1,5,0,0,0,0,0,6,2,0,0,0,0,0,0,0,0,0,0,2,1,0,0,1,0,0,5,0,2,3,4,2,517
1,21,12,3,5,2,8,1,3,3,0,2,6,2,8,2,0,3,1,12,4,2,1,2,0,0,2,1,7,0,2,0,0,5,3,0,0,2,6,3,3,2,0,1,5,2,3,2,1,0,2,2,1,0,3,0,1,1,8,3,1,4,1,2,2,0,0,6,2,3,6,0,2,7,2,2,1,6,0,3,2,0,1,3,0,1,3,2,1,2,4,2,5,4,1,0,4,1,4,2,2,4,6,2,4,5,1,2,4,1,3,8,0,0,4,0,1,0,0,0,2,0,0,1,0,0,0,0,0,1,1,0,3,1,1,0,2,0,0,0,0,0,0,5,1,1,0,5,3,13,1,0,0,0,5,0,0,5,0,1,1,0,0,0,0,0,0,0,0,1,0,0,0,0,0,0,0,0,0,0,0,0,0,1,2,0,0,0,0,0,0,0,2,0,0,0,0,0,5,0,2,0,0,4,3,1,0,0,0,0,0,0,0,1,0,0,0,0,0,2,8,2,0,0,3,0,0,0,0,0,0,0,0,0,0,0,0,0,0,4,1,0,0,0,8,3,3,0,0,2,1,3,2,2,3,0,414
1,22,4,2,3,3,3,1,0,0,1,1,5,0,2,1,0,3,0,0,0,0,5,0,0,2,0,0,2,0,0,1,0,1,2,0,2,2,0,0,3,0,0,2,0,0,12,0,2,0,0,2,2,2,4,0,0,0,2,2,0,1,0,2,2,1,0,0,0,0,2,1,1,3,0,1,2,0,1,0,2,4,0,1,0,2,5,0,0,3,3,0,0,1,0,2,0,1,2,1,3,4,1,0,0,0,2,1,3,2,5,2,0,0,0,0,3,0,0,1,1,2,0,0,0,0,0,0,0,0,0,1,3,0,2,0,0,0,0,1,0,0,0,1,0,0,0,2,2,6,7,0,0,0,0,0,1,0,0,2,1,1,1,1,1,0,0,0,0,0,1,0,0,1,0,0,0,0,0,1,0,1,0,0,1,0,0,0,0,0,2,0,0,0,0,0,0,1,1,1,0,0,0,4,0,0,2,1,0,0,0,0,0,0,1,0,0,0,0,0,0,0,0,0,1,1,0,0,0,0,0,0,0,0,0,0,0,0,0,0,0,0,0,1,5,0,1,0,0,2,1,3,0,0,2,0,221
1,23,0,0,4,1,1,1,5,0,1,0,1,0,2,0,0,0,0,0,0,1,0,0,0,0,1,0,2,0,1,1,0,1,1,0,1,0,6,4,1,0,0,1,2,0,5,0,2,0,0,2,2,0,2,1,0,1,2,3,0,0,0,2,2,0,2,1,0,0,4,3,2,0,0,0,0,1,1,0,1,1,2,1,1,1,0,0,1,2,0,3,1,0,0,0,2,0,0,0,1,1,1,1,0,0,0,0,2,0,0,2,0,0,0,0,0,0,0,0,0,0,0,0,0,0,0,0,0,0,0,0,2,0,5,0,1,0,0,0,0,0,0,3,0,0,1,1,0,7,2,0,0,0,0,0,0,1,0,1,0,0,1,0,0,1,0,0,0,0,2,0,0,0,0,0,0,0,0,0,0,0,0,0,1,0,0,0,0,0,0,0,0,0,1,0,0,1,1,1,1,4,0,1,0,0,2,0,1,0,0,0,0,0,0,0,2,0,0,0,0,0,0,0,1,0,0,0,0,0,0,0,0,2,0,0,3,0,0,2,0,1,3,0,4,0,0,0,1,0,2,0,0,2,2,2,170
2,0,0,0,1,0,3,0,1,0,0,0,0,1,0,2,0,3,0,1,0,2,0,1,0,0,0,0,2,0,1,0,0,0,0,0,0,0,0,2,0,0,0,0,0,2,0,0,0,0,0,2,0,0,0,0,0,0,0,1,0,0,1,5,0,1,0,0,0,0,0,0,0,0,0,0,1,0,4,0,1,0,0,0,0,1,0,0,0,0,1,0,0,0,0,1,0,0,0,0,0,0,0,0,0,0,1,0,1,0,1,2,0,0,0,0,0,0,0,0,0,0,0,0,0,0,0,0,0,0,0,0,2,0,0,1,2,0,0,0,0,0,0,1,0,0,0,0,0,4,1,0,0,1,0,0,0,0,0,0,0,0,1,0,0,0,0,0,0,0,2,0,0,0,0,0,0,0,0,0,0,0,0,0,0,0,0,0,0,0,0,0,0,0,0,0,0,0,1,4,2,0,0,2,0,0,0,0,0,0,0,0,0,0,0,0,0,0,0,0,0,0,1,0,0,0,0,0,0,0,0,0,0,0,0,0,0,0,0,0,0,0,1,1,5,0,0,0,0,0,1,0,2,0,0,0,81
2,1,0,0,0,0,1,0,0,0,0,0,1,0,0,0,0,0,0,0,0,0,0,0,0,0,0,0,0,0,1,1,0,0,0,0,0,0,0,0,2,0,0,0,0,0,0,0,0,0,0,0,0,1,0,0,0,0,0,1,0,0,0,1,0,0,0,0,0,0,0,1,0,0,1,1,0,0,0,0,0,1,0,0,0,0,0,0,0,0,0,0,0,0,1,0,0,0,3,0,0,0,2,0,0,0,0,0,1,0,3,0,0,0,0,0,0,0,0,0,0,0,0,0,0,0,0,0,0,0,0,0,0,0,0,0,0,0,0,0,0,0,0,0,0,0,0,1,0,0,0,0,0,0,0,0,0,0,0,0,0,0,0,0,0,0,0,0,0,0,0,0,0,0,0,0,0,0,0,0,0,0,0,0,0,0,0,0,0,0,0,0,0,0,0,0,0,0,0,0,0,1,0,1,0,0,0,0,0,0,0,0,0,0,0,0,0,0,0,0,1,0,0,0,0,0,0,0,0,1,0,0,0,0,0,0,0,0,0,0,0,0,0,0,3,0,0,0,0,0,0,0,0,0,0,0,31
2,2,0,0,0,0,0,0,0,0,0,0,0,0,0,0,0,0,0,0,0,0,1,0,0,0,0,0,0,0,0,0,0,0,0,0,0,0,0,0,0,0,0,0,0,0,0,0,0,0,1,0,0,0,0,0,0,0,0,0,0,0,0,0,0,0,0,0,0,0,0,0,0,0,1,0,0,0,0,0,0,0,0,0,0,0,0,0,0,0,0,1,0,0,0,0,0,0,0,0,0,0,0,0,0,1,0,0,0,0,0,0,1,0,0,0,0,0,0,0,0,0,0,0,0,0,0,0,0,0,0,0,0,0,0,0,0,0,0,0,0,0,0,0,0,0,0,0,0,0,0,0,0,0,0,0,0,0,0,1,0,0,1,0,0,0,0,0,0,0,0,0,0,0,0,0,0,0,0,0,0,0,0,0,0,0,0,0,0,0,0,0,0,0,0,0,0,0,1,0,0,1,0,0,0,0,0,0,0,0,0,0,0,0,0,0,0,0,0,0,1,0,0,0,0,0,1,0,0,0,0,0,0,0,0,0,0,0,0,0,0,0,0,0,2,0,0,0,0,0,0,0,0,0,0,0,14
2,3,0,0,0,0,0,0,0,0,0,0,0,0,0,0,0,0,0,0,0,0,0,0,0,0,0,0,0,0,0,0,0,0,0,0,0,0,0,0,0,0,0,0,0,0,0,0,0,0,0,0,0,0,0,0,0,0,0,0,0,0,0,0,0,0,0,0,0,0,0,0,0,0,0,0,0,1,0,0,0,0,0,0,0,0,0,0,0,0,0,0,0,0,0,0,0,0,0,0,0,1,1,0,0,0,0,0,0,0,0,0,0,0,0,0,0,0,0,0,0,0,0,0,0,0,0,0,0,0,0,0,0,0,0,0,0,0,0,0,0,0,0,0,0,1,0,0,0,0,0,0,0,0,0,0,0,0,0,0,0,0,0,0,0,0,0,0,0,0,1,0,0,0,0,0,0,0,0,0,0,0,0,0,0,0,0,0,0,0,0,0,0,0,0,0,0,0,0,0,0,0,0,1,0,0,0,0,0,0,0,0,0,0,0,0,0,0,0,0,0,0,0,0,0,0,0,0,0,0,0,0,0,0,0,0,0,0,0,1,0,0,0,0,0,0,0,0,0,0,2,0,0,0,1,0,10
2,4,0,0,0,0,0,0,0,0,0,0,0,0,0,0,0,0,0,0,0,0,0,0,0,0,0,0,1,0,0,0,0,0,4,0,0,0,0,0,2,0,0,0,0,0,0,0,0,0,0,0,0,0,0,0,0,3,0,1,0,0,0,0,0,0,0,0,0,0,1,0,0,0,0,0,0,0,0,0,0,0,0,0,0,0,0,0,0,0,0,0,0,0,1,0,0,0,0,0,0,0,0,0,0,0,0,0,0,0,5,0,0,0,0,0,0,0,0,0,0,0,0,0,0,0,0,0,0,0,0,0,2,0,0,0,0,0,0,0,0,0,0,0,0,0,0,0,0,0,0,0,0,0,0,1,0,0,0,0,0,0,0,1,0,0,0,0,0,0,0,0,0,3,0,0,0,0,0,0,0,0,0,0,0,0,0,0,0,0,1,0,0,0,0,0,0,0,0,0,0,1,0,0,0,0,0,0,0,0,0,0,0,0,0,1,0,0,0,0,1,0,0,0,0,0,0,0,0,0,0,0,0,0,0,0,0,0,0,0,0,0,0,1,0,0,0,0,0,0,8,0,0,0,1,0,39
2,5,3,0,1,0,0,0,0,0,0,0,0,0,0,0,0,0,0,1,0,0,4,0,1,0,0,0,2,1,1,1,2,0,1,0,0,0,0,5,2,0,1,0,0,1,0,1,0,1,0,2,0,2,0,0,0,1,0,0,3,0,1,0,2,1,0,1,0,0,3,0,0,0,0,0,0,0,0,1,0,1,0,0,0,0,1,0,1,4,0,0,0,1,0,0,0,0,0,1,0,0,0,0,1,1,1,0,0,0,0,0,0,0,0,0,0,0,0,0,0,0,0,0,0,0,0,0,0,0,0,1,0,0,0,0,0,0,0,0,1,0,0,0,0,0,4,0,0,0,0,0,0,1,0,1,3,0,0,5,2,0,0,3,0,0,1,0,0,1,0,0,2,0,0,0,0,0,0,0,0,0,0,0,1,0,0,0,0,0,1,0,0,1,0,0,0,0,0,0,0,1,0,0,0,1,0,0,0,0,0,0,0,0,0,0,0,0,0,0,0,0,0,0,1,0,0,0,0,0,0,0,0,0,0,0,0,0,0,0,0,0,0,0,0,0,0,0,0,0,0,0,1,0,4,0,94
2,6,5,1,4,9,3,0,8,1,3,3,3,18,3,7,0,0,1,3,4,7,5,0,6,4,2,0,24,1,2,7,2,0,2,1,1,4,0,2,6,0,0,3,3,1,1,1,0,2,1,7,1,3,4,13,0,0,4,4,1,0,2,3,8,2,3,1,1,0,8,1,8,6,1,7,7,4,0,3,5,1,1,0,0,0,0,1,0,3,0,0,0,0,2,2,1,3,1,2,3,0,0,0,0,4,0,0,6,5,0,0,2,0,1,1,0,1,4,0,3,0,0,1,0,0,1,0,0,1,1,0,1,0,1,2,1,0,0,0,4,0,1,2,1,0,1,0,0,0,1,5,3,0,0,0,2,4,4,2,4,1,0,7,0,0,0,4,0,0,1,0,3,0,1,0,1,0,0,1,0,1,0,0,0,0,0,0,0,0,1,1,0,4,0,0,0,1,0,0,0,1,0,0,0,0,0,0,0,0,0,0,0,0,0,1,1,0,0,0,0,0,0,0,0,2,0,0,0,0,0,0,0,2,0,0,0,0,0,2,0,0,0,0,0,2,0,0,0,0,0,0,5,11,5,0,420
2,7,7,5,9,14,0,1,7,2,8,2,4,56,32,26,1,3,2,9,36,0,4,4,5,15,10,10,76,0,1,1,0,8,4,13,8,0,1,14,12,0,2,1,21,6,9,13,6,6,13,23,2,11,20,1,2,1,6,39,16,6,15,7,6,7,5,3,7,0,25,11,5,9,0,4,5,9,9,20,7,7,5,1,0,1,6,3,4,4,5,3,1,4,1,3,5,7,3,3,9,7,7,8,1,15,5,6,14,4,4,4,8,2,6,1,7,7,13,7,1,0,1,4,1,0,0,0,1,1,2,0,2,2,2,0,2,0,0,0,3,3,7,6,1,3,3,9,4,4,3,5,3,10,1,2,4,3,4,18,11,10,1,22,0,3,3,7,0,2,1,1,5,5,7,2,4,0,0,4,1,0,1,0,1,0,0,0,0,0,1,2,0,5,0,0,0,1,1,0,1,1,1,0,0,0,1,3,0,0,1,0,0,0,0,1,1,1,0,2,0,0,0,0,0,4,4,0,0,0,0,0,0,4,0,0,0,0,5,7,0,0,0,0,0,4,2,0,2,0,0,1,12,13,16,0,1272
2,8,14,4,33,34,3,0,5,2,6,0,4,106,67,42,4,6,6,53,95,25,6,13,8,39,26,8,114,10,5,2,1,8,4,8,5,20,11,25,22,7,5,3,9,10,12,19,17,7,17,42,10,17,23,3,7,5,21,143,27,11,24,33,7,4,7,10,6,17,75,26,15,10,1,7,16,12,17,18,16,13,12,3,1,5,6,17,20,11,14,4,6,2,16,10,13,11,10,11,9,12,10,6,12,30,10,12,15,11,7,22,21,5,3,1,7,16,18,6,16,1,0,0,3,2,0,5,3,0,1,1,6,1,8,6,1,5,4,0,3,2,6,9,2,11,6,7,13,5,2,5,8,16,0,0,2,4,8,31,21,6,0,32,0,2,1,6,0,3,4,1,7,23,5,5,6,4,0,11,3,1,0,1,13,0,0,1,0,1,6,0,2,8,0,3,0,4,1,2,1,5,1,0,0,0,7,3,1,0,0,0,0,0,3,0,0,0,1,0,0,0,0,1,1,23,0,0,0,0,0,0,2,2,1,0,0,0,0,5,0,0,1,2,0,3,25,0,2,1,5,2,15,14,27,0,2538
2,9,12,8,34,25,1,4,6,2,5,2,10,62,66,48,3,11,8,43,58,22,17,6,5,31,19,1,42,3,8,6,0,4,14,3,5,14,8,10,13,10,0,3,7,7,11,8,12,7,8,53,14,7,8,2,10,2,35,99,25,6,13,13,13,7,9,6,4,33,63,16,12,12,3,5,13,8,6,14,8,17,6,0,3,4,6,8,4,16,13,5,4,3,14,5,10,1,3,11,10,12,7,3,15,15,9,5,10,6,8,18,8,9,5,5,8,6,8,4,9,0,0,2,1,0,1,0,1,3,1,2,3,2,1,0,1,2,1,2,2,0,6,5,3,3,5,2,4,2,1,4,7,9,0,1,2,6,4,6,24,1,2,15,2,6,2,1,0,1,0,0,6,13,7,2,5,6,3,3,0,1,0,1,17,0,0,0,0,1,3,0,1,7,0,1,0,0,2,4,4,6,0,2,0,1,9,5,0,1,0,0,1,0,2,0,2,3,2,1,1,0,1,0,2,14,0,1,0,0,0,0,0,0,0,0,0,0,0,2,0,1,0,0,0,3,13,0,1,5,0,0,19,5,24,0,1907
2,10,21,5,10,11,6,4,6,3,2,4,6,10,18,14,1,6,7,25,10,6,10,6,8,5,12,0,28,2,4,1,2,2,4,1,3,4,3,0,7,5,0,5,5,1,6,2,6,1,2,30,12,7,6,5,2,1,5,32,5,6,4,2,4,3,5,2,3,4,18,3,4,4,2,4,7,16,5,2,3,2,2,3,4,0,3,3,2,3,2,2,2,1,6,1,4,3,7,2,4,5,4,4,0,11,3,3,3,9,3,9,6,2,5,1,5,4,8,0,3,0,0,0,0,2,0,1,0,2,1,2,1,2,2,0,4,0,1,6,2,0,1,2,0,4,1,4,3,5,2,2,0,1,0,1,0,1,3,6,6,5,2,4,4,1,1,1,0,3,3,0,2,7,7,1,0,2,0,3,4,0,0,0,5,0,0,1,0,0,2,2,3,3,0,0,1,1,2,2,0,3,1,3,0,1,2,1,0,0,0,0,1,1,1,4,0,0,1,3,1,0,1,0,0,5,1,3,2,0,0,1,1,3,0,0,0,0,1,2,0,0,0,2,3,2,3,1,1,0,2,0,8,9,5,0,879
2,11,6,2,10,15,4,9,5,4,6,3,5,22,20,9,0,8,14,16,8,3,5,2,3,8,16,2,6,5,8,8,2,2,4,0,2,8,7,1,12,4,0,8,11,5,5,1,0,3,6,16,7,7,3,2,3,4,10,10,5,4,7,5,3,6,1,2,9,2,16,2,3,6,3,5,9,5,2,3,1,3,3,4,1,3,3,0,9,2,2,2,5,2,9,1,4,2,6,6,5,3,4,6,2,3,3,2,3,2,4,8,2,0,6,0,2,2,2,1,3,1,0,2,0,0,3,1,0,0,3,1,0,6,1,0,0,2,0,3,1,6,0,5,1,3,2,5,7,2,3,2,0,1,0,0,0,3,4,4,1,4,1,4,3,0,0,1,0,0,0,0,1,0,3,3,1,2,0,6,0,1,1,0,2,0,0,0,0,0,4,0,0,2,0,0,0,3,4,2,2,7,1,4,1,0,1,5,2,0,0,1,0,0,1,1,0,2,4,1,0,0,2,0,6,3,0,0,0,1,1,0,0,2,0,0,0,0,0,1,1,0,4,2,6,1,2,0,1,1,4,0,8,2,13,0,819
2,12,20,6,16,18,4,6,4,2,2,2,5,16,4,9,1,9,12,16,7,7,6,14,5,7,5,2,7,3,2,4,2,10,7,0,1,4,8,2,9,11,0,6,11,4,6,1,3,2,1,22,12,5,8,1,2,3,10,7,0,0,4,3,6,2,2,4,5,4,10,3,2,2,5,3,6,15,3,2,3,3,0,4,6,1,3,0,2,0,3,4,3,1,9,4,2,3,4,5,6,3,5,5,1,3,0,2,2,1,3,3,1,0,2,1,3,4,0,4,2,0,1,1,1,6,1,2,0,6,2,0,3,7,1,0,3,0,0,0,1,1,2,3,0,1,3,4,3,2,3,1,0,1,0,0,0,3,5,4,1,5,2,4,1,2,0,1,3,3,0,0,0,1,2,0,3,2,1,0,0,4,0,0,2,0,0,0,0,0,2,0,0,1,1,0,0,1,4,3,2,8,2,2,0,1,1,1,3,0,0,0,1,0,1,0,1,2,1,3,9,0,0,0,3,1,0,0,1,1,0,2,1,4,0,0,0,0,2,1,2,2,0,3,4,1,0,0,2,2,0,0,5,12,8,1,787
2,13,20,7,10,13,5,4,5,3,9,6,4,25,7,3,0,13,11,19,10,4,8,16,5,9,12,1,2,0,0,0,1,3,3,2,1,5,6,3,14,11,1,9,9,3,4,1,1,0,1,14,8,6,7,2,1,6,8,9,8,3,4,4,2,9,3,3,6,3,11,1,1,6,0,8,7,5,3,5,5,10,1,5,1,4,2,3,1,1,6,2,9,4,7,1,4,1,3,2,0,1,0,3,2,4,3,5,4,2,6,10,4,0,0,1,5,1,0,1,2,1,0,0,0,0,1,2,0,0,1,2,2,3,3,0,1,2,0,0,1,1,2,7,2,0,2,2,1,11,4,2,1,0,1,0,0,3,1,5,1,10,9,1,2,5,4,0,1,0,1,1,0,3,1,0,1,0,0,1,0,0,1,0,4,0,1,1,0,0,2,1,0,0,0,0,0,1,2,2,3,6,4,2,1,0,1,2,0,1,1,0,0,0,5,1,0,0,0,1,7,0,0,1,15,3,0,0,0,0,0,1,0,4,0,0,0,0,1,8,0,0,2,5,3,0,2,1,0,1,1,1,2,3,2,5,804
2,14,24,6,9,20,7,11,6,8,6,13,7,15,15,10,0,9,7,11,7,15,5,8,4,7,4,2,5,2,4,3,1,6,5,1,1,8,1,3,6,8,0,10,4,3,6,0,2,5,1,10,5,2,4,5,1,3,7,2,3,8,1,1,8,5,0,6,5,2,13,1,1,1,5,3,7,10,1,1,3,11,3,5,3,4,2,2,3,0,5,0,6,1,3,2,1,0,4,4,4,1,2,4,2,4,2,2,4,2,5,6,0,3,1,0,0,2,0,0,0,0,0,2,0,1,2,0,1,3,2,0,3,4,6,1,0,2,0,1,1,0,1,8,1,1,2,3,3,9,3,3,0,1,0,0,0,2,2,5,4,3,2,2,4,1,0,2,1,1,2,0,3,2,1,0,2,0,0,0,0,2,0,0,2,0,0,0,0,0,6,0,0,0,0,0,0,2,2,0,2,7,4,3,4,1,1,2,0,1,1,0,1,0,1,0,4,1,3,4,1,0,1,0,8,2,0,0,1,1,0,0,0,4,0,0,0,0,0,2,0,0,0,0,1,1,1,0,0,0,1,0,1,2,6,0,738
2,15,25,3,11,22,7,5,8,3,10,10,6,14,18,14,3,13,16,15,19,11,18,9,1,15,4,3,6,0,0,2,4,4,11,0,0,8,6,7,9,12,0,5,18,8,13,1,3,1,2,20,8,3,3,2,3,3,15,7,6,1,3,5,8,6,7,4,2,2,12,6,1,9,4,1,14,11,0,1,6,5,4,1,1,9,4,0,2,1,5,3,4,1,4,3,3,2,2,3,2,4,5,2,3,2,1,4,0,2,2,9,1,0,2,0,2,0,5,1,0,2,0,0,2,0,1,5,0,2,1,2,5,1,8,1,1,0,0,2,0,1,3,11,0,5,2,2,5,10,1,2,0,1,0,0,0,1,3,3,2,6,1,1,1,0,0,2,0,0,4,0,0,3,0,0,0,0,0,0,0,0,0,0,0,0,0,1,0,0,1,0,1,0,0,0,0,1,4,3,0,4,0,6,1,1,2,1,0,0,3,0,0,0,0,0,1,0,2,1,3,0,0,0,8,3,0,0,0,0,0,2,0,3,1,0,0,0,1,2,2,0,1,0,2,1,0,2,0,0,1,0,4,3,8,3,866
2,16,25,4,30,43,17,16,25,3,13,22,28,23,24,20,0,18,17,44,38,31,14,42,0,17,14,5,11,3,6,1,2,8,25,1,0,7,5,7,11,25,0,5,29,12,18,2,2,4,2,32,24,4,3,4,8,5,29,4,7,3,4,4,10,12,12,8,13,19,24,5,2,2,3,11,18,23,3,2,14,8,3,1,7,5,3,0,6,3,3,3,5,6,4,6,8,1,4,2,6,1,3,13,7,5,1,4,3,2,6,9,1,0,1,1,3,4,2,1,0,2,2,1,0,1,3,0,0,3,0,0,6,4,10,0,2,0,0,4,3,0,1,18,0,1,0,3,15,15,10,5,0,0,2,0,1,0,2,5,3,8,8,2,10,1,0,0,0,1,1,0,0,4,2,0,1,0,0,0,0,1,1,0,3,0,0,0,0,0,2,1,0,0,0,0,2,1,5,4,8,12,3,4,1,1,3,0,0,0,2,0,1,0,0,0,0,0,3,2,6,2,3,0,6,1,0,1,4,0,3,0,0,2,4,1,0,0,1,2,0,0,2,6,4,2,2,3,3,0,2,0,11,3,13,0,1489
2,17,47,7,32,49,20,28,45,7,24,29,21,21,45,46,0,32,34,63,31,37,26,31,8,26,22,2,46,1,7,6,7,24,32,1,2,10,14,12,21,52,0,34,53,14,20,1,2,2,2,59,35,16,6,7,2,15,41,23,7,3,6,4,5,13,29,14,30,16,68,3,5,6,8,13,50,35,3,8,15,2,2,2,10,5,6,2,5,6,5,7,11,4,31,13,8,0,1,2,3,1,7,11,3,5,6,5,10,2,7,12,2,1,2,1,16,7,1,1,2,0,3,1,3,3,3,0,3,0,1,1,8,0,12,0,3,0,0,4,0,1,1,37,1,1,1,3,21,39,7,6,0,5,3,0,1,3,2,6,3,10,3,2,9,0,0,0,0,0,2,2,0,2,7,0,2,0,0,0,0,1,0,1,6,0,0,0,0,0,4,0,0,1,0,1,1,2,8,0,10,24,0,4,2,3,3,0,0,1,0,1,1,0,0,0,3,2,0,1,6,2,1,0,19,4,2,5,2,0,1,0,0,3,0,0,0,0,1,1,1,0,0,8,7,5,13,10,2,0,2,1,22,11,12,3,2317
2,18,46,9,36,33,12,18,30,6,14,15,11,17,25,22,0,19,15,41,32,20,17,21,7,21,13,1,63,1,2,0,2,23,24,1,0,16,3,10,17,11,0,17,35,18,11,1,2,1,3,49,10,8,13,3,2,8,29,30,5,5,1,5,5,3,15,4,19,3,55,2,5,7,15,18,34,13,1,7,3,3,7,11,6,5,6,1,5,10,3,2,12,3,15,6,3,0,6,3,4,2,8,7,9,9,9,2,23,3,4,12,1,3,5,2,5,3,3,1,3,7,2,1,0,0,1,0,0,1,1,1,14,5,19,1,2,0,0,2,0,0,1,39,3,1,8,1,6,50,11,5,0,1,2,0,0,3,4,6,3,3,3,7,5,0,1,0,0,1,0,0,0,4,1,0,1,1,0,0,0,0,0,0,11,1,0,0,0,0,0,0,2,0,1,0,1,1,7,1,16,20,2,5,0,2,4,2,1,0,0,0,1,0,0,0,2,0,0,1,7,0,0,0,23,3,1,0,0,1,0,0,0,1,0,0,0,0,0,2,0,5,3,5,9,4,26,1,2,0,2,0,9,6,3,2,1788
2,19,26,2,19,11,9,2,8,2,7,1,11,8,12,10,0,17,13,23,11,7,13,6,3,6,6,0,24,2,0,0,7,4,12,1,1,4,2,5,8,12,0,5,9,5,4,2,3,1,3,27,10,1,2,3,1,12,12,8,1,1,6,5,9,4,2,0,9,7,12,4,2,9,4,5,7,4,3,3,4,7,3,2,0,3,8,0,1,3,4,2,7,4,2,0,3,1,3,0,6,1,10,5,0,2,1,8,10,5,2,7,0,2,1,0,6,0,2,1,3,1,2,2,1,0,0,0,2,0,1,1,11,3,19,1,2,0,0,2,0,0,1,33,1,1,0,2,2,26,9,1,0,1,0,0,0,0,8,6,3,1,1,2,6,2,0,0,0,1,1,0,1,3,0,0,1,0,1,0,0,0,0,1,4,0,0,0,0,0,0,0,2,0,0,0,0,1,2,4,4,3,2,8,4,2,1,1,1,0,0,0,0,0,0,2,1,0,1,2,5,2,0,0,7,0,0,1,0,0,1,0,0,8,0,0,0,0,0,2,0,1,0,3,6,3,7,0,2,0,2,1,1,8,2,0,919
2,20,7,2,10,8,5,0,4,6,2,1,3,5,7,4,0,4,5,12,5,4,2,1,0,1,0,0,13,4,0,0,0,2,1,0,0,3,4,4,7,3,0,7,1,1,0,0,0,0,0,11,2,3,6,1,1,6,7,5,6,1,1,3,3,5,5,4,4,4,5,0,0,5,1,4,2,8,0,1,0,5,5,6,0,1,5,0,0,2,3,3,9,3,5,2,0,0,6,3,7,4,2,1,4,1,3,4,2,1,4,7,5,0,3,0,1,2,2,0,2,0,5,1,1,0,1,0,0,0,0,0,3,1,8,0,4,0,0,2,0,0,2,11,0,0,0,2,3,15,7,1,0,0,0,0,1,1,0,4,3,4,2,1,4,1,0,0,0,0,0,0,0,0,1,0,0,2,0,0,0,0,0,0,4,0,0,0,0,0,2,0,1,0,0,0,0,1,4,1,3,6,2,2,1,0,2,0,0,0,0,0,0,0,4,0,0,0,0,0,3,2,0,0,0,0,0,0,0,1,0,0,0,0,0,0,0,0,0,0,0,2,0,5,7,1,2,2,1,1,1,1,5,2,2,0,527
2,21,8,2,5,2,3,1,7,0,0,2,3,1,4,5,1,5,7,3,3,1,2,5,4,0,0,0,5,1,0,0,1,4,1,0,3,1,0,1,5,5,0,5,2,0,0,1,1,0,1,11,1,0,4,1,0,1,6,1,4,1,0,3,5,0,0,3,0,1,5,0,3,3,1,2,2,2,1,1,1,5,2,1,0,1,2,0,0,0,7,0,2,2,1,2,0,0,1,4,2,2,1,1,0,1,2,3,1,2,6,4,0,0,1,0,4,1,0,0,0,1,2,0,0,0,0,0,0,0,0,0,3,1,4,0,3,0,0,0,0,0,1,9,0,0,0,2,2,7,3,2,0,0,1,0,1,0,3,1,1,0,0,0,2,1,0,0,0,0,3,0,0,0,0,0,0,1,0,0,0,3,0,0,5,0,0,0,0,0,0,0,0,0,0,0,0,1,2,2,3,1,2,2,2,1,0,1,1,0,0,0,0,1,0,0,0,0,0,0,5,0,0,0,6,1,0,0,0,0,0,0,0,3,0,0,0,0,0,0,1,0,4,5,2,1,0,0,2,0,0,0,3,3,3,5,360
2,22,4,2,6,1,1,0,0,0,1,2,0,1,2,0,0,1,1,4,1,2,1,1,0,0,1,0,0,0,0,0,3,2,0,0,0,2,2,2,0,0,0,1,0,3,0,0,0,0,0,2,1,1,1,0,0,2,1,2,1,1,4,1,0,4,2,0,0,0,0,1,3,1,1,2,0,2,3,2,1,8,1,0,0,2,0,0,0,2,5,0,0,1,0,1,0,1,1,0,1,2,1,0,1,0,1,1,0,0,2,3,0,0,0,0,0,0,2,1,0,1,0,1,0,0,0,1,0,0,0,0,0,0,4,0,0,0,0,0,0,0,0,6,0,0,0,1,0,8,1,0,0,0,0,0,0,1,0,1,0,0,0,0,1,0,0,0,0,0,2,0,1,0,1,0,0,0,0,0,0,0,1,0,2,0,0,0,0,0,0,0,0,0,0,0,0,0,2,0,0,3,0,0,0,1,1,0,0,0,0,0,0,0,0,0,0,0,4,0,0,0,0,1,1,0,0,0,0,0,0,1,0,1,0,0,0,0,0,4,0,6,1,1,2,0,3,0,3,1,4,1,3,0,2,0,202
2,23,4,1,4,0,1,0,1,0,0,0,0,0,1,0,0,0,0,3,1,0,0,0,0,0,0,0,0,0,0,0,3,0,0,0,0,0,2,1,0,0,0,0,1,0,0,0,1,0,0,3,2,0,0,0,0,1,0,0,0,1,1,2,0,0,0,0,0,0,0,3,0,0,0,0,0,0,1,0,0,1,2,0,1,0,1,0,0,3,1,1,4,0,1,0,0,0,3,0,0,2,1,0,0,0,1,1,1,0,2,1,0,0,0,0,0,0,0,0,0,0,0,0,0,0,0,0,0,0,1,0,2,0,4,0,0,0,0,0,0,0,1,10,0,0,0,1,0,1,1,0,0,0,0,0,0,1,0,2,0,0,0,0,1,0,0,0,0,0,1,0,0,1,0,0,0,0,0,1,0,0,0,0,1,0,0,0,0,0,0,0,0,0,0,0,0,0,3,0,0,1,0,2,1,0,4,0,0,0,0,0,0,0,0,0,2,0,2,0,1,0,0,0,2,0,0,0,0,0,0,0,0,0,0,0,0,0,0,6,0,0,3,0,3,2,0,0,1,0,0,0,0,2,3,2,134
3,0,1,1,0,0,0,0,0,0,0,0,0,1,0,0,0,0,0,1,0,0,0,0,0,0,0,0,2,0,0,0,0,1,0,0,0,1,1,0,3,0,0,0,0,1,0,0,1,0,0,0,0,3,0,1,0,0,0,1,0,1,0,0,0,0,0,0,0,0,0,0,1,0,1,0,0,0,1,1,0,1,1,0,0,1,0,0,0,0,0,0,0,0,0,0,0,0,0,0,0,0,0,0,0,0,0,0,0,0,1,1,0,0,0,0,0,0,0,0,0,0,0,0,0,0,0,0,0,0,0,0,2,0,2,0,0,0,0,1,0,0,0,4,0,0,0,0,0,2,0,2,0,0,1,0,1,0,0,0,0,1,0,0,0,0,0,0,0,0,0,0,0,0,0,0,0,0,0,0,0,0,0,0,1,0,0,0,0,0,0,0,0,0,0,0,0,0,0,0,0,2,0,0,0,0,0,0,0,0,0,0,0,0,1,0,2,0,0,0,1,0,0,0,0,0,0,0,0,0,0,0,0,0,0,0,0,0,0,2,0,0,1,1,6,0,0,0,0,0,1,0,0,0,0,0,63
3,1,0,0,0,0,0,1,0,0,0,0,0,0,0,1,0,0,0,0,0,0,0,0,0,0,0,0,0,0,0,0,0,0,0,0,0,0,0,0,1,0,0,0,0,0,0,0,0,0,0,2,0,0,1,0,0,0,0,0,0,0,0,0,0,0,0,1,0,0,0,0,0,0,0,0,0,0,0,1,1,0,0,0,0,0,2,0,0,0,0,0,0,0,0,0,0,0,0,0,0,0,0,0,0,0,0,0,0,0,0,0,0,0,0,0,0,0,0,0,0,0,0,0,0,0,0,0,0,0,0,0,0,0,0,0,0,1,0,0,0,0,0,0,0,0,0,0,0,0,0,3,0,0,0,0,0,0,0,0,0,0,0,0,0,0,0,0,0,0,0,0,0,0,0,0,0,0,0,0,0,0,0,0,0,0,0,0,0,0,0,0,0,2,0,0,0,0,1,0,0,0,0,1,0,0,0,0,0,0,0,0,0,0,0,0,0,0,1,2,0,0,0,0,0,0,0,0,0,0,0,0,0,0,0,0,0,0,0,0,0,0,1,3,3,0,0,0,0,0,0,0,0,0,0,0,29
3,2,0,0,0,0,0,0,0,0,1,0,0,0,0,1,0,0,1,1,0,0,0,0,0,0,0,0,0,0,0,0,0,0,0,0,0,0,0,1,1,0,0,0,0,0,0,0,0,0,0,0,0,0,0,1,0,0,0,0,0,0,0,0,0,0,0,5,0,0,0,0,0,0,0,0,0,0,0,0,0,1,0,0,0,0,0,0,0,0,0,1,0,0,1,0,0,0,1,0,0,0,0,0,0,0,0,0,0,0,0,0,0,0,0,0,0,0,0,0,0,0,0,0,0,0,0,0,0,0,0,0,0,0,0,0,0,0,0,0,0,0,0,1,0,0,0,0,0,0,1,0,0,0,0,0,0,0,0,0,0,0,0,0,0,0,0,0,0,0,1,0,0,0,0,0,0,1,0,0,0,1,0,0,0,0,0,0,0,0,0,0,0,0,0,0,0,0,0,0,0,0,0,0,0,0,0,0,0,0,0,0,0,0,0,0,0,0,0,0,0,0,0,0,0,0,0,0,0,0,0,0,0,0,0,0,0,0,0,0,0,0,0,0,0,0,0,0,0,0,0,2,0,0,0,1,24
3,3,0,0,1,0,0,0,0,0,0,0,0,0,0,0,0,0,0,0,0,0,1,0,0,0,0,0,0,0,0,0,0,1,0,0,0,0,0,0,0,0,0,0,0,0,0,0,0,0,0,1,0,0,0,0,0,0,0,1,0,0,0,0,0,0,0,0,0,0,0,0,0,0,0,0,0,0,0,0,0,0,0,0,0,0,0,0,0,0,0,0,0,0,0,0,0,0,0,0,0,0,0,0,0,0,0,0,0,0,0,0,0,0,0,0,0,0,0,0,0,0,0,0,0,0,0,0,0,0,0,0,1,0,0,0,0,0,0,0,0,0,0,0,0,0,0,0,0,0,0,0,0,0,0,0,0,0,0,0,0,0,0,0,0,0,0,0,0,0,0,0,0,0,0,0,0,0,0,0,0,0,0,0,0,0,0,0,0,0,0,0,0,0,0,0,0,0,0,0,0,0,0,0,0,0,0,0,0,0,0,0,0,0,0,0,0,0,0,0,1,0,0,0,0,0,0,0,0,0,0,0,0,0,0,0,0,0,0,1,0,0,0,0,1,0,0,0,0,0,0,0,0,0,0,0,9
3,4,0,0,0,0,0,0,0,0,0,0,0,0,0,0,0,0,1,0,0,0,0,0,0,0,0,0,0,0,0,0,0,0,0,0,0,0,0,0,0,0,0,0,0,0,0,0,0,0,1,0,0,0,0,0,0,4,0,0,0,0,0,0,0,0,0,0,0,0,0,0,0,0,0,0,1,0,0,0,0,0,0,0,0,0,0,0,0,0,0,0,0,0,0,0,0,0,0,0,0,0,0,0,0,0,0,0,0,0,4,0,0,0,0,0,0,0,0,0,0,0,0,0,0,0,0,0,0,0,0,0,0,0,0,0,0,0,0,0,0,0,0,0,0,0,0,0,0,0,0,0,0,0,0,0,0,0,0,0,0,0,0,0,0,0,0,0,0,0,0,0,0,1,0,0,0,0,0,0,0,0,0,0,0,0,0,0,0,0,0,0,0,0,0,0,0,0,0,0,0,0,0,0,0,0,0,0,0,0,0,0,0,0,0,0,0,0,0,0,0,0,0,0,0,0,0,0,0,0,0,0,0,0,0,0,0,0,0,0,0,0,0,0,0,0,0,0,0,0,4,0,0,0,0,0,16
3,5,3,0,1,0,0,0,0,0,0,0,0,0,1,0,0,0,0,2,0,0,1,0,1,0,0,0,0,0,0,2,0,0,2,0,0,0,0,3,0,0,1,0,0,0,0,0,2,0,0,2,1,2,0,0,0,0,0,0,0,0,0,0,2,0,1,0,0,0,0,0,0,0,0,0,0,0,0,1,0,1,0,0,0,0,0,0,0,0,0,0,0,0,0,0,0,0,0,0,0,0,0,0,1,0,0,0,0,0,0,0,1,0,0,0,0,0,2,0,0,0,0,0,0,0,0,0,0,0,0,0,0,0,1,0,0,0,0,0,0,0,0,0,0,0,2,0,0,0,1,0,0,0,0,1,3,0,0,3,0,0,0,0,0,0,1,1,0,0,1,0,1,0,0,0,0,0,0,0,0,0,0,0,0,0,0,1,0,0,0,0,0,0,0,0,0,0,0,0,0,0,0,0,0,0,0,0,0,0,0,0,0,0,0,0,0,0,0,0,0,0,0,0,0,0,0,0,0,0,0,0,0,0,0,0,0,0,0,0,0,0,0,0,0,0,0,0,0,0,0,0,1,0,2,0,52
3,6,3,0,5,3,2,0,3,0,1,2,1,9,6,2,0,1,0,0,6,3,2,0,2,4,1,0,22,2,1,3,0,0,0,1,4,5,0,0,4,0,0,1,1,4,0,2,0,0,2,7,5,3,5,3,0,1,0,6,2,1,0,1,4,2,0,2,0,0,5,0,3,6,1,3,2,0,1,2,1,1,0,0,0,0,0,0,0,2,1,0,0,1,3,1,0,0,0,2,2,0,1,0,1,1,6,1,4,0,3,0,3,0,0,1,1,1,0,0,4,0,0,0,0,0,0,0,0,0,2,0,0,0,1,3,0,0,0,0,3,0,4,3,1,0,2,0,1,0,0,6,3,0,0,1,1,2,3,1,3,1,0,5,0,0,0,0,0,0,0,0,2,0,0,1,2,0,0,0,2,1,0,0,4,0,0,0,0,0,0,2,0,2,0,0,0,0,0,0,0,0,0,0,0,0,0,0,0,0,0,0,0,0,0,0,0,0,0,0,0,0,0,0,0,0,0,0,0,0,0,0,0,3,0,0,0,0,0,4,0,0,0,0,0,1,0,0,0,0,0,0,2,2,2,0,290
3,7,4,3,10,14,0,1,5,1,4,0,3,40,22,15,0,7,0,6,28,5,5,3,2,25,7,6,56,0,2,1,0,4,3,8,2,3,0,4,7,0,2,1,6,4,9,4,3,7,5,13,5,8,14,4,0,0,6,22,11,4,8,13,5,13,5,6,3,1,16,7,6,10,0,3,8,9,9,7,5,4,5,2,0,1,2,0,4,4,2,1,3,1,1,5,4,2,3,3,6,4,4,2,2,7,3,3,3,3,1,12,4,1,6,1,6,4,7,3,3,0,0,3,0,1,1,0,0,0,2,0,0,0,3,0,1,0,1,1,1,0,4,5,0,4,1,4,2,2,0,4,5,5,0,0,2,1,3,10,9,4,0,13,0,2,1,3,0,2,1,0,6,3,5,1,2,1,0,0,0,0,0,0,1,0,0,0,0,0,0,1,1,5,0,0,0,0,0,0,1,4,0,0,0,0,1,2,0,0,0,0,1,0,0,0,1,2,0,0,0,0,0,0,2,0,2,0,0,0,0,0,0,0,0,0,0,1,2,4,1,0,0,0,0,5,0,0,1,0,0,1,8,5,13,0,884
3,8,17,2,14,18,1,0,6,1,5,2,4,98,44,33,5,2,4,27,80,13,9,8,14,12,29,9,83,8,4,2,3,2,2,9,2,9,8,20,15,6,2,3,7,7,13,19,11,9,15,45,9,16,12,7,5,6,13,100,24,13,12,19,7,11,3,9,3,5,50,15,14,9,0,6,19,10,6,13,10,7,5,2,1,4,12,4,11,15,9,4,7,1,10,9,9,6,9,6,14,5,7,2,9,21,7,13,12,12,6,14,17,4,7,1,8,12,21,3,10,3,0,0,1,0,0,3,0,2,3,0,6,3,2,5,4,1,2,2,3,1,2,2,1,6,3,9,9,0,1,1,3,12,0,0,2,0,10,24,15,11,1,20,0,0,1,1,0,2,3,2,4,14,8,4,2,3,0,6,1,1,0,3,7,0,0,1,0,0,5,0,2,5,0,0,0,5,1,1,2,3,1,2,0,0,6,6,1,1,0,0,0,0,1,0,0,0,1,1,0,1,0,0,0,17,3,0,0,0,0,0,0,8,0,0,0,0,1,4,0,0,1,0,1,2,12,0,3,1,5,0,7,16,26,0,1911
3,9,16,10,21,15,2,2,4,1,4,0,5,71,32,36,1,7,7,45,52,14,12,9,7,19,11,2,60,6,12,8,2,3,4,6,3,16,6,12,9,8,0,4,7,3,7,5,12,5,6,33,9,4,15,1,3,5,42,76,15,3,2,10,13,11,1,8,2,27,57,13,7,6,2,6,11,9,7,13,8,9,3,1,2,3,4,4,3,4,10,4,9,6,12,7,9,7,4,9,13,10,2,5,6,22,10,10,6,3,7,7,7,1,7,2,6,4,2,4,6,3,0,0,2,0,0,1,0,2,3,3,2,0,3,0,4,0,0,2,2,0,4,2,0,3,2,4,6,1,0,5,1,8,1,0,1,3,6,7,11,12,0,9,2,4,0,0,0,2,1,0,2,7,7,2,1,2,0,6,0,2,0,0,15,0,0,0,0,0,4,0,1,3,0,0,0,1,2,2,2,5,1,4,1,0,4,1,0,2,0,0,0,0,1,0,1,3,0,0,1,0,0,0,2,5,0,0,0,0,0,0,0,2,0,0,0,0,1,0,1,0,0,0,0,2,6,0,0,2,0,0,13,9,18,0,1544
3,10,19,4,10,8,3,3,4,1,3,5,4,22,12,10,2,6,4,28,11,5,6,4,10,2,10,0,16,1,3,2,2,1,4,3,0,5,4,3,5,4,0,5,8,5,3,1,6,3,1,16,2,4,2,3,0,2,5,23,4,1,2,3,5,3,3,3,0,2,18,3,2,6,1,3,6,14,0,6,2,4,2,3,3,0,1,4,1,0,1,2,3,0,4,3,10,0,4,1,2,3,2,2,2,5,3,3,4,3,6,8,5,3,1,0,0,0,3,0,6,0,0,1,0,1,2,1,0,0,0,1,0,0,3,0,1,2,0,3,0,1,1,1,1,4,0,3,1,0,1,1,0,5,0,1,1,4,3,5,4,3,0,6,1,3,0,0,0,2,1,0,2,4,2,1,0,1,0,4,0,2,0,0,3,0,0,0,0,0,3,1,2,2,0,0,0,0,0,1,1,4,1,1,0,0,4,0,0,0,1,0,1,0,1,2,2,0,2,2,5,1,3,0,0,7,0,2,0,0,0,0,0,2,0,0,0,0,0,10,0,0,2,2,1,3,2,1,2,0,3,0,9,11,10,0,726
3,11,13,0,9,21,3,5,4,2,3,3,4,20,11,7,4,3,3,8,10,2,7,5,2,9,6,0,7,2,2,3,0,3,5,2,0,13,5,3,10,8,0,12,6,0,5,2,2,3,1,16,9,8,4,2,2,3,8,10,9,2,0,3,2,3,1,3,6,3,11,6,0,3,2,5,0,0,1,3,3,1,0,2,0,2,1,1,2,3,0,4,3,0,4,0,4,2,5,2,7,2,2,7,2,1,1,0,1,4,1,6,2,2,2,1,2,3,2,0,3,1,0,2,1,1,0,2,0,3,0,2,1,2,1,0,0,0,0,1,1,1,0,2,1,2,1,1,0,2,2,1,1,0,0,0,0,6,0,3,4,3,1,2,2,3,0,0,0,0,3,0,3,0,0,0,2,1,0,2,0,0,0,1,1,0,0,0,0,0,1,0,1,2,0,0,0,0,4,2,1,5,0,1,1,0,0,2,0,1,0,0,0,0,0,1,0,3,0,0,0,1,0,0,1,2,0,0,0,0,0,1,0,3,0,0,0,0,0,3,1,0,1,2,0,8,0,0,2,1,1,0,12,4,2,0,612
3,12,13,4,6,18,7,3,6,3,5,5,5,28,12,13,4,6,15,25,6,11,5,5,1,7,7,0,6,0,0,4,0,3,6,1,2,6,9,3,10,6,0,5,15,4,11,0,3,0,2,13,10,3,2,1,5,0,6,6,3,0,2,1,1,5,4,4,8,4,8,1,2,2,5,5,6,2,2,2,1,6,5,7,0,1,5,1,1,0,2,1,3,4,4,0,8,0,1,12,3,1,1,12,5,3,2,2,1,1,3,6,0,3,6,1,3,1,1,0,0,1,0,1,1,3,1,1,1,2,0,0,1,5,5,0,0,3,0,2,1,1,1,2,0,1,0,2,1,7,2,1,0,4,2,1,0,4,5,4,6,6,3,2,0,0,0,0,0,2,0,1,1,0,3,0,0,1,0,1,0,0,0,0,4,0,0,0,0,0,0,0,0,0,0,0,0,4,2,2,0,6,1,1,0,2,2,0,0,0,0,1,3,0,0,0,1,0,3,5,7,0,0,0,6,3,0,4,0,1,1,0,1,4,0,0,0,0,0,2,0,1,3,1,5,0,2,0,1,0,1,0,2,8,6,0,734
3,13,24,4,7,29,4,15,5,4,1,10,10,13,5,14,0,11,6,9,9,5,5,12,2,8,10,0,6,2,2,1,0,6,6,2,2,5,6,3,5,5,0,8,4,5,4,2,4,0,0,17,6,4,7,1,4,4,7,5,13,2,3,0,3,5,2,2,10,5,8,3,1,5,5,3,4,5,1,2,3,8,2,7,0,2,1,1,1,0,0,1,4,3,2,1,1,0,0,1,7,2,4,3,2,2,1,5,1,1,6,4,1,1,0,0,2,0,0,0,1,1,3,0,1,0,0,0,0,0,2,2,2,2,3,1,3,0,0,3,1,1,0,5,0,0,2,2,1,5,2,3,0,0,0,0,0,1,0,6,5,4,2,2,2,0,1,0,0,0,1,1,0,1,0,0,3,0,0,0,0,1,3,0,1,0,0,0,0,0,0,0,0,3,0,0,0,6,5,4,1,7,1,5,1,2,0,1,0,1,2,0,0,2,0,1,0,1,3,0,1,2,1,0,5,3,0,0,0,0,0,3,0,3,0,0,0,0,0,3,0,3,0,0,2,1,0,0,1,0,0,0,7,7,7,0,692
3,14,6,2,7,13,4,6,6,1,5,4,7,18,9,5,1,3,5,10,2,7,5,7,1,2,4,1,3,0,1,4,0,4,8,1,1,9,2,1,8,8,0,9,6,2,3,0,2,1,0,7,7,2,3,6,3,0,6,4,15,0,6,3,2,5,3,3,3,5,8,8,0,1,5,5,4,6,1,3,0,1,0,1,3,2,1,6,2,2,0,0,4,3,1,0,0,1,9,2,2,2,1,0,4,4,1,1,3,1,7,8,1,0,1,1,2,1,0,1,0,2,0,0,0,0,1,2,0,1,1,3,3,4,3,0,0,0,0,1,0,2,2,4,1,0,2,2,0,5,3,3,0,0,1,0,0,2,1,4,3,3,3,3,3,1,1,0,0,1,2,0,2,5,2,1,4,1,0,0,0,1,1,0,3,0,0,0,0,0,0,0,1,1,0,0,0,0,6,0,3,5,1,4,1,2,3,0,0,0,0,0,0,0,1,0,7,0,1,0,2,1,5,0,7,1,2,0,0,0,0,3,0,4,0,0,0,0,3,7,0,0,0,0,0,1,0,1,0,2,1,1,3,2,13,0,605
3,15,14,9,14,21,7,15,3,2,2,5,9,8,9,8,0,10,6,19,13,8,10,11,0,6,3,4,5,3,1,1,1,1,11,1,0,7,5,5,10,10,3,1,15,2,8,2,1,4,3,22,4,2,3,1,2,3,10,4,4,4,8,4,4,3,5,2,7,2,12,2,0,2,1,3,16,19,3,2,4,1,1,5,0,2,0,2,3,2,2,0,4,3,2,4,0,1,1,0,0,2,4,5,2,2,3,1,2,0,4,4,0,1,0,0,1,1,2,0,0,0,0,0,0,0,0,5,0,2,0,4,3,0,3,0,0,0,0,0,0,0,0,6,0,4,1,1,2,3,2,4,0,1,0,0,0,2,2,3,1,14,2,3,3,4,0,0,0,1,1,0,0,0,1,0,1,0,0,0,0,1,0,0,3,0,0,0,0,0,0,0,0,3,1,0,1,0,6,1,3,8,3,1,0,3,2,1,0,0,1,0,0,0,0,0,1,2,0,0,3,0,0,0,4,3,3,0,0,1,0,0,0,2,0,0,0,0,0,2,0,0,0,0,4,2,0,1,1,0,0,0,1,4,8,0,700
3,16,25,4,13,46,10,17,17,5,12,20,26,21,16,26,0,18,14,28,30,23,24,39,5,20,9,2,6,2,8,0,0,8,17,0,0,7,3,3,13,13,1,4,26,6,17,0,0,3,3,30,24,3,5,4,4,0,23,4,3,0,5,4,5,6,12,9,16,10,19,3,1,5,2,7,32,25,4,0,1,2,5,4,3,4,1,1,1,2,3,0,5,0,7,4,6,1,5,5,3,2,7,4,4,8,2,1,0,2,2,6,1,0,1,1,4,4,0,2,1,2,1,0,2,0,1,0,0,0,0,0,3,3,5,1,3,0,1,8,1,0,0,9,0,5,1,1,8,12,8,2,0,0,0,0,0,1,1,2,6,8,1,0,3,0,2,0,0,4,3,0,1,1,2,1,2,1,0,1,0,1,0,0,6,0,1,2,0,0,1,2,1,2,0,0,2,1,4,2,5,10,2,2,1,0,5,1,1,0,0,0,0,0,2,0,0,0,3,0,9,3,4,1,8,4,0,1,0,1,0,0,0,6,5,0,0,0,0,2,0,0,0,5,4,0,1,2,0,0,0,0,5,9,20,0,1254
3,17,40,12,27,65,19,27,30,8,18,22,38,27,33,44,3,26,22,69,36,24,21,46,10,23,15,2,38,2,4,5,0,13,35,1,2,15,13,6,16,48,1,13,40,12,23,2,1,1,1,60,28,9,5,6,1,13,42,22,6,2,1,5,10,8,17,11,19,11,59,1,1,8,9,12,42,33,3,6,7,9,1,2,10,7,2,0,3,10,1,3,5,6,11,11,8,1,1,0,5,2,15,8,5,3,6,8,11,5,3,14,4,2,3,0,6,2,1,0,3,1,2,0,0,3,5,0,4,1,2,1,7,0,14,2,4,0,0,3,1,0,3,35,0,2,4,2,10,38,10,11,0,2,0,0,0,1,3,3,4,3,7,4,7,0,0,2,0,1,5,0,1,0,1,0,1,2,0,0,0,1,0,1,4,0,0,0,0,0,3,0,0,1,1,0,1,2,10,1,5,8,2,5,0,1,3,1,0,0,0,0,0,0,0,0,1,2,0,1,4,1,0,1,14,3,0,2,2,0,4,0,0,5,0,0,0,0,0,6,1,1,2,6,2,1,10,3,2,2,1,1,11,12,7,2,2025
3,18,42,4,21,32,10,16,24,8,15,7,13,15,17,18,0,17,12,55,24,25,21,17,4,11,11,1,48,2,2,2,2,15,25,3,1,11,3,7,11,23,0,11,22,18,14,4,1,0,2,43,12,10,6,4,2,6,21,36,2,1,5,8,5,7,14,4,31,8,25,5,0,4,10,9,32,19,5,4,10,5,5,8,7,4,3,1,1,4,9,3,10,3,15,4,6,6,4,2,6,4,2,3,2,1,5,5,12,2,3,8,1,1,4,1,10,3,3,0,1,2,3,0,1,0,5,0,0,1,1,2,11,3,20,0,5,1,0,1,3,0,0,38,0,3,1,3,11,47,7,3,0,1,0,1,0,2,1,10,4,8,2,1,8,0,0,0,0,0,0,2,0,2,0,0,0,2,0,0,0,0,0,0,10,0,0,0,0,0,0,1,0,0,1,1,0,0,6,4,17,9,0,3,1,1,2,1,1,0,1,0,1,0,0,0,6,0,0,0,1,0,1,0,7,1,0,0,0,0,0,1,0,0,0,0,0,0,0,3,1,0,2,6,3,1,18,1,2,0,5,0,4,5,6,1,1543
3,19,30,2,11,10,6,7,5,6,4,6,6,15,10,7,1,6,6,18,12,4,5,9,6,6,6,0,22,1,0,2,3,6,7,2,1,2,1,15,8,4,1,9,10,13,4,2,3,2,0,27,6,1,2,0,1,2,16,14,4,3,8,6,4,3,4,3,8,3,14,2,1,2,4,13,15,8,3,2,5,1,5,5,0,6,0,2,1,9,3,0,7,1,4,3,4,0,3,8,2,1,11,6,2,4,5,4,11,3,2,13,1,0,1,1,10,1,1,1,3,0,2,3,0,0,0,0,1,1,1,0,9,1,13,0,2,0,0,2,2,2,1,26,1,1,2,5,6,28,6,1,0,0,3,0,0,0,1,2,2,1,1,6,2,2,0,0,0,0,0,0,1,2,1,1,0,0,0,0,0,0,0,0,7,0,0,0,0,0,0,1,0,0,0,1,0,4,1,0,8,4,1,4,3,0,3,2,1,0,1,0,0,0,3,0,0,0,1,0,20,1,0,0,6,1,3,0,0,0,0,0,0,0,0,0,0,0,0,2,0,0,0,1,6,1,13,0,1,0,0,3,4,2,4,0,905
3,20,14,1,8,8,11,4,2,3,3,1,3,5,5,6,0,12,7,6,5,4,3,4,1,3,3,0,11,3,0,1,2,5,2,1,2,6,2,2,11,3,0,4,12,7,0,0,2,1,1,8,1,5,2,0,3,11,7,4,5,0,1,1,1,5,4,2,4,6,9,3,2,2,3,5,4,1,4,0,4,1,1,0,0,4,6,1,1,1,6,1,5,3,5,0,0,1,1,2,8,2,0,3,1,1,4,3,7,1,5,12,0,0,6,0,1,1,1,2,2,0,2,0,0,0,0,0,0,0,0,0,6,1,7,0,3,0,1,2,0,1,0,11,4,0,1,3,7,14,6,4,0,0,0,0,0,0,1,0,4,4,1,0,4,2,0,0,1,1,2,0,0,1,0,0,1,0,0,0,0,0,0,0,3,0,0,0,0,0,0,0,0,0,0,0,0,1,6,0,4,5,0,5,0,2,0,2,0,0,0,0,0,1,0,1,2,0,0,0,3,0,0,0,5,1,0,0,0,0,0,0,0,0,1,0,0,0,0,3,0,0,3,3,5,6,1,0,0,1,0,1,1,4,7,1,579
3,21,8,3,14,4,6,7,3,2,1,2,3,7,1,4,0,4,3,11,3,2,2,4,0,0,2,4,1,1,3,2,1,0,2,0,0,3,4,3,5,5,0,6,3,1,0,2,3,0,0,5,4,1,0,0,2,1,6,5,5,0,2,3,5,3,1,2,2,1,3,0,0,2,1,1,2,1,2,2,1,5,2,0,0,3,1,3,0,1,1,1,0,1,0,0,0,0,7,3,2,1,2,1,3,1,2,3,3,2,6,8,0,1,5,0,3,1,0,1,1,0,1,1,0,0,0,0,0,0,0,0,6,1,11,0,1,0,0,0,0,0,0,5,1,0,1,1,6,13,3,0,0,0,0,0,0,0,0,0,0,1,1,0,5,3,0,0,0,0,0,0,0,0,0,1,0,0,0,0,0,0,0,0,3,0,0,0,0,0,0,0,2,0,0,3,0,0,4,1,4,2,1,4,1,0,0,0,0,1,0,0,0,0,0,1,1,1,1,0,3,0,0,0,3,1,2,0,0,0,0,0,0,2,0,0,0,0,0,4,0,1,4,1,4,0,0,0,0,1,0,0,7,1,2,0,410
3,22,8,2,6,3,5,2,1,1,0,3,1,3,7,2,0,3,2,5,1,4,3,0,0,3,0,2,1,2,0,0,0,0,0,1,0,1,0,1,2,2,0,2,1,2,6,0,2,0,1,7,2,4,5,2,0,4,5,4,2,0,2,2,2,1,1,1,0,2,5,0,0,3,2,0,0,1,1,0,1,3,1,0,0,0,2,2,1,5,2,1,2,4,0,0,1,0,2,2,3,0,2,0,2,4,2,3,1,1,1,6,1,0,6,0,1,0,0,0,0,1,0,0,0,0,0,0,0,1,2,1,5,0,5,0,0,0,0,1,0,0,0,6,0,1,0,1,3,7,4,1,0,0,2,0,1,1,0,1,0,0,2,2,1,0,0,0,0,0,2,0,0,0,1,0,0,0,0,0,0,0,0,0,3,0,0,0,0,0,0,0,0,0,0,0,0,0,0,1,0,2,0,1,1,2,1,1,0,0,0,0,0,0,0,0,3,1,0,0,2,0,0,0,1,2,0,0,0,0,0,0,0,0,0,0,0,0,0,1,0,1,0,1,4,1,0,0,1,1,0,3,0,2,3,0,302
3,23,1,0,4,3,1,0,1,0,0,3,3,0,1,1,0,1,1,3,0,0,0,2,0,0,1,0,4,0,0,0,0,1,1,0,0,1,1,1,1,0,0,1,0,1,10,0,0,0,0,1,0,2,0,1,0,2,2,3,0,0,1,2,0,0,1,1,0,1,2,2,1,0,1,1,0,1,1,0,0,2,0,0,0,0,1,1,0,0,3,1,4,0,0,0,0,0,1,0,0,0,1,0,0,0,3,2,0,0,2,3,0,0,1,1,0,0,0,0,1,0,0,0,0,0,0,0,0,0,0,0,1,1,4,0,0,0,0,1,0,0,0,6,1,0,0,1,0,5,4,0,0,0,1,0,0,0,0,1,1,0,0,0,1,0,0,0,0,0,1,0,0,0,0,0,0,0,0,0,0,0,0,0,2,0,0,2,0,0,1,0,0,0,0,0,0,0,3,0,1,2,0,3,1,0,2,0,0,0,0,0,0,0,0,0,2,0,0,0,0,0,0,0,0,0,0,0,0,0,0,0,0,1,0,0,0,0,0,1,0,0,3,6,6,0,0,0,0,1,1,0,0,0,1,0,169
4,0,1,0,2,0,0,0,0,0,0,0,1,0,0,0,0,1,0,1,0,0,1,2,0,0,1,0,1,1,0,0,0,1,0,0,0,0,0,1,1,0,0,0,0,2,1,0,0,0,0,2,0,0,2,0,0,0,0,0,0,0,0,0,0,0,0,1,0,0,2,1,0,0,0,0,0,0,1,0,0,0,1,0,0,0,2,0,0,0,0,0,0,0,0,0,1,0,0,0,0,0,0,0,1,0,0,0,0,0,0,1,0,0,0,0,1,1,0,0,0,0,0,0,0,0,1,0,0,0,0,0,1,0,0,0,0,0,0,0,0,0,0,2,0,0,0,2,0,3,2,0,0,0,0,0,0,1,0,0,2,0,0,0,1,0,0,0,0,0,0,0,0,0,0,0,0,0,0,0,1,0,0,0,0,0,0,0,0,0,0,0,0,0,0,1,0,0,0,0,0,0,0,0,0,0,0,0,0,2,0,0,0,0,0,0,0,0,0,0,0,0,0,0,0,0,0,0,0,0,0,3,0,0,0,0,0,0,0,1,0,0,0,0,1,0,0,0,0,0,2,0,0,0,3,0,64
4,1,0,0,1,0,0,0,0,0,0,0,0,1,0,0,0,0,0,0,0,0,1,0,0,0,0,0,0,0,0,0,0,0,1,0,0,0,0,0,1,1,0,0,0,0,1,0,0,0,0,1,0,0,0,0,0,0,0,0,0,0,0,0,0,0,0,1,0,1,1,0,0,0,0,0,0,0,0,0,1,1,0,0,0,0,1,0,0,0,0,0,0,0,0,0,0,0,0,0,0,0,0,0,0,0,0,0,0,0,0,0,0,0,0,0,0,0,0,0,0,0,0,0,0,0,0,0,0,0,0,0,0,0,0,0,1,0,0,0,0,0,0,0,0,0,0,1,0,0,0,0,0,0,0,0,0,0,0,0,0,0,0,0,0,0,0,0,0,0,0,0,0,0,0,0,0,0,0,0,0,1,0,0,1,0,0,0,0,0,0,0,0,0,0,0,0,0,0,0,0,0,0,1,0,0,0,0,0,0,0,0,0,0,0,0,1,0,0,0,0,0,0,0,0,0,0,0,0,0,0,0,0,0,0,0,0,0,0,0,0,0,0,0,1,0,0,0,0,0,0,0,2,0,0,0,23
4,2,1,0,0,0,0,0,0,0,0,0,0,0,0,0,0,0,1,0,0,0,1,0,0,0,2,0,0,0,0,0,0,0,0,0,0,1,0,0,0,0,0,0,0,0,0,0,0,0,0,1,0,1,0,0,0,0,0,0,0,0,0,1,0,0,0,0,0,0,0,0,1,0,0,0,0,0,0,0,0,0,0,0,0,0,0,0,0,0,0,0,0,0,0,0,0,0,0,0,1,0,0,0,0,0,0,0,1,0,0,0,0,0,0,0,0,0,0,0,0,0,0,0,0,0,0,0,0,0,0,0,0,0,0,0,0,0,0,0,0,0,0,0,0,0,0,0,0,0,0,0,0,0,0,0,0,0,0,0,0,0,0,0,0,0,0,0,0,0,0,0,0,0,1,0,0,0,0,0,0,0,0,0,0,0,0,0,0,0,0,0,0,0,0,0,0,0,0,1,0,1,0,0,0,1,0,0,0,0,0,0,0,0,0,0,0,0,0,0,0,0,0,0,0,0,0,0,0,0,0,0,0,0,0,0,0,0,0,0,0,0,0,0,0,0,0,0,0,0,0,0,0,0,0,0,16
4,3,0,0,0,0,0,0,0,0,0,0,0,0,0,0,0,0,0,0,0,0,0,0,0,0,0,0,0,0,0,0,1,0,0,0,0,0,0,0,0,0,0,0,0,0,0,0,0,0,0,0,0,0,0,0,0,0,0,0,0,0,0,0,1,0,0,0,0,0,0,0,0,1,0,0,0,0,0,0,0,1,0,0,1,0,0,0,0,0,0,0,0,0,0,0,0,0,0,0,0,0,0,0,0,0,0,0,0,0,0,0,0,0,0,0,0,0,0,0,0,0,0,0,0,0,0,0,0,0,0,0,0,0,0,0,0,0,0,0,0,0,0,0,0,0,0,0,0,0,0,0,0,0,0,0,0,0,0,0,0,0,0,0,0,0,0,0,0,0,0,0,0,0,0,0,0,0,0,0,0,0,0,0,0,0,0,0,0,0,0,0,0,0,0,0,0,0,0,0,0,0,0,0,0,0,0,0,0,0,0,0,0,0,0,0,4,0,0,0,0,0,0,0,0,0,0,0,0,0,0,0,0,0,0,0,0,0,0,0,0,0,0,0,0,0,0,0,0,0,0,0,0,0,0,0,9
4,4,0,0,0,0,0,0,0,0,0,0,0,0,0,0,0,0,0,0,0,0,0,0,0,0,0,0,0,0,0,0,0,0,2,0,0,0,0,1,1,0,0,0,0,0,0,0,0,0,0,0,0,0,0,0,0,3,0,0,0,0,0,0,0,0,0,1,0,0,1,0,0,0,0,0,0,0,1,0,0,0,0,0,0,0,0,0,0,0,0,0,0,0,0,0,0,0,0,0,0,0,0,0,0,1,0,0,0,0,3,1,1,0,0,0,0,0,0,0,0,0,0,0,0,0,0,0,0,0,0,0,0,0,0,0,0,0,0,0,0,0,0,0,0,0,0,0,0,0,0,0,0,0,0,0,0,0,0,0,0,0,0,0,0,0,0,0,0,0,1,0,0,1,0,0,0,0,0,0,0,0,0,0,0,0,0,0,0,0,0,0,0,0,0,0,0,0,0,0,0,0,0,0,0,0,0,0,0,0,0,0,0,0,0,0,0,0,0,0,0,0,0,0,0,0,0,0,0,0,0,0,0,0,0,0,0,0,0,0,0,0,0,0,0,0,0,0,0,0,1,0,0,0,0,0,19
4,5,2,0,1,0,0,0,0,0,0,0,0,1,0,1,0,0,0,1,0,0,1,0,3,0,0,0,0,1,0,0,0,0,2,0,0,0,0,3,5,0,0,0,0,0,0,0,0,0,0,1,0,1,1,0,0,0,1,0,1,0,2,0,0,2,2,1,0,0,1,1,0,0,0,0,0,0,0,0,0,0,0,0,0,0,0,0,0,0,0,0,0,0,0,0,0,0,0,1,0,0,0,0,0,0,1,0,2,0,0,3,0,1,0,0,0,0,0,0,0,0,0,0,0,0,0,0,0,0,0,0,1,0,0,0,0,0,0,0,0,0,0,0,0,0,3,1,0,0,0,1,0,0,0,0,2,0,0,5,0,0,0,0,0,0,0,0,0,0,1,0,0,1,0,0,0,0,0,0,0,0,0,0,0,0,0,0,0,0,0,0,2,0,0,0,0,0,0,0,0,0,0,0,0,0,0,0,0,0,0,0,0,0,0,0,0,0,0,0,0,0,0,0,0,0,0,0,0,0,0,0,0,0,0,0,0,0,0,1,0,0,0,0,0,0,0,0,0,0,0,0,2,0,0,0,63
4,6,3,0,6,7,0,0,2,0,3,0,2,7,3,1,0,0,1,1,2,6,1,0,1,5,2,1,10,1,0,3,1,0,0,1,0,2,0,0,3,0,1,1,0,0,1,2,0,0,0,6,0,3,1,5,0,1,1,3,1,0,2,0,2,1,0,1,0,1,3,0,1,3,0,4,3,0,0,4,3,1,4,0,0,0,1,0,0,0,0,0,0,0,1,1,1,0,1,0,1,0,1,0,0,0,0,0,1,2,2,0,0,0,0,0,0,0,1,0,0,0,0,0,0,0,0,0,0,0,1,0,0,0,0,0,0,0,0,0,3,0,0,2,0,1,0,0,0,0,1,2,1,0,0,0,0,2,1,1,0,0,0,4,0,0,0,1,0,3,0,0,1,0,0,1,0,0,0,0,0,0,0,0,3,0,0,0,0,0,0,0,0,1,0,0,0,0,2,4,0,1,0,0,2,0,0,0,0,0,0,0,0,0,0,0,0,0,0,0,0,0,0,0,0,0,0,0,0,0,0,0,1,1,0,0,0,0,0,1,0,0,0,0,0,0,0,0,0,0,1,2,2,7,4,0,204
4,7,2,0,2,13,0,1,1,1,2,1,1,20,17,10,2,4,0,10,24,1,2,4,2,12,4,3,46,0,3,0,0,2,1,4,2,1,2,7,2,1,3,0,6,4,3,6,4,1,3,11,2,1,13,1,1,0,5,29,4,3,6,5,6,5,6,0,2,3,10,3,2,3,0,1,5,6,3,4,2,3,4,1,0,1,0,0,0,3,3,0,0,0,2,6,3,1,1,0,5,4,4,1,0,4,1,1,4,3,0,4,2,3,3,0,3,1,3,2,0,0,0,2,0,0,2,0,0,0,0,2,0,1,1,0,1,1,0,0,1,0,2,1,0,0,2,3,0,0,0,3,4,2,0,0,1,2,6,6,5,0,0,5,0,1,1,3,0,1,1,0,1,2,4,1,1,0,0,1,0,0,0,0,3,0,0,0,0,0,0,0,0,4,0,0,0,0,0,0,0,0,0,0,0,0,0,1,0,0,0,0,0,0,1,0,1,1,0,0,0,0,0,0,0,1,0,0,0,0,0,0,0,2,0,0,0,0,2,2,0,0,0,0,0,5,0,0,0,2,0,0,8,3,4,0,568
4,8,10,7,9,10,1,0,6,3,4,1,3,65,41,22,4,5,3,31,53,11,5,4,2,12,11,4,51,7,3,1,2,1,2,8,1,8,4,9,12,1,1,2,5,9,5,13,5,13,9,27,2,12,13,7,0,2,10,67,17,13,18,11,3,9,6,5,4,8,46,15,16,12,0,5,17,8,3,7,8,7,8,1,2,2,5,3,7,8,5,2,4,3,11,5,5,4,4,7,9,4,4,3,9,13,9,13,4,8,6,9,8,4,1,4,5,9,9,5,6,0,0,1,0,0,0,3,1,4,2,2,1,0,1,2,3,2,1,2,0,0,2,3,2,6,3,4,8,6,0,7,2,10,1,1,0,1,5,12,9,1,2,11,0,1,1,5,0,3,3,0,3,10,3,5,1,1,0,2,0,0,2,1,5,0,0,0,0,0,2,1,1,5,0,1,0,3,1,0,2,5,1,3,2,0,2,6,0,1,1,0,0,0,3,0,4,1,0,0,0,1,3,0,0,15,1,1,0,0,0,0,0,1,0,0,0,0,1,2,0,1,2,2,2,1,5,0,1,0,4,1,6,15,14,0,1396
4,9,11,7,18,16,4,1,2,4,3,2,4,41,33,19,2,7,9,27,33,10,14,3,3,18,11,0,27,7,11,6,1,4,5,4,2,12,3,9,8,9,0,4,5,1,8,8,12,3,4,28,7,5,9,1,9,4,20,76,21,5,14,6,9,7,1,9,3,17,41,5,10,7,0,4,5,6,6,5,4,9,2,2,2,3,2,1,1,6,6,1,3,3,8,3,7,5,6,6,8,3,1,4,9,11,13,5,6,5,11,13,7,1,9,0,2,2,11,1,7,2,1,0,0,0,1,0,0,4,3,1,3,3,3,0,3,0,0,2,0,1,4,6,0,1,2,1,4,3,3,3,5,3,0,0,0,6,1,9,14,3,2,4,0,0,1,2,0,1,2,0,5,5,0,0,3,3,1,0,0,0,1,0,7,0,0,0,0,0,2,1,0,4,1,0,0,1,3,2,0,1,0,0,1,0,2,3,0,1,0,0,0,0,1,0,0,2,0,0,0,0,0,0,3,6,1,1,0,0,0,0,0,2,0,0,0,0,1,2,0,0,0,1,1,1,5,0,1,3,1,0,12,5,7,0,1214
4,10,8,3,11,7,2,1,1,5,1,0,3,7,5,4,1,4,6,13,3,4,6,3,5,11,9,1,12,1,1,1,1,2,6,1,1,6,1,3,4,6,0,0,1,0,3,1,1,1,0,10,4,2,4,4,0,0,5,10,3,3,2,9,3,2,4,1,6,1,13,3,1,2,2,1,7,9,1,2,1,5,3,1,0,3,0,1,1,0,3,2,2,1,5,2,3,1,2,3,1,4,1,4,1,2,7,2,3,4,1,6,6,3,3,1,1,3,5,3,1,1,0,0,0,0,0,0,0,1,4,0,4,2,1,0,1,2,1,1,0,0,2,2,0,5,2,2,4,3,0,4,0,0,0,0,0,1,5,3,6,7,0,4,0,3,1,1,0,0,0,0,1,2,5,0,3,4,0,2,0,2,0,0,2,1,0,0,0,0,1,0,0,0,0,1,0,0,2,1,0,7,1,0,0,0,0,3,0,1,1,0,0,0,0,1,2,0,1,0,0,1,1,0,1,1,0,1,0,0,0,2,0,0,0,0,0,0,1,4,0,0,0,1,0,0,0,1,3,0,1,0,3,7,6,0,543
4,11,7,0,7,13,4,4,3,0,4,2,4,7,8,1,1,4,5,12,0,4,3,4,4,3,6,0,6,2,1,0,3,5,3,0,2,8,3,3,8,0,0,1,4,2,0,1,0,3,2,10,3,2,3,3,0,3,6,10,2,0,1,2,1,7,1,4,4,1,7,1,1,5,5,2,1,5,3,3,4,7,1,1,2,1,2,1,3,0,3,0,1,3,3,2,4,0,1,2,1,0,2,0,3,1,1,2,0,1,6,5,3,1,1,0,5,1,0,1,4,4,0,0,0,0,3,2,0,2,4,0,0,1,4,0,2,1,0,1,1,0,1,1,0,1,3,0,5,5,5,4,1,0,0,4,2,3,1,7,2,7,0,4,0,1,0,1,0,0,0,1,0,1,2,1,0,0,0,2,0,2,0,1,3,0,0,0,0,0,4,0,0,0,0,0,0,0,0,3,0,2,0,2,2,2,1,1,0,0,0,0,0,0,2,1,2,0,6,0,0,0,1,0,2,1,0,0,1,0,0,0,0,0,0,0,0,0,0,1,1,1,0,2,0,1,1,1,2,0,3,0,8,3,8,0,503
4,12,14,2,11,13,9,6,3,2,5,10,6,15,19,7,0,5,11,8,3,2,4,11,2,2,10,4,0,0,1,3,1,4,6,1,0,11,3,2,8,4,0,7,14,6,10,1,0,4,2,24,7,6,4,7,1,5,4,4,9,3,4,1,6,6,1,1,5,3,11,3,1,4,3,1,4,16,3,3,0,3,0,2,0,2,2,1,3,0,3,1,7,1,2,1,1,0,5,3,5,3,3,1,2,1,1,0,3,1,3,8,2,1,0,0,1,0,1,0,1,2,1,0,0,2,0,1,2,1,2,2,0,3,2,0,1,1,1,0,0,1,3,2,2,4,1,3,5,4,1,4,0,2,0,0,1,3,3,7,4,6,1,6,3,2,0,7,0,2,1,2,0,2,3,0,0,1,0,0,0,3,0,0,3,0,0,0,0,0,0,1,1,0,0,0,0,1,3,2,2,4,1,5,0,4,1,4,0,0,2,0,0,0,2,0,2,0,0,1,0,0,2,0,1,0,0,0,0,1,1,0,0,0,0,0,0,0,0,1,1,0,0,1,1,3,0,2,0,0,2,0,3,5,8,0,677
4,13,12,0,6,18,6,9,7,4,5,7,6,20,16,15,0,5,17,7,8,9,8,1,0,3,4,1,3,5,1,0,0,2,7,1,0,14,4,4,15,4,0,3,9,3,0,0,5,2,4,10,6,0,2,2,4,2,7,2,8,1,2,3,1,2,2,6,1,2,12,3,3,1,7,7,3,10,3,4,0,4,2,5,1,4,0,2,2,2,5,5,3,3,3,5,6,3,5,6,1,1,0,7,5,7,3,0,3,0,2,6,1,2,3,0,2,2,2,1,0,4,5,1,0,1,0,3,0,2,5,0,4,1,3,0,0,3,0,1,1,0,9,2,0,2,0,2,5,6,3,4,0,0,0,0,0,6,2,2,2,9,2,2,2,3,0,1,0,3,1,0,0,2,3,0,0,1,0,0,0,2,0,0,1,1,0,0,0,0,0,1,0,0,0,0,0,1,4,0,1,5,0,2,4,0,4,1,2,0,1,0,0,0,1,0,1,2,2,0,0,1,1,0,3,1,0,0,0,0,0,1,0,0,0,0,0,0,0,2,0,0,4,1,0,0,4,1,0,1,2,0,5,5,13,0,699
4,14,8,1,11,13,4,5,4,0,13,5,6,9,13,3,0,6,7,8,6,8,7,7,0,5,4,0,4,2,2,4,2,2,6,0,1,4,4,7,9,4,0,1,11,2,5,0,1,1,1,13,3,2,6,2,0,1,6,3,6,7,2,8,4,3,2,1,1,0,16,1,5,6,5,0,4,5,3,1,2,3,3,7,0,2,2,1,2,1,7,0,2,1,5,3,1,1,2,2,3,3,2,1,1,3,0,1,0,1,1,7,1,0,0,0,0,0,0,0,1,1,2,0,0,1,1,1,0,5,2,3,3,0,2,0,0,0,0,1,0,1,1,9,2,1,2,1,2,7,5,3,0,1,0,0,0,5,1,4,3,10,0,5,0,4,0,0,0,1,0,1,0,0,0,1,3,1,0,0,0,2,0,0,1,0,0,0,0,0,0,1,3,0,0,0,0,1,3,3,1,6,1,3,3,0,0,3,0,0,3,0,0,3,1,0,2,1,3,3,5,0,4,0,10,2,0,1,0,1,0,3,1,2,0,0,0,0,0,1,0,0,0,0,1,4,0,1,4,0,0,0,1,10,3,1,612
4,15,19,1,22,28,3,5,6,3,8,7,5,34,11,13,0,8,6,12,18,11,9,12,3,1,5,3,7,6,3,1,0,4,7,1,2,5,5,10,6,6,3,6,5,4,10,1,3,3,0,10,6,6,3,3,2,2,5,8,4,1,1,2,9,5,6,3,8,1,14,0,1,4,4,3,8,10,3,4,3,3,4,2,1,3,1,0,0,2,1,7,2,2,5,1,4,2,5,4,5,2,15,1,1,0,0,2,1,0,4,3,2,0,1,0,0,8,1,0,1,1,1,1,1,2,2,2,0,1,3,1,1,3,3,0,1,0,0,0,3,0,3,6,0,1,1,3,6,7,2,3,0,0,0,0,0,1,0,4,3,14,0,1,3,4,0,0,0,0,1,1,3,4,1,0,0,0,0,1,1,0,1,0,1,0,0,0,0,0,0,1,0,2,0,1,0,0,1,6,4,2,1,2,1,3,1,1,0,0,0,0,0,0,1,0,0,0,0,1,0,3,1,0,2,5,0,0,0,1,0,0,1,0,0,0,0,0,0,3,0,2,2,2,1,0,0,0,2,5,0,2,2,5,4,1,760
4,16,22,4,22,38,7,10,9,0,6,13,18,15,18,17,0,9,11,28,15,24,17,30,1,9,13,2,12,6,2,3,2,7,21,2,2,3,7,2,7,11,1,4,23,4,14,4,2,0,2,35,14,4,3,1,3,4,8,6,10,1,3,10,10,7,5,7,6,5,20,1,2,4,4,9,17,21,4,0,3,6,0,3,0,2,3,1,1,2,6,0,5,3,7,2,8,0,0,0,6,1,1,5,1,5,3,4,4,0,5,14,1,2,2,0,0,2,1,2,2,1,0,1,1,0,0,0,0,2,2,0,1,1,5,0,4,5,0,1,0,1,2,14,1,2,1,2,12,16,2,10,0,1,0,1,0,1,1,2,8,2,8,5,4,1,2,2,1,0,0,0,0,1,5,0,1,0,0,0,1,2,0,0,1,0,0,0,0,0,0,2,0,0,0,1,2,0,3,4,1,5,2,2,0,2,4,0,0,1,0,0,0,0,0,0,3,0,1,0,2,2,1,1,4,5,1,0,0,2,1,0,0,2,0,0,0,0,0,1,0,0,0,3,4,2,3,1,0,0,1,0,4,11,2,0,1059
4,17,40,7,33,29,11,14,25,3,16,11,12,15,21,23,0,15,15,32,26,26,19,28,3,13,9,4,39,4,4,0,1,6,29,4,1,12,14,8,14,32,0,14,24,15,22,2,1,2,1,32,23,7,5,3,5,10,27,13,6,3,3,10,4,12,18,6,12,16,40,1,2,0,6,9,18,23,0,3,5,3,1,6,6,10,0,0,3,9,4,4,12,4,17,16,1,1,0,4,7,4,5,11,6,6,3,6,6,5,7,8,1,0,0,1,5,6,0,0,3,0,0,0,0,2,2,1,1,0,1,0,4,2,10,0,1,1,0,3,0,0,1,14,0,4,0,2,6,28,6,1,0,2,0,0,0,8,2,3,1,6,7,1,3,2,1,0,0,3,2,0,1,4,0,0,2,0,0,0,0,0,0,0,4,0,0,0,0,0,0,0,0,0,0,2,0,1,5,3,13,14,0,1,3,1,2,1,0,0,1,0,0,0,1,0,1,1,3,1,3,1,0,0,13,1,0,1,0,1,2,1,0,2,3,0,0,0,3,3,0,1,0,3,5,1,9,2,0,0,1,0,7,3,7,0,1481
4,18,22,3,19,24,8,11,20,9,5,9,8,17,14,13,2,13,15,28,12,9,10,11,2,9,7,0,26,1,3,0,2,7,13,0,2,5,3,6,5,6,1,10,13,19,10,0,2,0,0,21,9,1,4,3,0,7,13,25,4,5,1,2,13,5,11,5,17,7,15,0,0,3,15,11,17,10,5,1,2,5,7,3,1,2,6,0,3,6,6,4,5,0,8,3,4,2,1,8,5,2,1,6,0,4,3,6,8,3,2,16,0,2,1,1,1,5,0,0,1,0,1,0,0,0,1,0,0,1,0,0,5,2,11,0,1,0,0,3,2,0,1,24,0,0,2,3,7,26,4,8,0,1,0,1,0,2,3,6,9,5,2,5,1,2,0,2,0,0,0,0,1,0,0,0,0,2,0,1,0,0,0,1,9,0,0,0,0,0,1,0,0,0,0,0,0,0,1,1,3,7,0,3,1,1,1,0,1,0,2,1,0,1,0,0,5,0,1,0,3,0,1,0,3,0,0,0,0,0,1,0,0,0,0,0,0,0,0,0,0,0,1,1,2,1,6,1,4,1,2,0,3,11,7,0,1040
4,19,12,4,15,10,6,5,1,1,0,5,1,5,8,4,0,8,2,16,1,5,7,6,0,10,3,1,16,0,0,1,1,3,7,1,0,2,0,4,5,9,0,10,14,9,3,0,5,0,2,13,2,5,5,2,1,3,7,4,6,6,2,0,3,3,3,1,4,3,11,0,1,2,7,3,6,2,1,3,3,4,6,2,0,3,5,1,7,1,1,3,6,2,1,1,4,1,3,2,6,3,6,3,6,1,4,7,1,1,3,2,1,0,2,1,7,1,4,0,3,0,2,0,0,0,0,0,0,0,0,0,10,1,6,1,0,0,0,2,0,0,2,7,0,5,2,5,6,12,0,4,1,0,0,1,0,1,4,5,9,3,0,5,5,1,1,3,0,0,1,0,0,2,0,0,0,0,0,0,0,1,0,0,5,0,0,1,0,0,0,0,0,0,0,0,0,0,6,1,0,4,1,2,1,0,2,1,0,0,0,0,0,0,0,0,0,1,0,5,2,0,0,0,2,1,0,0,0,3,0,0,0,0,0,0,0,0,1,2,2,0,1,0,0,1,5,0,1,0,0,0,2,5,4,0,625
4,20,9,0,8,8,5,2,4,4,1,1,1,7,3,5,0,6,2,5,3,3,1,1,2,1,1,0,3,0,1,0,0,0,0,0,0,0,2,1,3,5,1,3,0,2,0,0,1,0,0,7,3,0,2,0,0,0,4,0,4,1,0,3,4,1,1,0,0,3,2,1,0,2,5,3,4,3,2,4,2,4,1,0,0,1,0,1,1,2,8,1,4,3,1,0,0,4,0,6,1,2,1,3,2,3,2,2,0,2,3,4,0,0,0,0,1,1,0,0,2,2,5,1,0,0,0,0,0,0,0,0,1,1,5,0,2,0,0,1,2,1,0,4,0,1,3,5,3,10,1,0,0,0,0,0,0,2,0,1,6,0,3,3,4,0,0,0,0,1,0,0,0,2,0,0,0,1,0,0,0,0,0,0,3,0,0,0,0,1,1,0,1,0,4,0,0,1,0,0,0,5,1,0,0,0,1,0,0,0,0,0,0,0,0,0,2,2,0,0,0,0,0,0,4,1,2,0,0,0,0,0,1,0,0,0,0,0,2,2,0,0,0,9,1,0,4,0,0,2,2,0,2,1,6,1,365
4,21,4,5,5,2,8,0,2,5,0,0,1,7,1,2,0,4,1,6,1,0,2,1,1,1,0,1,0,0,1,0,0,2,1,0,1,5,0,2,2,1,0,1,0,0,1,1,1,1,2,7,3,0,1,0,0,3,3,1,2,2,3,8,7,1,2,2,1,0,1,1,0,5,2,1,0,1,1,1,2,3,0,0,1,0,1,0,0,1,4,1,2,0,0,1,0,1,0,0,2,2,1,3,0,0,0,0,0,1,1,9,0,0,2,0,0,1,0,2,1,0,0,0,0,0,0,0,0,0,0,0,0,7,3,1,2,0,0,0,0,0,2,5,1,1,1,3,2,5,5,1,1,3,0,0,0,4,0,2,0,0,1,4,6,0,0,0,0,0,0,0,0,1,0,0,1,0,0,0,0,1,0,0,3,0,0,0,0,0,0,0,1,0,0,0,0,1,1,0,1,3,1,1,1,0,0,0,0,0,0,0,0,0,0,1,3,0,1,0,2,0,1,0,2,2,0,2,0,0,0,0,0,3,0,0,0,0,5,1,0,0,2,2,0,0,2,0,3,2,0,0,3,2,1,0,299
4,22,6,2,12,1,2,0,0,4,0,0,0,2,0,0,0,0,3,4,2,0,3,0,0,0,0,0,1,1,2,1,0,0,0,0,1,1,1,3,1,2,2,3,0,0,0,0,2,1,0,2,0,5,3,0,1,1,1,3,1,2,4,4,3,0,0,1,0,0,5,0,1,1,0,0,0,0,1,3,2,3,0,0,0,0,1,0,0,0,3,1,0,2,0,0,0,0,1,1,0,2,2,0,0,0,5,2,2,3,3,8,0,0,0,0,1,1,0,1,0,0,0,0,0,0,0,0,0,0,0,0,1,0,4,0,2,0,0,1,0,0,0,5,0,1,4,2,3,5,4,2,0,0,0,0,0,0,0,1,0,1,0,1,2,0,0,0,2,0,1,1,0,0,0,0,0,0,0,0,2,0,0,0,0,0,0,0,0,0,1,0,1,0,1,0,0,1,0,3,1,0,0,0,2,2,3,0,0,0,0,0,0,0,0,0,2,0,0,0,2,0,2,0,2,3,1,0,0,0,0,0,0,0,0,0,0,0,2,1,0,0,0,6,1,3,0,2,1,0,5,0,0,1,2,2,247
4,23,6,0,6,0,1,2,1,1,0,1,0,4,0,0,0,1,1,5,0,0,1,1,0,0,0,1,2,0,0,1,5,1,0,1,0,1,1,3,3,3,0,0,0,0,0,1,1,0,0,1,1,0,1,1,0,0,2,1,3,2,0,1,0,2,0,0,0,0,1,2,0,3,1,1,0,0,0,3,2,3,0,0,1,0,1,0,0,0,2,2,1,0,0,0,0,0,0,0,3,1,1,0,2,2,2,1,2,0,1,1,0,0,2,0,1,0,0,0,0,0,0,0,0,0,0,0,0,0,0,0,1,1,2,0,0,0,0,2,0,0,0,4,0,0,0,1,0,2,3,0,0,4,0,0,0,1,0,0,1,0,0,0,1,3,0,0,0,1,4,0,0,0,0,0,0,0,0,0,0,0,0,0,2,0,0,0,0,0,0,0,0,0,0,0,0,0,0,0,1,1,1,1,0,0,1,0,0,0,0,0,0,0,0,0,0,0,0,0,1,0,1,0,2,0,0,0,0,0,0,0,0,0,0,0,0,0,0,8,0,0,0,2,3,2,0,0,0,0,1,0,3,1,5,1,180
5,0,4,0,2,1,5,0,0,0,0,0,1,0,1,0,0,0,0,0,0,0,0,1,0,1,0,0,1,0,1,0,0,0,0,0,0,0,1,1,1,0,0,0,0,0,0,0,2,0,1,3,2,2,0,0,0,0,0,1,3,1,0,0,0,0,1,0,0,0,0,0,2,1,0,0,0,0,0,0,0,4,0,0,2,0,0,0,0,1,2,1,0,0,1,0,0,1,1,0,1,1,1,0,0,0,0,0,0,0,3,0,0,0,2,0,0,0,1,1,1,0,0,0,0,0,0,0,0,0,0,0,2,0,0,0,0,0,1,0,0,0,0,3,0,0,0,0,0,2,2,1,0,0,0,0,0,0,0,1,1,0,0,0,0,0,0,0,0,0,0,0,0,0,0,0,0,0,0,0,0,0,0,0,1,0,0,0,0,0,0,0,0,0,0,0,0,0,0,0,0,1,1,3,0,0,0,0,0,0,0,0,0,0,0,0,12,0,1,0,0,0,1,0,2,2,0,0,0,0,0,1,0,0,0,0,0,0,0,0,0,0,0,0,0,0,2,0,0,4,2,1,1,1,1,0,114
5,1,2,1,2,0,1,0,0,0,2,0,0,0,0,0,0,0,0,1,0,0,0,0,0,0,1,0,0,0,0,0,0,0,0,0,0,0,2,0,0,0,0,0,0,0,0,0,0,0,0,1,2,0,0,0,0,0,0,0,0,0,0,1,0,0,1,3,0,0,0,0,1,1,1,0,0,0,0,0,0,0,0,0,0,0,2,1,0,1,1,0,1,0,0,0,0,0,2,0,2,4,0,0,0,0,1,0,0,0,1,0,0,0,0,0,0,0,0,0,0,0,0,0,0,0,0,0,0,0,0,1,1,0,0,1,0,0,0,0,0,0,1,0,0,0,0,1,0,0,0,2,0,0,0,0,0,0,0,0,0,4,0,0,0,0,0,0,0,0,1,0,0,0,0,0,0,0,0,1,0,0,0,0,1,0,0,0,0,0,0,0,0,0,0,0,0,0,0,0,0,0,0,0,0,0,0,0,0,0,0,0,0,0,0,0,0,0,1,0,1,0,0,0,1,0,0,0,0,0,0,0,0,0,0,0,0,0,0,0,0,0,0,0,0,0,0,0,0,0,0,0,0,0,0,0,56
5,2,2,0,1,2,0,4,0,0,0,0,0,2,0,0,1,1,2,2,1,0,1,1,1,0,0,0,0,0,0,0,0,0,0,0,0,0,0,0,1,0,0,0,0,0,0,0,0,0,0,0,0,0,0,1,0,0,0,0,0,0,1,0,0,0,0,0,0,0,1,0,3,0,0,0,0,0,0,0,3,1,1,0,0,0,0,0,1,0,0,0,0,0,0,0,0,0,2,0,0,0,0,0,0,0,0,0,0,0,0,0,0,0,0,0,1,0,0,0,0,0,0,0,0,0,0,0,0,0,0,0,0,0,0,0,0,0,0,0,0,0,0,0,0,0,0,0,0,0,0,0,0,0,0,0,0,1,0,0,0,0,0,0,0,0,0,0,0,0,0,0,0,0,0,0,0,0,0,0,0,0,0,0,0,0,0,0,0,0,4,0,0,0,0,0,0,0,0,0,0,0,0,1,0,0,0,0,0,0,0,0,0,0,0,0,0,1,0,0,0,1,0,0,0,0,0,0,0,0,0,0,0,0,0,0,0,0,0,0,0,0,2,0,0,0,0,0,0,1,0,0,0,3,0,1,52
5,3,6,1,0,0,0,0,0,0,0,0,0,0,0,0,0,0,0,2,0,0,0,1,0,0,0,0,0,0,1,0,0,0,0,0,0,0,0,1,0,0,0,0,0,0,0,0,0,0,0,0,0,0,0,0,1,0,0,0,0,0,0,0,0,0,0,0,0,0,0,0,0,0,0,0,0,0,0,0,3,0,0,0,0,0,0,0,0,0,0,0,0,0,0,0,0,0,2,0,0,0,0,0,0,0,0,0,1,0,0,1,0,0,0,0,0,0,0,0,0,0,0,0,0,0,0,0,0,0,0,0,0,0,0,0,0,0,0,0,0,0,0,0,0,0,0,0,0,0,0,0,0,0,0,0,0,0,0,0,0,0,0,0,0,0,0,0,0,0,0,0,0,0,0,0,0,0,0,0,0,0,0,0,0,0,0,0,0,0,0,0,1,0,0,1,0,0,0,0,0,0,0,0,0,0,0,0,0,0,0,0,0,0,0,0,0,0,0,0,0,0,0,0,0,0,0,0,0,0,0,0,0,0,0,0,0,0,0,1,0,0,1,0,1,0,0,0,0,0,0,0,0,0,0,0,25
5,4,0,0,0,0,0,0,0,0,0,0,0,0,0,0,0,0,0,0,0,0,0,0,0,0,0,0,0,0,0,0,0,0,0,0,0,0,0,0,0,0,0,0,0,0,0,0,0,0,0,0,0,0,0,0,0,0,0,0,0,0,0,0,0,0,0,0,0,0,0,0,0,0,1,0,0,0,0,0,0,0,0,0,0,0,0,0,0,0,0,0,0,0,0,0,0,0,0,0,0,0,0,0,0,0,0,0,0,0,0,0,0,0,0,0,0,0,0,0,0,0,0,0,0,0,0,0,0,0,0,0,0,0,0,0,0,0,0,0,0,0,0,0,0,0,0,0,0,0,0,0,0,0,0,0,0,0,0,0,0,0,0,0,0,0,0,0,0,0,0,0,0,0,0,0,0,0,0,0,0,0,0,0,0,0,0,0,0,0,0,0,0,0,0,0,0,0,0,0,0,0,0,0,0,0,0,0,0,0,0,0,0,0,0,0,1,0,0,0,0,0,0,0,0,0,0,0,0,0,0,0,0,0,0,0,0,0,0,0,0,0,0,0,0,0,0,0,0,0,0,0,1,0,0,0,3
5,5,4,0,0,1,0,0,0,0,0,0,0,0,0,0,0,0,0,0,0,0,1,0,4,0,0,0,0,0,0,0,0,0,0,1,0,0,0,0,4,0,0,0,0,0,0,0,0,0,0,1,1,0,0,0,0,4,0,0,0,0,0,0,0,0,0,0,0,0,0,0,0,0,0,0,0,0,0,0,0,0,0,0,0,0,0,0,0,0,0,1,0,0,0,0,0,0,0,0,0,0,0,0,0,0,0,0,0,0,1,0,0,0,0,0,0,0,0,0,0,0,0,0,0,0,0,0,0,0,0,0,0,0,0,0,0,0,0,0,0,0,0,0,0,0,0,0,0,0,0,0,0,0,0,0,0,0,0,0,0,0,0,0,0,0,0,0,0,0,0,0,0,0,0,0,0,0,0,0,0,0,0,0,0,0,0,0,0,0,0,0,0,0,0,0,0,0,0,0,0,0,0,0,0,0,0,0,0,0,0,0,0,0,0,0,0,0,0,0,0,0,0,0,0,0,0,0,0,0,0,0,0,0,0,0,0,0,0,0,0,0,0,0,0,0,0,0,0,0,0,0,0,0,1,0,24
5,6,0,0,1,0,0,0,0,0,1,0,0,1,1,0,0,0,0,0,1,0,0,0,2,0,1,0,0,0,0,1,0,0,0,0,0,0,0,1,2,0,0,0,0,0,0,0,0,0,0,0,0,0,0,0,0,0,0,0,3,0,0,0,0,0,0,0,0,0,2,0,1,1,0,4,0,0,0,0,0,0,0,0,0,0,0,0,0,0,0,0,0,0,0,0,1,0,0,0,0,0,0,0,0,0,0,0,1,0,3,0,0,0,0,0,0,0,0,0,2,0,0,0,0,0,0,0,0,0,0,0,0,0,0,0,1,0,1,0,0,0,0,0,0,0,0,0,1,0,0,0,0,0,0,0,0,0,0,0,0,0,0,0,0,0,0,0,0,1,0,0,0,0,0,0,0,2,0,0,0,0,0,0,0,0,0,1,0,0,0,1,0,0,0,0,0,0,0,0,0,1,0,0,0,0,0,0,0,0,0,0,0,0,0,0,0,0,0,0,0,0,0,0,0,0,0,0,0,0,0,0,0,0,0,0,0,0,0,0,0,0,0,0,2,0,0,0,0,0,0,0,0,0,0,0,41
5,7,1,3,2,1,2,0,0,0,2,0,0,5,0,0,0,1,0,0,1,0,0,0,2,0,7,0,2,0,0,2,0,0,0,0,0,1,0,0,2,0,0,0,0,0,1,0,1,1,2,0,0,0,1,0,2,0,0,0,1,2,0,0,5,1,2,0,1,0,1,0,0,1,0,0,0,2,0,4,1,2,0,0,0,0,0,0,0,0,0,1,0,0,0,0,0,0,0,0,0,0,2,0,1,0,0,2,0,0,0,7,0,0,0,0,2,2,0,0,0,0,0,0,0,0,0,0,0,0,0,1,0,0,0,0,0,0,0,0,0,0,1,1,0,0,0,0,2,0,0,0,0,1,0,0,0,0,1,0,2,0,0,1,0,0,0,2,0,0,1,0,0,0,0,0,0,1,0,0,0,0,0,0,0,0,0,1,0,0,0,0,2,0,0,0,0,0,1,0,0,0,0,0,0,0,2,1,0,0,1,0,0,0,0,0,0,0,0,0,0,0,0,0,0,1,0,0,0,0,0,0,0,0,0,0,0,0,0,0,0,0,0,0,0,0,0,0,0,0,0,0,5,0,0,0,110
5,8,2,3,0,9,3,4,0,5,5,0,4,4,2,0,0,2,2,1,0,1,0,1,0,3,0,1,0,1,0,1,0,1,0,1,1,1,0,0,2,1,0,4,1,1,2,1,1,0,1,7,3,0,0,2,0,0,6,0,0,2,2,1,2,0,2,0,0,3,4,1,0,5,0,3,5,0,4,4,1,1,4,0,0,0,0,0,1,0,4,0,1,1,1,2,0,3,0,1,1,0,0,1,0,6,3,0,1,0,2,2,1,1,0,1,1,2,2,0,0,0,0,0,0,0,2,0,0,2,0,2,0,0,2,4,0,0,0,0,0,0,3,1,0,2,2,2,1,2,2,3,1,2,0,1,0,3,4,2,7,1,4,0,0,1,0,0,0,0,0,1,1,2,0,0,0,2,0,0,0,0,0,0,2,0,0,0,0,1,2,0,0,2,0,0,0,0,1,3,0,0,0,1,0,0,2,1,0,1,0,0,0,0,3,0,2,0,0,0,0,0,0,0,0,1,0,0,0,0,0,3,0,0,0,0,0,0,0,4,0,0,0,2,0,0,0,0,0,0,2,0,1,1,5,0,274
5,9,6,3,5,1,1,1,2,0,3,0,2,5,3,3,0,3,3,1,0,2,0,0,1,1,5,1,1,2,1,0,1,2,4,1,2,3,0,2,2,4,2,0,2,0,3,3,1,4,7,6,3,4,3,0,4,2,6,0,3,1,5,4,5,2,2,1,0,2,6,0,1,2,1,6,3,5,3,1,3,2,0,0,1,1,4,1,0,0,2,3,3,0,2,3,2,3,2,0,5,2,0,0,5,12,2,3,0,2,2,8,1,0,6,0,3,1,1,2,0,0,0,1,2,0,0,0,0,1,0,0,0,0,3,0,3,1,0,1,0,2,3,1,1,0,0,3,3,2,1,5,2,2,0,1,0,2,0,5,7,4,0,9,0,0,0,3,1,0,2,1,0,2,1,0,1,1,0,0,0,0,3,0,1,0,0,0,0,0,2,0,1,0,0,1,0,1,1,4,0,0,0,0,1,0,0,1,0,0,0,0,0,0,1,0,2,0,1,0,0,0,0,0,0,0,0,1,0,0,0,0,2,1,0,0,0,0,0,2,1,0,0,0,0,1,0,0,0,0,1,0,1,1,5,0,380
5,10,9,2,3,14,1,1,2,2,2,0,1,22,7,1,2,6,3,3,3,5,0,0,4,7,2,0,3,3,2,2,1,2,7,1,1,3,2,2,5,3,2,2,0,7,5,1,0,3,2,11,3,9,6,3,2,0,8,2,13,1,4,6,3,5,3,3,4,2,12,4,3,12,2,0,3,4,3,6,2,9,3,2,0,1,1,0,0,0,6,2,0,0,1,2,5,5,2,3,2,4,0,2,3,6,3,1,0,1,2,5,0,2,2,1,1,2,2,0,1,2,2,1,0,0,0,1,0,1,3,3,0,4,3,2,3,0,0,1,0,2,2,0,0,0,0,11,4,1,3,2,3,0,1,0,0,0,1,7,8,5,2,6,1,2,0,1,0,0,0,0,1,3,0,0,1,0,0,1,1,0,0,0,1,0,0,0,0,0,0,0,1,0,0,0,0,1,1,2,0,6,0,4,0,0,0,3,0,3,0,0,0,0,0,0,0,2,0,1,0,0,0,0,5,7,0,0,0,0,0,0,1,0,0,0,0,0,1,2,0,0,1,0,0,2,3,0,1,0,2,0,1,8,12,0,548
5,11,7,7,11,9,1,3,7,2,3,0,6,23,10,8,1,4,3,2,4,6,1,1,7,4,12,1,9,3,5,4,3,1,2,2,2,5,4,1,4,9,0,6,0,1,3,1,4,0,4,24,2,1,9,1,0,2,10,10,17,1,8,5,6,5,3,4,1,4,13,1,3,12,2,3,4,10,6,2,1,4,4,3,2,2,0,2,2,0,2,1,6,0,1,1,0,0,6,2,4,1,1,2,3,10,4,6,5,5,1,4,5,0,0,1,4,1,1,1,3,0,0,0,3,0,0,1,1,1,3,0,0,0,5,0,4,5,1,0,0,0,4,1,1,0,1,1,3,2,14,8,1,4,0,0,1,5,2,3,2,16,6,4,0,0,3,4,0,1,0,2,0,0,1,1,2,0,2,0,1,2,0,0,1,0,0,0,1,0,2,0,4,1,0,0,0,1,5,1,3,3,0,0,0,0,0,4,3,1,2,0,0,0,4,0,1,2,2,2,1,0,3,0,10,5,0,0,0,0,0,1,0,2,0,0,0,0,2,2,0,0,5,1,0,1,1,0,1,0,2,0,1,7,3,0,699
5,12,21,0,12,26,2,1,1,1,2,3,7,25,10,5,2,3,0,5,1,4,5,2,3,4,5,1,0,9,2,4,3,3,3,4,4,6,7,4,10,1,2,2,3,7,0,0,0,2,4,21,3,3,5,0,0,2,5,4,9,2,8,4,3,6,2,1,6,0,13,6,6,11,1,4,8,4,3,3,3,3,4,0,3,3,2,4,7,1,7,4,4,2,0,1,8,0,3,6,4,2,0,2,4,9,3,4,7,1,6,6,6,5,3,2,0,4,9,2,2,0,0,0,0,2,0,0,0,5,4,2,1,5,2,0,2,1,0,3,0,3,3,3,4,1,2,6,6,1,3,5,3,0,0,1,1,6,2,7,3,15,7,5,0,4,5,2,0,1,2,0,3,4,4,1,1,1,0,0,0,2,0,1,0,0,0,0,0,0,1,1,1,0,0,0,1,9,0,1,1,2,0,3,0,1,2,6,0,0,0,0,0,2,3,0,2,1,1,1,0,0,0,1,4,3,0,0,0,0,0,1,3,1,0,0,0,0,0,1,0,0,0,0,4,0,2,1,1,5,2,0,6,10,6,0,755
5,13,30,6,11,25,10,0,0,4,4,0,5,30,11,10,5,8,1,4,0,1,1,4,4,7,14,3,6,1,1,2,0,5,7,1,2,4,3,6,9,7,0,4,1,2,6,0,6,3,3,20,3,2,7,1,2,3,2,5,15,4,3,5,4,9,2,4,4,3,17,1,3,4,4,2,6,5,6,4,6,4,5,3,1,2,0,4,3,0,7,4,4,1,3,4,5,5,1,5,5,3,3,0,2,13,2,4,8,5,3,4,2,2,2,0,6,2,2,0,5,0,0,1,0,0,0,2,3,4,2,1,3,6,1,1,3,4,1,0,2,1,0,4,1,3,0,5,8,6,8,4,1,2,0,1,1,0,1,3,13,16,2,13,0,8,3,0,1,0,3,0,1,4,2,0,0,0,0,0,0,0,1,0,5,0,1,0,0,0,0,0,0,2,0,0,0,7,2,3,2,9,4,1,2,1,3,6,1,5,2,0,0,0,3,0,1,0,3,2,2,1,0,1,2,3,1,0,0,0,0,3,0,8,0,0,1,0,0,4,0,0,3,0,1,0,3,0,1,1,2,0,5,8,7,0,839
5,14,14,3,12,19,8,2,1,25,3,1,2,28,12,7,2,4,1,4,3,3,5,0,2,3,6,2,2,3,0,0,1,3,0,5,0,6,6,0,5,7,0,3,5,0,7,3,7,3,3,11,0,4,3,4,0,3,11,5,12,9,7,10,7,1,2,1,4,2,11,0,2,7,1,2,3,6,2,5,2,5,6,2,0,0,4,1,3,2,4,4,3,0,2,5,2,3,6,9,7,3,0,2,0,10,6,2,4,3,2,6,3,4,4,1,4,3,1,1,6,3,3,2,0,0,0,0,1,5,1,0,1,5,3,1,3,2,0,2,3,0,0,3,1,0,2,7,5,3,1,12,0,0,3,0,1,1,2,5,6,19,2,4,1,1,2,1,2,2,3,3,0,4,0,1,4,1,0,0,0,0,0,0,3,0,0,0,0,0,0,0,0,5,2,0,0,0,1,2,3,8,1,5,1,2,1,8,0,2,2,0,0,1,4,0,0,3,0,0,0,0,0,0,1,4,0,0,0,2,0,1,1,0,0,2,0,0,0,3,1,0,0,4,2,1,2,0,2,1,1,0,1,9,5,7,752
5,15,17,2,14,18,6,11,3,6,1,0,3,17,6,6,1,5,1,5,1,4,8,2,2,6,6,3,5,5,2,4,5,2,0,5,3,4,5,5,8,5,0,5,1,1,3,3,1,2,6,7,3,2,3,3,1,5,2,1,20,3,3,7,7,1,1,2,3,2,9,1,0,2,10,2,1,9,5,4,0,6,2,5,0,0,3,1,3,1,12,4,4,0,4,7,3,3,2,16,3,2,5,2,3,4,4,2,7,5,1,8,5,1,5,0,2,0,0,3,0,1,4,1,0,0,1,0,0,1,0,1,5,2,1,0,1,3,1,0,0,1,2,3,0,8,2,4,2,9,3,8,0,0,0,0,1,4,0,4,2,12,2,5,5,6,2,0,0,1,3,0,2,4,0,0,2,0,0,0,1,2,3,2,3,0,0,0,0,0,1,0,4,1,0,0,0,0,3,5,3,7,1,4,0,0,2,4,0,0,1,0,0,2,4,0,1,1,0,0,1,1,2,0,5,4,5,0,0,0,0,6,0,0,0,2,0,0,0,3,1,0,0,1,1,0,0,0,0,0,0,1,1,4,8,0,711
5,16,26,4,5,46,2,5,1,2,3,1,4,7,0,6,2,3,0,3,1,0,2,0,3,2,9,1,3,4,2,2,1,1,0,0,2,4,7,2,5,3,0,6,5,1,10,3,2,3,4,7,2,4,3,2,0,0,2,3,21,10,2,10,9,2,2,1,4,5,8,4,2,6,2,0,3,6,3,5,2,2,2,3,2,0,3,1,3,0,4,0,3,2,5,2,1,3,6,7,5,4,9,1,5,3,9,3,2,2,4,8,0,0,2,1,2,1,4,0,6,0,2,6,0,0,0,2,0,2,7,1,0,3,0,2,1,0,0,3,1,0,3,6,2,1,0,1,1,6,4,10,0,2,0,0,0,5,0,4,8,14,0,11,4,4,0,0,0,5,3,0,0,5,5,1,5,0,0,0,1,1,0,0,2,0,0,0,0,0,0,1,0,2,1,0,0,4,4,1,2,5,1,2,0,0,1,3,1,0,0,0,0,1,0,1,6,1,3,0,3,0,0,0,4,2,0,1,0,1,0,5,0,1,0,0,0,0,6,2,0,1,1,1,1,3,2,0,0,1,0,0,2,9,7,1,696
5,17,13,6,11,17,7,5,0,5,4,2,5,5,7,0,1,1,8,5,1,3,2,0,3,5,4,2,4,4,0,2,0,3,0,1,0,9,3,6,1,2,1,4,2,0,0,1,0,4,1,10,1,0,5,1,0,3,0,9,5,1,2,6,1,4,3,3,3,3,8,3,3,3,1,4,2,6,5,5,2,3,5,1,0,3,4,1,1,0,5,0,10,2,5,4,0,1,4,4,2,4,2,3,5,1,7,2,3,2,4,7,5,1,2,0,3,5,6,2,2,5,1,4,0,0,1,0,0,2,2,1,4,1,1,0,0,0,0,2,1,0,1,5,2,3,0,11,3,9,7,4,0,2,0,1,2,4,2,7,7,4,1,0,0,1,1,0,0,3,1,0,3,1,0,1,1,0,0,1,0,0,0,0,4,0,0,0,0,0,0,0,0,0,0,0,0,0,5,5,3,10,1,3,2,2,0,1,0,1,1,0,0,0,2,0,0,0,2,0,0,0,0,1,2,5,0,0,0,1,0,1,1,2,3,0,0,0,0,2,0,1,0,1,2,2,2,0,1,1,0,0,2,5,4,0,587
5,18,13,0,13,16,0,2,0,3,0,1,0,0,0,1,0,1,0,2,1,0,2,2,2,4,1,0,12,2,4,0,3,0,2,1,2,3,0,2,4,1,0,3,0,0,1,0,1,1,5,4,3,3,1,0,2,1,3,2,3,1,2,5,1,3,2,2,1,1,2,1,2,5,3,2,2,5,3,3,1,8,3,0,0,1,1,1,5,2,3,0,1,0,1,1,0,1,5,2,9,2,2,1,6,3,4,1,4,2,4,5,1,1,2,0,3,4,3,1,3,3,0,2,0,1,1,0,0,3,1,1,0,2,2,0,2,0,0,3,1,0,1,3,2,1,2,7,6,4,2,0,1,0,0,0,0,0,3,5,4,1,0,5,0,3,1,3,0,0,1,0,0,3,0,0,0,0,1,0,1,0,0,0,2,0,0,0,0,0,5,0,1,0,0,1,0,0,0,2,1,4,0,3,2,1,0,1,0,0,2,0,0,0,2,0,0,0,0,1,0,4,0,0,1,1,1,0,0,0,0,2,0,2,1,0,0,0,0,3,0,0,0,0,0,6,0,0,0,0,0,0,1,1,7,0,416
5,19,3,0,6,9,3,2,0,0,3,1,1,6,18,1,0,8,2,3,2,0,3,4,1,0,5,0,0,1,0,1,0,1,0,0,0,0,0,2,2,3,0,2,0,1,3,0,1,0,0,5,0,0,1,2,1,2,3,3,4,1,2,7,2,2,2,4,5,0,2,0,1,4,2,0,2,1,3,5,4,11,4,1,1,1,1,2,1,1,5,2,1,0,3,2,2,1,1,3,2,2,0,0,2,3,4,2,2,1,2,9,0,0,3,1,0,6,0,0,0,2,0,0,0,0,0,0,0,2,0,1,0,1,2,0,0,2,0,0,0,0,3,2,1,1,0,4,0,3,0,4,0,1,0,1,0,0,0,6,0,1,0,2,0,0,0,0,0,1,2,1,1,1,0,0,1,0,0,0,0,0,0,1,3,0,0,0,0,0,1,0,0,0,0,1,0,0,0,1,0,2,0,2,1,2,0,1,0,0,0,0,0,2,1,0,4,0,3,1,2,0,0,0,2,3,0,0,0,0,0,0,0,0,0,0,0,0,0,1,1,0,0,0,0,0,0,0,1,0,4,0,1,4,0,0,341
5,20,2,5,8,8,3,3,2,1,0,0,3,6,0,4,0,7,0,3,0,0,3,0,0,0,0,0,1,0,2,1,0,1,0,0,0,3,5,1,1,1,0,1,0,1,1,0,0,1,0,6,2,0,1,0,0,1,2,1,2,0,2,1,2,2,1,0,3,1,0,0,1,3,2,0,1,1,2,0,2,1,2,1,0,0,1,1,0,2,3,0,1,0,3,0,2,0,3,3,2,0,0,0,0,1,0,1,2,1,3,6,0,1,0,0,2,0,3,0,1,4,1,0,0,0,0,0,0,0,4,1,0,0,2,1,2,0,0,1,0,0,1,1,2,0,0,0,1,1,3,1,0,3,0,0,1,0,0,3,2,2,0,1,2,0,0,0,0,0,0,0,1,1,0,0,1,0,0,0,0,1,0,0,4,0,0,0,0,0,0,0,0,0,0,0,0,1,2,2,1,1,1,2,0,2,0,0,0,0,0,0,0,0,0,0,1,0,0,1,0,1,1,0,1,0,0,6,0,0,0,0,0,0,0,0,0,0,0,1,0,1,2,4,0,3,2,0,1,0,1,0,1,3,10,1,264
5,21,1,2,7,7,0,0,0,1,1,1,2,3,3,0,0,0,1,1,0,0,0,1,0,0,0,1,1,0,0,1,3,4,0,3,0,4,0,8,3,2,0,2,2,0,0,4,0,2,0,2,0,1,3,0,0,1,1,1,2,0,1,2,1,0,2,0,3,0,1,1,2,0,1,0,0,1,1,3,1,7,0,0,0,1,1,0,0,0,1,2,0,0,2,0,1,0,5,3,2,2,1,0,0,0,2,0,1,1,4,1,0,0,0,0,1,1,0,0,2,0,0,0,0,0,0,0,0,0,1,0,1,0,1,0,2,0,0,0,0,1,0,2,0,1,0,0,1,0,1,0,0,0,0,0,0,2,0,3,1,0,1,0,0,0,0,0,0,0,1,0,2,2,0,0,1,1,0,0,0,0,0,0,2,0,0,0,0,0,1,0,0,0,0,0,0,0,2,1,0,0,2,4,0,1,1,1,0,0,0,0,0,0,1,0,0,0,1,0,1,0,0,0,4,0,0,0,0,0,1,0,0,0,0,0,0,0,0,5,0,0,0,1,0,1,0,0,1,0,3,0,3,0,2,0,207
5,22,1,4,3,0,0,0,0,2,2,1,2,0,0,0,0,0,0,0,0,0,1,1,0,0,0,0,2,1,1,0,0,0,0,0,1,0,1,1,2,0,0,0,1,0,0,0,1,0,3,1,0,2,0,0,0,0,0,1,0,1,0,2,3,1,0,0,0,1,1,3,0,0,1,0,0,1,2,0,3,4,2,0,1,2,0,1,1,0,11,2,2,0,0,2,1,0,1,1,1,0,1,0,0,3,2,0,1,3,0,6,1,0,2,0,0,1,0,0,0,0,0,0,0,0,0,0,0,0,0,0,3,0,4,0,4,0,0,0,0,0,0,4,0,0,0,0,0,5,1,0,0,0,0,0,0,0,0,0,0,0,1,0,0,0,0,0,0,1,1,0,0,0,0,0,0,0,0,1,0,0,1,0,0,0,0,0,0,0,0,1,0,1,0,0,0,0,2,1,1,0,0,0,0,0,1,0,0,0,0,0,1,0,0,0,0,0,0,0,2,0,4,0,0,1,1,0,0,0,0,0,0,0,2,0,0,0,0,2,0,1,0,0,0,1,2,0,0,0,1,1,2,2,0,2,164
5,23,1,6,6,2,2,3,0,0,1,0,1,1,0,0,0,2,0,3,3,0,1,2,0,1,2,0,1,2,0,1,1,0,0,2,1,0,0,0,3,2,0,0,1,0,0,0,0,0,1,3,0,0,1,1,0,1,2,0,0,0,0,1,0,1,0,1,0,1,0,2,0,1,2,0,0,0,0,1,0,3,0,1,1,0,1,0,2,0,0,0,1,0,0,1,0,0,1,0,0,0,1,0,0,0,3,0,0,0,0,0,0,0,1,0,2,0,1,0,0,1,0,0,0,0,0,0,0,0,1,0,0,0,4,0,0,0,0,0,0,0,0,6,0,0,0,1,0,2,1,1,0,0,0,0,0,0,0,4,2,1,0,0,0,0,0,0,0,0,2,0,0,1,0,0,0,0,0,1,0,0,0,0,1,0,0,0,0,0,1,0,0,0,0,0,0,0,0,0,0,1,0,1,0,1,4,0,0,0,0,0,0,0,0,0,3,0,0,0,0,0,0,0,0,1,4,0,0,0,0,0,0,0,0,0,0,0,0,5,0,0,0,0,0,0,1,0,0,0,1,1,1,1,0,0,144
6,0,1,1,1,3,1,0,0,0,0,2,0,0,0,1,0,1,0,4,0,0,0,0,0,0,0,0,1,0,0,0,0,1,0,0,0,4,1,2,2,0,0,4,0,0,0,0,0,0,0,1,0,2,0,0,0,0,1,0,0,0,0,0,0,0,0,1,0,1,0,0,1,3,0,0,1,0,1,0,1,1,0,0,0,0,0,0,0,1,3,0,0,0,0,0,1,1,1,1,2,1,1,0,0,0,1,0,1,1,0,2,0,0,0,0,0,0,0,0,0,0,0,0,0,0,0,1,0,0,0,0,0,2,3,1,1,0,0,1,0,0,0,4,0,0,0,0,0,2,1,0,0,0,0,0,0,0,0,0,1,0,0,0,0,0,0,0,0,0,0,0,0,0,0,0,0,0,0,0,0,0,0,0,0,0,0,0,0,0,0,0,0,0,0,0,0,0,0,0,0,2,1,0,0,0,0,0,0,0,0,0,0,0,0,0,0,0,0,0,1,0,0,0,0,0,3,0,0,0,0,0,0,0,0,0,0,0,0,2,0,0,0,0,0,3,0,0,1,1,2,0,1,1,2,0,98
6,1,0,0,0,3,0,1,0,2,1,0,0,0,0,0,0,0,0,0,0,0,0,4,0,0,0,0,0,3,0,0,0,0,0,0,0,2,0,0,0,1,0,0,0,0,0,0,0,0,0,1,2,0,1,0,1,0,0,0,0,1,0,0,0,1,1,2,0,0,0,0,1,1,1,0,1,0,0,0,1,0,0,0,0,1,1,1,0,0,1,0,0,0,0,1,3,0,2,0,1,1,0,0,0,0,0,0,0,0,1,3,0,0,0,0,0,0,0,0,0,0,0,0,0,0,0,0,0,0,0,0,1,1,0,0,0,0,0,0,0,0,0,0,0,0,0,2,0,1,0,0,0,0,0,0,0,1,0,0,0,0,0,0,0,0,0,0,0,1,0,0,0,0,1,0,0,0,0,0,0,0,0,0,0,0,0,0,0,0,0,0,0,0,0,0,0,0,0,0,0,0,1,0,0,0,0,0,0,0,0,0,0,0,0,0,0,0,1,0,0,0,0,0,0,0,0,0,0,0,0,0,0,0,0,0,0,0,0,0,0,0,2,2,0,0,0,0,1,0,0,0,0,2,2,0,67
6,2,0,0,0,0,0,0,0,0,0,0,0,0,0,0,0,0,0,0,1,0,0,0,0,1,0,0,0,0,0,0,0,0,0,0,0,0,0,0,0,1,0,0,0,0,0,0,0,0,0,0,0,1,0,1,1,0,0,0,0,0,0,0,0,0,0,0,0,0,0,0,1,2,3,0,0,0,0,0,0,0,0,0,1,0,1,0,0,0,2,0,0,0,0,0,0,0,1,0,0,0,0,0,2,0,1,0,0,0,2,0,0,0,0,0,0,0,0,0,0,0,0,0,0,0,0,0,0,0,0,0,0,0,0,0,0,0,0,0,0,0,0,0,0,0,0,0,1,0,0,1,0,0,0,0,0,0,0,0,0,0,0,0,0,0,0,0,0,0,0,0,0,0,0,0,0,0,0,0,0,0,0,0,0,0,0,0,0,0,0,0,0,0,0,0,0,0,0,0,0,0,0,0,0,0,0,0,0,0,0,0,0,0,0,0,0,0,1,0,1,0,0,0,0,0,0,0,0,0,0,0,0,0,0,0,0,0,1,0,0,0,4,0,0,0,0,0,0,0,0,0,0,2,0,0,33
6,3,0,0,0,0,0,0,0,0,0,0,0,0,0,0,0,0,2,0,0,0,0,0,0,0,0,0,0,0,0,0,0,0,0,0,0,0,0,0,0,0,0,0,0,0,0,0,0,0,1,1,0,0,2,0,0,0,0,0,0,0,0,0,0,0,0,0,0,0,0,0,0,0,0,0,0,0,0,0,1,2,0,0,0,0,0,2,0,0,0,0,0,0,0,0,0,0,0,0,0,1,0,0,0,0,0,0,0,0,0,0,0,0,0,0,0,0,0,0,0,0,0,0,0,1,0,0,0,0,0,0,0,0,0,0,0,0,1,0,0,0,0,0,0,0,0,0,0,0,0,0,0,0,0,0,0,0,0,0,0,0,0,0,0,0,0,0,0,0,0,0,0,1,0,0,0,0,0,0,0,0,0,0,0,0,0,0,0,0,0,0,0,0,0,0,0,0,0,0,0,0,0,1,0,0,0,0,0,0,0,0,0,0,0,0,0,0,0,0,0,0,0,0,0,0,0,0,0,0,0,0,0,0,0,0,0,0,0,1,0,0,0,0,0,0,0,0,0,0,1,0,0,1,1,0,20
6,4,0,0,0,0,0,0,0,0,0,0,0,0,0,0,0,1,0,0,0,0,0,0,0,0,0,0,0,0,0,0,0,0,0,0,0,0,0,0,0,0,0,0,0,0,0,0,0,0,0,0,0,0,0,0,0,0,0,0,0,0,0,0,0,0,0,0,0,0,0,0,0,0,0,0,0,0,0,0,0,0,1,0,0,0,0,0,1,0,0,0,0,0,0,0,0,0,0,0,0,0,0,0,0,0,0,0,1,0,0,2,0,0,0,0,0,0,0,0,0,0,0,0,0,0,0,0,0,0,0,0,0,0,0,0,0,0,0,0,0,0,0,0,0,0,0,0,0,0,0,0,0,0,0,0,0,0,0,0,0,0,0,0,0,0,0,0,0,0,0,0,0,0,0,0,0,0,0,0,0,0,0,0,0,0,0,0,0,0,0,0,0,0,0,0,0,0,0,0,0,0,0,0,0,0,0,0,0,0,0,0,0,0,0,0,0,0,0,0,1,0,0,0,0,0,0,0,0,0,0,0,0,0,0,0,0,0,0,0,0,0,0,0,0,0,0,0,0,0,0,0,1,0,0,0,8
6,5,0,1,0,0,0,0,0,0,1,0,0,0,0,0,0,0,0,0,0,0,0,0,0,0,0,0,0,0,0,0,0,0,0,0,0,0,0,0,6,0,0,0,0,0,0,1,0,0,1,0,0,0,0,0,0,2,1,0,0,0,2,0,0,2,0,0,0,0,0,0,0,1,0,0,0,0,1,0,0,0,0,0,0,0,0,0,0,0,1,0,0,0,0,0,0,1,0,0,0,0,0,0,0,0,0,1,0,0,0,0,0,0,0,0,0,0,0,0,0,0,0,0,0,0,0,0,0,0,0,0,0,0,0,0,0,0,0,0,0,0,0,0,0,0,0,0,0,0,0,0,0,0,0,0,0,0,0,0,0,0,0,0,0,0,0,0,0,0,0,0,0,0,0,0,0,0,0,0,0,0,0,0,0,0,0,0,0,0,0,0,0,0,0,0,0,0,0,0,1,0,0,0,1,0,0,0,0,0,0,0,0,0,0,0,0,0,0,0,0,0,0,0,0,0,0,0,0,0,0,0,0,0,0,0,0,0,0,0,0,0,0,0,0,0,0,0,0,0,0,0,0,0,0,0,24
6,6,0,0,0,1,0,0,0,0,2,0,0,0,0,0,0,0,0,0,3,1,0,0,0,0,1,0,0,0,0,1,0,0,0,0,0,0,0,0,1,2,0,1,1,1,0,0,0,0,0,0,0,0,0,0,0,2,0,0,3,0,1,0,0,1,0,1,1,0,0,0,0,0,0,0,0,0,0,0,0,0,0,0,0,0,0,0,0,0,0,0,0,0,0,0,1,0,0,0,0,0,0,0,0,1,0,0,0,0,4,0,0,0,0,0,0,0,0,0,0,0,0,0,0,0,2,0,0,0,0,0,0,0,0,0,0,0,0,1,0,0,0,0,0,0,0,0,0,0,0,0,0,0,0,0,0,0,0,0,0,1,0,1,0,0,0,0,0,0,0,0,0,0,0,0,0,2,0,0,0,0,0,0,0,0,0,0,0,0,0,0,0,0,0,0,0,0,0,0,0,0,0,0,0,0,0,0,0,0,0,0,0,0,0,0,0,0,0,0,0,0,0,0,0,0,0,0,0,0,0,0,0,0,0,0,0,0,0,0,0,0,0,0,0,0,0,0,0,0,0,0,0,0,0,0,37
6,7,0,1,0,0,0,0,0,1,0,0,3,5,0,1,0,0,1,0,1,0,0,0,0,1,4,0,0,0,0,1,0,0,4,0,0,3,1,1,0,3,1,0,0,2,0,2,0,0,0,0,0,3,0,1,0,0,0,0,1,3,1,0,8,1,1,0,1,1,3,0,0,3,0,0,0,0,1,1,0,0,0,1,0,1,0,0,0,0,1,0,0,0,0,1,0,0,0,0,0,0,0,0,1,1,0,0,0,0,2,1,0,0,0,1,0,1,2,0,0,0,0,0,0,0,0,0,0,0,1,0,0,0,0,0,0,2,0,0,0,0,0,0,0,0,0,1,0,0,1,2,1,0,0,0,0,0,1,0,0,1,0,1,0,2,0,0,0,0,2,0,0,0,0,0,0,0,0,0,0,0,0,0,0,0,0,0,0,1,0,0,0,0,0,0,0,0,0,0,0,1,0,2,1,0,2,0,1,0,0,0,0,0,0,0,0,0,0,0,0,1,0,0,0,0,0,0,1,0,0,0,0,0,0,0,0,0,0,1,0,0,0,0,0,0,0,0,1,1,0,0,2,0,3,0,111
6,8,5,2,3,4,1,1,0,0,1,0,1,3,0,2,0,1,0,0,0,1,0,0,1,0,2,0,0,1,0,1,0,3,0,1,0,0,1,4,5,3,1,0,0,1,1,2,0,5,3,1,0,0,2,2,1,0,4,1,4,0,2,4,1,1,3,0,1,0,8,2,1,1,1,1,0,5,0,1,1,0,1,0,0,0,0,0,1,1,1,0,0,0,1,0,0,0,1,1,1,0,0,4,1,0,2,0,1,1,1,3,0,0,2,1,0,1,2,0,2,0,0,0,0,0,0,0,0,1,0,1,0,1,0,0,2,0,1,0,0,0,0,0,0,1,0,2,0,0,0,0,0,0,0,1,0,0,0,2,1,2,2,3,1,1,0,1,0,0,0,0,0,0,2,0,1,0,0,0,0,2,0,0,1,0,0,0,0,0,1,0,0,2,0,1,0,1,0,4,1,1,0,4,3,1,0,0,0,0,0,0,0,0,1,0,4,0,1,1,0,0,1,0,5,0,1,0,0,0,0,0,0,1,0,0,0,0,0,0,0,0,0,4,0,0,0,0,2,0,3,0,0,0,4,0,213
6,9,11,2,11,5,6,0,0,1,5,0,4,7,3,0,1,4,0,5,0,3,0,1,5,2,2,4,0,1,2,0,1,0,2,3,1,1,2,1,5,2,0,2,2,2,4,5,0,0,1,7,0,2,4,0,0,1,0,0,5,1,2,1,1,1,0,0,0,0,7,2,3,1,1,0,4,3,2,1,0,4,1,0,1,1,2,1,1,1,1,0,1,1,0,1,0,4,3,4,0,1,0,3,1,5,1,4,0,2,2,0,0,1,7,0,0,0,1,1,2,0,0,0,1,0,1,1,3,2,1,1,0,0,0,0,4,0,0,0,1,0,3,2,0,1,2,2,0,0,0,1,2,0,1,2,0,0,0,7,3,3,0,6,2,1,1,1,0,1,0,3,0,0,0,0,0,1,0,0,0,0,0,1,2,0,0,0,0,0,2,0,0,0,0,0,0,2,1,6,2,1,0,0,3,1,0,0,2,2,3,0,0,0,0,0,0,0,2,1,1,0,0,0,0,5,0,3,0,0,1,1,0,0,0,0,0,0,1,0,0,0,0,0,1,0,0,0,0,1,2,0,3,4,24,0,364
6,10,8,1,4,8,4,0,2,3,3,2,7,12,5,2,0,2,1,0,2,1,1,1,2,2,6,2,5,2,5,0,0,2,3,2,1,5,3,5,2,0,1,2,4,5,1,0,9,1,1,15,0,6,5,0,2,0,4,6,1,2,4,4,3,2,1,3,0,1,10,0,2,4,2,2,3,13,2,2,0,1,3,1,1,0,2,1,2,3,10,2,2,1,0,4,5,4,0,5,1,1,1,7,2,1,3,3,5,0,2,10,6,0,0,0,0,2,1,1,1,2,0,1,0,0,3,0,1,1,0,3,2,8,1,0,4,1,0,2,0,0,1,2,0,2,2,1,3,3,4,4,1,4,1,0,0,1,0,5,5,5,4,2,2,3,1,1,0,3,0,0,1,2,1,0,3,2,0,0,0,1,0,0,2,0,0,0,0,0,0,0,2,1,0,1,0,0,3,8,0,2,2,6,1,2,2,0,0,4,1,0,0,0,0,0,0,0,2,0,1,0,0,0,2,1,0,0,1,0,0,1,0,0,0,0,0,0,0,0,0,3,2,0,0,1,1,0,0,0,3,0,1,2,9,0,499
6,11,4,0,3,11,2,1,0,2,2,1,0,9,1,2,0,6,5,5,1,12,3,1,2,3,2,0,2,1,0,2,1,1,2,0,1,1,1,3,4,1,0,6,1,2,1,4,4,2,4,8,5,2,2,2,2,1,4,6,4,4,6,11,8,5,2,1,5,0,10,5,2,6,1,4,4,9,7,1,1,6,3,1,0,2,3,0,0,0,0,2,1,1,3,2,3,0,10,8,2,3,5,6,6,5,4,2,2,1,3,3,0,1,1,0,2,3,3,0,9,1,0,2,0,0,0,0,0,0,1,1,0,1,3,0,3,2,0,1,0,0,3,0,0,0,0,6,4,1,1,5,1,1,1,2,0,2,1,2,5,5,2,4,0,0,0,1,1,2,3,0,0,3,0,2,1,1,0,0,0,3,1,1,2,0,0,0,0,0,0,0,1,0,0,1,0,2,0,1,1,4,1,1,3,2,1,1,1,2,0,0,0,0,3,0,0,0,2,2,1,1,2,0,1,0,3,0,0,0,0,0,0,1,0,0,0,0,0,2,0,0,0,1,2,1,0,0,0,0,2,0,3,7,6,0,500
6,12,4,4,11,25,2,1,3,2,0,0,0,16,2,6,0,6,2,4,0,2,0,1,7,2,6,6,4,4,2,0,4,1,0,1,2,5,8,3,11,3,0,3,1,2,3,0,6,1,3,12,2,0,0,0,4,2,3,1,7,4,4,8,3,3,1,0,4,3,4,4,0,8,1,4,4,4,5,1,4,6,4,4,3,1,2,1,3,0,6,4,2,1,7,6,1,1,1,2,4,0,2,3,0,10,4,0,3,3,5,10,2,2,2,2,2,2,4,3,3,3,1,3,0,2,0,2,1,1,4,2,2,1,3,0,2,0,1,0,1,0,4,3,0,0,5,1,1,4,6,3,0,0,0,1,0,3,1,7,4,6,2,8,3,1,0,0,0,3,1,2,0,1,0,0,1,2,0,0,0,1,0,1,6,0,0,0,0,0,1,1,0,0,1,0,1,1,4,4,3,5,2,3,0,3,2,1,0,2,1,0,0,0,7,0,2,1,0,0,1,0,0,0,2,3,0,2,0,0,0,2,1,1,0,0,3,0,0,2,0,0,0,0,3,0,2,2,0,0,0,1,5,4,6,0,595
6,13,22,8,6,17,3,8,3,1,6,1,1,35,3,3,1,4,5,3,0,2,3,0,2,5,9,1,4,5,3,0,4,0,2,2,3,6,4,3,2,5,1,1,2,2,7,3,6,2,4,10,2,2,1,0,0,0,10,3,8,1,4,4,5,3,0,1,1,2,12,2,4,5,1,3,4,7,7,7,3,9,1,7,0,4,4,1,2,0,6,1,4,4,3,3,3,1,4,4,7,7,3,1,5,3,3,2,0,3,3,3,5,0,2,1,1,2,3,0,0,1,0,1,1,0,2,1,1,1,0,1,5,2,2,0,3,2,2,0,0,0,3,1,2,2,1,1,2,2,5,8,0,0,0,0,3,3,5,5,6,7,1,7,6,0,3,3,0,1,3,1,1,3,1,2,1,0,0,0,0,5,4,0,1,0,0,0,0,0,0,0,2,3,0,0,1,0,1,4,2,5,3,6,1,2,1,2,0,0,0,0,0,0,0,1,1,2,2,1,1,0,0,0,2,3,1,0,0,0,0,0,0,0,0,0,2,1,0,2,0,0,1,0,0,1,1,0,0,0,0,0,2,10,9,0,650
6,14,12,3,18,22,7,1,0,2,0,0,2,14,8,4,3,3,1,11,2,4,2,0,0,2,8,2,1,0,0,1,1,10,1,2,2,3,0,1,6,0,4,4,1,0,4,5,8,1,4,13,4,1,4,2,0,0,5,0,16,5,8,7,7,4,0,0,5,0,11,9,2,2,6,3,4,1,3,5,1,7,1,3,0,0,6,5,4,3,5,4,1,5,2,1,1,4,4,2,4,0,1,1,2,6,7,4,1,0,3,7,1,2,5,0,5,1,5,0,4,1,1,1,0,0,1,0,0,3,1,0,2,4,0,1,2,0,0,0,0,0,3,1,1,2,0,1,7,4,4,10,1,0,2,0,1,0,6,6,8,7,2,7,0,4,1,0,0,0,0,0,2,3,3,0,6,0,0,0,0,1,3,0,1,0,0,0,0,0,1,0,2,3,1,0,1,0,0,4,1,6,4,3,3,0,0,2,1,2,0,0,0,2,1,0,3,4,0,0,1,0,2,0,12,6,0,0,0,0,0,3,0,6,0,0,0,0,0,3,0,0,0,1,0,1,1,0,1,1,0,0,1,2,9,0,643
6,15,13,3,9,13,2,3,0,2,3,2,0,5,9,0,1,8,3,5,2,4,1,0,0,3,1,3,5,2,8,0,1,1,1,2,0,4,4,6,3,2,0,2,3,3,3,9,9,2,2,9,6,2,1,2,0,0,2,3,12,3,6,12,2,2,1,0,5,1,6,2,4,4,9,0,1,7,8,2,1,7,4,3,1,0,7,4,5,2,5,3,2,4,3,5,1,2,2,2,2,5,4,1,1,10,1,4,3,2,5,5,2,2,4,1,1,2,0,0,0,1,3,0,0,1,0,0,1,1,3,0,0,7,4,0,4,1,3,5,0,0,1,2,0,4,0,0,2,4,3,2,1,1,1,2,0,0,5,0,8,6,1,1,1,3,2,0,0,0,3,1,2,0,3,3,1,1,1,0,0,1,1,0,1,1,0,0,0,0,1,0,0,1,0,0,0,1,2,1,4,2,2,3,3,0,1,3,0,5,2,0,0,0,0,1,1,2,0,0,0,0,0,0,7,1,0,0,0,0,0,0,0,1,0,0,0,0,0,9,0,1,0,1,0,1,0,0,2,0,0,0,0,8,3,0,569
6,16,12,2,10,22,1,2,0,5,0,1,4,20,2,5,1,6,2,6,3,3,2,1,0,2,4,3,2,6,2,1,2,0,1,0,1,6,4,6,2,5,3,5,5,1,3,3,5,4,5,8,4,3,7,3,0,2,1,6,10,3,1,6,7,0,4,2,3,2,2,3,2,9,2,3,3,6,4,4,4,7,2,3,2,1,3,1,2,2,7,1,9,4,4,5,2,0,3,3,7,8,0,3,3,4,5,7,1,1,2,10,0,1,3,0,4,6,1,1,1,5,2,0,1,1,0,0,0,7,3,1,6,2,1,0,0,1,0,0,1,0,3,5,1,0,1,8,3,5,4,6,1,0,0,0,2,3,1,7,4,11,1,5,2,8,0,0,0,0,0,0,1,1,0,0,2,0,0,0,0,1,0,1,1,0,0,0,0,0,1,0,0,1,0,0,1,0,1,4,0,3,0,3,0,0,0,5,0,0,2,0,0,0,0,2,1,0,1,0,1,1,1,1,4,2,2,0,0,0,0,0,1,2,0,0,0,0,0,2,0,0,3,0,3,1,0,0,2,1,0,2,1,9,2,0,619
6,17,8,0,10,17,4,2,0,0,4,0,2,10,3,3,0,5,2,7,1,2,1,0,2,2,1,2,3,7,1,1,0,3,2,0,1,2,1,5,4,2,0,4,1,4,1,1,0,3,1,6,1,2,2,1,1,2,6,7,5,2,5,3,9,4,1,5,5,2,3,0,1,3,0,5,1,6,2,2,5,6,3,4,0,2,1,1,0,1,5,0,5,4,5,0,0,2,4,7,3,2,2,2,0,2,1,2,3,2,2,3,1,0,3,1,1,2,2,0,3,1,0,0,0,0,2,0,1,1,0,0,1,3,3,0,1,0,0,0,0,0,1,4,1,2,0,3,1,4,6,1,0,3,2,0,0,0,2,7,2,6,1,2,5,1,1,3,0,1,0,0,1,1,0,0,1,0,0,0,0,2,2,0,2,0,0,0,0,0,0,0,1,0,0,0,0,1,4,0,0,1,0,2,0,2,2,2,0,0,0,0,0,0,0,0,0,0,0,0,0,0,0,1,2,2,0,0,0,0,0,0,0,0,0,0,0,0,0,5,0,0,1,0,1,2,2,0,4,0,0,0,4,8,4,0,451
6,18,11,1,7,8,1,0,1,1,3,0,0,3,1,0,0,1,1,2,4,0,1,2,0,5,0,3,6,0,0,0,0,0,0,0,0,5,1,1,1,2,0,3,0,0,2,0,1,0,2,10,1,1,2,1,2,1,1,3,2,0,4,3,9,3,0,3,2,1,3,0,0,1,5,5,2,1,2,2,0,8,2,2,0,1,3,1,4,0,2,0,1,3,0,4,0,2,2,5,3,1,0,0,2,2,1,6,0,1,5,2,1,1,3,0,4,0,1,2,0,0,0,3,0,0,1,0,0,1,0,1,2,1,1,0,0,0,0,2,1,2,2,4,0,2,2,3,1,5,0,2,0,1,0,1,0,0,0,0,2,1,1,4,0,1,0,0,0,0,0,0,0,0,1,0,0,0,0,0,0,0,1,0,5,0,0,0,0,0,2,0,0,2,0,1,0,2,1,0,0,0,0,2,1,1,1,0,0,0,0,0,1,0,0,0,1,0,0,0,3,0,0,0,5,0,2,0,0,0,0,0,0,1,0,0,0,0,0,1,0,1,3,0,7,0,0,0,7,0,1,0,0,5,4,0,334
6,19,5,0,5,4,5,3,0,0,0,0,0,1,0,3,1,1,0,3,0,0,5,2,0,0,2,0,2,2,1,0,0,3,0,0,0,1,0,2,0,1,0,4,0,0,0,1,1,1,0,9,3,1,1,0,0,1,0,3,5,2,2,6,2,2,1,3,5,0,3,0,0,3,1,2,5,1,4,0,0,10,3,4,0,0,2,0,0,1,2,4,1,0,3,1,0,2,2,3,3,1,0,1,4,0,5,2,0,0,3,3,0,1,1,0,0,0,0,0,0,1,0,2,0,0,0,0,0,0,0,0,3,1,1,0,2,0,0,0,0,0,0,2,0,0,1,3,1,5,2,1,0,0,0,2,0,1,0,3,1,1,1,1,0,2,0,0,0,0,0,0,0,0,0,0,0,0,0,0,0,0,0,0,2,0,0,0,0,0,0,0,0,0,0,0,0,0,0,2,0,2,0,1,0,1,0,0,0,0,0,0,0,0,2,0,0,0,1,0,1,0,0,0,6,3,3,0,0,0,0,0,0,3,0,0,0,1,0,0,0,0,0,0,1,3,1,0,0,2,0,0,1,4,1,0,264
6,20,8,1,0,2,1,3,1,0,0,0,1,1,4,1,0,2,1,1,3,0,0,0,2,0,1,0,4,3,1,1,1,0,0,0,1,1,0,0,1,8,0,0,2,1,1,0,0,1,0,3,0,1,0,1,0,0,0,3,1,0,2,1,2,1,1,3,1,0,2,2,3,0,2,4,2,2,0,1,1,5,5,0,1,2,3,0,2,0,4,0,0,0,4,0,0,1,2,2,6,4,0,1,0,0,1,1,2,1,4,1,0,0,2,0,0,0,0,1,0,1,2,0,0,0,0,1,0,0,0,0,0,3,3,1,0,0,0,0,0,0,1,5,0,0,0,3,0,2,1,1,0,0,0,0,2,0,1,3,0,2,0,1,1,0,2,0,0,0,0,0,0,0,0,0,0,1,0,0,0,0,0,0,1,0,0,1,0,0,1,0,0,0,0,0,0,1,1,1,0,1,1,3,0,0,0,1,0,0,1,0,0,0,0,0,0,0,2,3,0,0,0,0,7,2,1,0,0,0,0,0,0,4,0,0,0,1,0,1,0,0,0,6,5,0,5,0,0,1,5,0,1,5,1,1,254
6,21,0,1,8,4,0,1,0,0,0,1,0,0,1,1,1,0,0,0,2,1,1,1,0,0,0,0,0,1,1,1,0,0,1,0,0,0,5,0,1,4,0,3,1,0,1,0,1,0,0,3,0,0,2,0,1,0,0,0,3,0,1,1,1,1,1,0,1,0,1,1,2,3,1,0,0,1,0,0,0,4,1,0,0,1,0,0,0,2,1,0,4,2,1,4,0,1,0,1,5,1,0,3,0,0,0,2,0,2,0,4,0,0,0,0,0,1,0,0,0,0,0,0,0,0,0,0,0,0,1,1,0,0,0,0,0,0,0,0,0,0,0,0,0,0,2,0,1,1,0,0,0,0,0,0,0,1,0,1,0,3,0,0,0,2,0,0,0,0,5,0,0,0,0,0,0,1,0,0,0,0,0,0,1,0,0,0,0,0,0,0,0,1,0,0,2,0,2,2,0,3,1,3,0,0,0,0,0,0,0,0,0,0,0,0,1,0,2,0,3,0,0,0,2,0,0,0,0,0,0,3,0,0,0,0,0,0,0,1,0,0,2,1,8,1,0,0,1,0,0,0,2,0,0,1,169
6,22,8,0,4,1,1,0,0,0,0,1,0,2,0,0,0,0,0,0,0,0,1,0,0,1,0,0,3,1,1,0,1,0,0,0,0,0,0,0,1,2,0,1,0,1,0,0,0,1,1,5,0,0,0,0,0,0,2,0,2,0,0,0,0,0,0,1,0,0,3,0,3,4,1,0,0,1,0,0,1,1,1,1,1,1,2,0,0,0,0,0,4,0,0,1,0,1,1,1,1,2,0,0,0,0,0,3,0,0,2,0,0,0,0,0,0,0,0,0,0,0,0,0,0,0,0,0,0,0,0,1,0,0,2,0,0,0,0,0,0,0,0,2,0,0,0,0,2,1,0,0,0,0,0,0,0,0,0,3,0,0,0,1,0,0,0,0,0,0,2,0,0,0,0,0,0,0,0,0,0,0,0,0,1,0,0,0,0,0,0,0,0,0,0,0,0,0,0,2,0,3,0,1,0,0,0,0,0,0,0,0,1,0,0,0,2,0,2,0,2,0,0,0,2,3,0,0,0,0,0,0,0,2,0,0,0,0,0,3,0,0,0,0,1,0,0,0,0,0,1,0,0,4,1,0,123
6,23,0,1,2,0,0,0,0,0,0,1,0,0,1,0,0,2,0,3,0,1,1,0,0,1,0,0,0,0,0,1,0,0,0,0,1,1,0,1,2,1,0,0,0,1,0,0,0,0,3,0,1,0,0,0,0,0,0,1,0,0,0,0,1,0,1,0,0,0,0,2,0,0,0,0,1,0,0,2,0,0,1,0,0,1,1,0,0,0,1,0,1,0,0,0,1,0,0,2,0,0,0,0,1,0,1,0,0,0,1,0,0,0,1,0,0,0,0,0,0,0,0,0,0,0,0,0,0,0,0,0,0,0,2,0,0,0,0,0,0,0,0,3,0,0,0,0,0,2,0,0,0,0,0,0,0,0,0,2,1,0,0,0,0,0,0,0,0,0,0,0,0,0,0,0,0,0,0,0,0,0,0,0,0,0,0,0,0,0,0,0,0,0,0,0,0,0,0,0,1,4,0,3,0,0,0,0,0,0,0,0,0,0,0,0,2,0,0,1,0,0,0,0,0,0,0,0,0,0,0,0,0,0,0,0,0,0,0,3,0,0,0,1,0,0,0,0,0,0,0,0,0,0,0,1,71
